SN.,Title,Registration Number,Registration Date,Language,Periodicity,Publisher,Owner,Publication State,Publication District,Action
30001,JIMS JOURNAL OF EDUCATION,DELENG/2018/75361,30-05-2018,English,Half Yearly,DR. AMIT GUPTA,JAGANNATH INTERNATIONAL MANAGEMENT SCHOOL,Delhi,New Delhi,View  registration details for JIMS JOURNAL OF EDUCATION (DELENG/2018/75361)
30002,JIMS JOURNAL OF LAW,DELENG/2018/75362,29-05-2018,English,Half Yearly,DR. AMIT GUPTA,JAGANNATH INTERNATIONAL MANAGEMENT SCHOOL,Delhi,New Delhi,View  registration details for JIMS JOURNAL OF LAW (DELENG/2018/75362)
30003,JIMS JOURNAL OF SCIENCE & TECHNOLOGY,DELENG/2018/75363,30-05-2018,English,Half Yearly,DR. AMIT GUPTA,JAGANNATH INTERNATIONAL MANAGEMENT SCHOOL,Delhi,New Delhi,View  registration details for JIMS JOURNAL OF SCIENCE & TECHNOLOGY (DELENG/2018/75363)
30004,JIMS JOURNAL ON AYUSHYAM,TELTEL/2018/77468,17-06-2019,Telugu,Monthly,VYAGRASWARA LAKSHMI NARASIMHA PRASAD CHERUKURI,JEEYAR INTEGRATIVE MEDICAL SERVICES (JIMS) HOSPITAL,Telangana,Rangareddy,View  registration details for JIMS JOURNAL ON AYUSHYAM (TELTEL/2018/77468)
30005,JIN SUTRA,48729,10-12-1990,Hindi,Fortnightly,MOHAN RATNESH,MOHAN RATNESH,Rajasthan,Jodhpur,View  registration details for JIN SUTRA (48729)
30006,JIN VAYANE,RAJHIN/2011/38676,15-03-2013,Hindi,Monthly,SAMPAT RAJ KOTHARI,SAMPAT RAJ KOTHARI,Rajasthan,Pali,View  registration details for JIN VAYANE (RAJHIN/2011/38676)
30007,JINAGAM,MAHHIN/2006/19598,29-01-2014,Hindi,Monthly,BIJAY KUMAR JAIN,GAYLORD PUBLICATION PVT LTD,Maharashtra,Mumbai,View  registration details for JINAGAM (MAHHIN/2006/19598)
30008,JIND BHASKAR,HARHIN/2016/69995,17-01-2017,Hindi,Daily,MANDEEP SHARMA,D.B. CORP.LTD,Haryana,Panipat,View  registration details for JIND BHASKAR (HARHIN/2016/69995)
30009,JIND KESARI,PUNHIN/2010/34821,16-12-2010,Hindi,Daily,AMIT CHOPRA,PUNJAB KESARI PUBLISHING HOUSE PVT. LTD,Punjab,Jalandhar,View  registration details for JIND KESARI (PUNHIN/2010/34821)
30010,JINDAGI EK PHOOL,MPHIN/2022/82165,19-09-2022,Hindi,Monthly,PRABHA PANDEY,PRABHA PANDEY,Madhya Pradesh,Bhopal,View  registration details for JINDAGI EK PHOOL (MPHIN/2022/82165)
30011,JINDAL GLOBAL LAW REVIEW,DELENG/2018/75835,09-08-2018,English,Half Yearly,SANJIV GOSWAMI,O P JINDAL GLOBAL UNIVERSITY,Delhi,New Delhi,View  registration details for JINDAL GLOBAL LAW REVIEW (DELENG/2018/75835)
30012,"JINDAL HOSPITAL,ADVANCED LAPAROSCOPIC AND INFERTIL",UPBIL/2002/08455,02-12-2002,"English, HINDI",Monthly,DR.SUNIL K.JINDAL,DR.SUNIL K.JINDAL,Uttar Pradesh,Meerut,"View  registration details for JINDAL HOSPITAL,ADVANCED LAPAROSCOPIC AND INFERTIL (UPBIL/2002/08455)"
30013,JINDAL JOURNAL OF BUSINESS RESEARCH,DELENG/2012/46002,29-10-2012,English,Half Yearly,VIVEK MEHRA,O.P.JINDAL GLOBAL UNIVERSITY,Delhi,New Delhi,View  registration details for JINDAL JOURNAL OF BUSINESS RESEARCH (DELENG/2012/46002)
30014,JINDAS,MAHMAR/1997/01460,14-07-2000,Marathi,Weekly,PRAMOD SHRIPAL PANDIT,PRAMOD SHRIPAL PANDIT,Maharashtra,Sangli,View  registration details for JINDAS (MAHMAR/1997/01460)
30015,JINDRAH IMAGES,JKENG/2013/49471,03-05-2013,English,Daily,SHAMBU NATH SHARMA,SHAMBU NATH SHARMA,Jammu and Kashmir,Jammu,View  registration details for JINDRAH IMAGES (JKENG/2013/49471)
30016,JINE KA SHARA,MPHIN/2023/91133,07-08-2025,Hindi,Monthly,NAINA SINGANKAR,NAINA SINGANKAR,Madhya Pradesh,Bhopal,View  registration details for JINE KA SHARA (MPHIN/2023/91133)
30017,JINENDU,68549,20-06-1998,Gujarati,Weekly,DHARMENDRA JINENDRA JAIN,DHARMENDRA JINENDRA JAIN,Gujarat,Ahmedabad,View  registration details for JINENDU (68549)
30018,JINENDU,48393,21-12-1988,Hindi,Fortnightly,JINENDRA KUMAR,JINENDRA KUMAR,Rajasthan,Jaipur,View  registration details for JINENDU (48393)
30019,JINESHWAR VARDHAMAN,DELMUL/2001/05340,20-03-2003,"Hindi, English, Santhali",Monthly,MOHIT NAHATA,MOHIT NAHATA,Delhi,New Delhi,View  registration details for JINESHWAR VARDHAMAN (DELMUL/2001/05340)
30020,JINGAR TIMES,MPHIN/2008/25078,05-08-2008,Hindi,Fortnightly,BHAGWAN DAS DABI,BHAGWAN DAS DABI,Madhya Pradesh,Bhopal,View  registration details for JINGAR TIMES (MPHIN/2008/25078)
30021,JINSHASAN SANDESH,RAJHIN/2019/78398,23-01-2020,Hindi,Fortnightly,MUKESH KUMAR,MUKESH KUMAR,Rajasthan,Jodhpur,View  registration details for JINSHASAN SANDESH (RAJHIN/2019/78398)
30022,JINTUR JAN SAMARTHAK,MAHMAR/2018/75663,25-06-2018,Marathi,Weekly,AKBARUDDIN ZAINULABEDDIN SIDDIQUI,AKBARUDDIN ZAINULABEDDIN SIDDIQUI,Maharashtra,Parbhani,View  registration details for JINTUR JAN SAMARTHAK (MAHMAR/2018/75663)
30023,jinturkhabar,MHMAR/25/A1960,28-07-2025,Marathi,Weekly,sunil nandkishor dayma,sunil nandkishor dayma,Maharashtra,Parbhani,View  registration details for jinturkhabar (MHMAR/25/A1960)
30024,JINVAR VANI,MAHHIN/2005/16984,27-07-2006,Hindi,Monthly,KAILASH CHAND JAIN,SHRI KHANDELWAL DIGAMBER JAIN SABHA,Maharashtra,Mumbai,View  registration details for JINVAR VANI (MAHHIN/2005/16984)
30025,JINVAYNAM,RAJHIN/2016/70034,15-03-2017,Hindi,Monthly,SAMPAT RAJ KOTHARI,JINVAYNE PARMARTH SAHITYA PRAKASHAN,Rajasthan,Pali,View  registration details for JINVAYNAM (RAJHIN/2016/70034)
30026,JINWANI,3653,17-11-2011,Hindi,Monthly,VINAYCHAND DAGA,SAMYAGYAN PRACHARAK MANDAL,Rajasthan,Jaipur,View  registration details for JINWANI (3653)
30027,JIO NEWSTAMIL,TNTAM/25/A4806,05-12-2025,Tamil,Fortnightly,M UDHAYA SINGH,M UDHAYA SINGH,Tamil Nadu,Madurai,View  registration details for JIO NEWSTAMIL (TNTAM/25/A4806)
30028,JIO WORLD,MAHMUL/2017/73646,01-11-2017,"English, Gujarati, Hindi",Monthly,PRATAP JAIN,JAIN INTERNATIONAL ORGANISATION,Maharashtra,Mumbai,View  registration details for JIO WORLD (MAHMUL/2017/73646)
30029,JISARAT TIMES,KARURD/2015/62074,22-05-2015,Urdu,Weekly,MOHAMMAD ASHFAQUE SIDDIQUI,MOHAMMAD ASHFAQUE SIDDIQUI,Karnataka,Belgaum,View  registration details for JISARAT TIMES (KARURD/2015/62074)
30030,JITENDRA SAMAY,MPHIN/2016/69710,03-01-2017,Hindi,Monthly,JITENDRA NARWARE,JITENDRA NARWARE,Madhya Pradesh,Bhopal,View  registration details for JITENDRA SAMAY (MPHIN/2016/69710)
30031,JITENDRA VANI,MPHIN/2015/65402,04-01-2016,Hindi,Weekly,JITENDRA MEENA,JITENDRA MEENA,Madhya Pradesh,Bhopal,View  registration details for JITENDRA VANI (MPHIN/2015/65402)
30032,JITENDRA VANI,MPHIN/2021/81677,18-07-2022,Hindi,Monthly,JITENDRA MEENA,JITENDRA MEENA,Madhya Pradesh,Bhopal,View  registration details for JITENDRA VANI (MPHIN/2021/81677)
30033,JITNE MUH UTNI BAATE,MPHIN/2021/82267,03-10-2022,Hindi,Monthly,GEETANJALI PAL,GEETANJALI PAL,Madhya Pradesh,Bhopal,View  registration details for JITNE MUH UTNI BAATE (MPHIN/2021/82267)
30034,JIVA SENA SAMACHAR,MAHMAR/2012/42482,25-05-2012,Marathi,Monthly,GOVIND PURBAJI PIMPALGAONKAR,GOVIND PURBAJI PIMPALGAONKAR,Maharashtra,Thane,View  registration details for JIVA SENA SAMACHAR (MAHMAR/2012/42482)
30035,JIVA SHIVA,16832,10-02-1968,Marathi,Weekly,BHAGWAN KRISHNAJI MORE,BHAGWAN KRISHNAJI MORE,Maharashtra,Solapur,View  registration details for JIVA SHIVA (16832)
30036,JIVADAYA,39827,01-01-1982,Gujarati,Monthly,YOGESH AMICHAND JHAVERI,THE BOMBAY HUMANITARIAN LEAGUE,Maharashtra,Mumbai,View  registration details for JIVADAYA (39827)
30037,JIVAN DAN DHARA,47040,,English,Annual,,,Maharashtra,Amravati,View  registration details for JIVAN DAN DHARA (47040)
30038,JIVAN DAYANI,UPHIN/2005/21858,27-11-2007,Hindi,Quarterly,GAURAV SHARMA,GAURAV SHARMA,Uttar Pradesh,Bijnor,View  registration details for JIVAN DAYANI (UPHIN/2005/21858)
30039,JIVAN DHARA,GUJGUJ/2010/34345,16-11-2010,Gujarati,Weekly,HITESHKUMAR NARENDRAKUMAR MEHTA,HITESHKUMAR NARENDRAKUMAR MEHTA,Gujarat,Surat,View  registration details for JIVAN DHARA (GUJGUJ/2010/34345)
30040,Jivan ka Satyabodh,MHHIN/26/A6049,25-07-2026,Hindi,Monthly,Jitendra Singh,Jitendra Singh,Maharashtra,Palghar,View  registration details for Jivan ka Satyabodh (MHHIN/26/A6049)
30041,JIVAN KI JANG,MPHIN/2022/83586,16-03-2023,Hindi,Quarterly,ROSHNI,ROSHNI,Madhya Pradesh,Bhopal,View  registration details for JIVAN KI JANG (MPHIN/2022/83586)
30042,JIVAN NEWS & VIEWS OF JESUITS IN INDIA,GUJENG/2001/05676,14-01-2002,English,Monthly,K T METHEW SJ,GUJARAT SAHITYA PRAKASH SOCIETY TRUST,Gujarat,Anand,View  registration details for JIVAN NEWS & VIEWS OF JESUITS IN INDIA (GUJENG/2001/05676)
30043,JIVAN RAS,DELHIN/2014/59473,09-01-2015,Hindi,Monthly,MURALIDHAR SINGH,MURALIDHAR SINGH,Delhi,New Delhi,View  registration details for JIVAN RAS (DELHIN/2014/59473)
30044,JIVAN SANDHYA,GUJGUJ/2023/88188,25-07-2024,GUJARATI,Fortnightly,KAJALBEN ANUPBHAI NAGVADIYA,KAJALBEN ANUPBHAI NAGVADIYA,Gujarat,Ahmedabad,View  registration details for JIVAN SANDHYA (GUJGUJ/2023/88188)
30045,JIVAN SANMARG,6412,07-03-1962,Gujarati,Monthly,KASHMIRABEN R. CHRISTIAN,THE CHRISTIAN & MISSIONARY ALLIANCE OF INDIA (GUJARAT SYNOD),Gujarat,Ahmedabad,View  registration details for JIVAN SANMARG (6412)
30046,JIVAN SATSANG,GUJGUJ/2015/65691,21-01-2016,Gujarati,Monthly,DAFDA DHARMSHI BHANABHAI,DAFDA DHARMSHI BHANABHAI,Gujarat,Ahmedabad,View  registration details for JIVAN SATSANG (GUJGUJ/2015/65691)
30047,JIVAN SETU,GUJGUJ/2011/39918,09-12-2011,Gujarati,Weekly,METIYA MAHESH TRIKAMBHAI,METIYA MAHESH TRIKAM BHAI,Gujarat,Mahesana,View  registration details for JIVAN SETU (GUJGUJ/2011/39918)
30048,JIVAN SHANTI,GUJHIN/2021/84630,29-05-2023,Hindi,Weekly,HIRENBHAI HASMUKHBHAI GAMIT,HIRENBHAI HASMUKHBHAI GAMIT,Gujarat,Surat,View  registration details for JIVAN SHANTI (GUJHIN/2021/84630)
30049,JIVAN UTSAV,GUJGUJ/2010/37763,09-06-2011,Gujarati,Monthly,VRAJLAL KURAJIBHAI PITHADIA,VRAJLAL KURAJIBHAI PITHADIA,Gujarat,Rajkot,View  registration details for JIVAN UTSAV (GUJGUJ/2010/37763)
30050,JIVAN VAIBHAV,45215,27-01-1987,Hindi,Quarterly,PREMLATA PANDEY,PREMLATA PANDEY,Madhya Pradesh,Bhopal,View  registration details for JIVAN VAIBHAV (45215)
30051,JIVAN VIKAS,9424,11-09-1956,Marathi,Monthly,Swami Raghavendrananda,THE TRUSTEES OF RAMAKRISHNA MATH,Maharashtra,Nagpur,View  registration details for JIVAN VIKAS (9424)
30052,JIVANA UDAYA,APTEL/2023/87601,20-06-2024,TELUGU,Daily,KAMATHAM POLAIAH,KAMATHAM POLAIAH,Andhra Pradesh,Chittoor,View  registration details for JIVANA UDAYA (APTEL/2023/87601)
30053,JIVANDATA,MAHMAR/1998/01048,19-05-2000,Marathi,Weekly,MEENA RAMCHANDRA WADHONKAR,MEENA RAMCHANDRA WADHONKAR,Maharashtra,Amravati,View  registration details for JIVANDATA (MAHMAR/1998/01048)
30054,Jivant Chitran,CTHIN/25/A5309,19-12-2025,Hindi,Monthly,Omprakash Mishra,Omprakash Mishra,Chhattisgarh,Raipur,View  registration details for Jivant Chitran (CTHIN/25/A5309)
30055,jivant tecnologi,MPHIN/25/A1580,03-07-2025,Hindi,Monthly,priyanka,priyanka,Madhya Pradesh,Betul,View  registration details for jivant tecnologi (MPHIN/25/A1580)
30056,JIVDANI TIMES,MAHMAR/2014/59608,16-01-2015,Marathi,Weekly,POURNIMA UMESH TARE,POURNIMA UMESH TARE,Maharashtra,Thane,View  registration details for JIVDANI TIMES (MAHMAR/2014/59608)
30057,JIVDAYA SANDESH,GUJGUJ/2014/55922,16-06-2014,Gujarati,Weekly,OZA RAJENDRA BHANUSHAKAR,OZA RAJENDRA BHANUSHAKAR,Gujarat,Bhavnagar,View  registration details for JIVDAYA SANDESH (GUJGUJ/2014/55922)
30058,JIVHALA,MAHMAR/2013/59300,29-12-2014,Marathi,Weekly,SUNANDA MADHUKAR DHAWALE,SUNANDA MADHUKAR DHAWALE,Maharashtra,Buldhana,View  registration details for JIVHALA (MAHMAR/2013/59300)
30059,JIVIKA TODAY,MPHIN/2014/59293,29-12-2014,Hindi,Weekly,ARCHANA BAGHARE,ARCHANA BAGHARE,Madhya Pradesh,Bhopal,View  registration details for JIVIKA TODAY (MPHIN/2014/59293)
30060,JIVIKA TODAY,MPHIN/2012/47363,25-09-2013,Hindi,Monthly,ARCHANA BAGHARE,ARCHANA BAGHARE,Madhya Pradesh,Bhopal,View  registration details for JIVIKA TODAY (MPHIN/2012/47363)
30061,JIVNACHI BHAKAR,MAHMAR/2017/74337,01-01-2018,Marathi,Monthly,RAJESH PITAR KARDAK,RAJESH PITAR KARDAK,Maharashtra,Ahilyanagar,View  registration details for JIVNACHI BHAKAR (MAHMAR/2017/74337)
30062,JIWAN CHAKRA,MAHMAR/2010/32169,06-05-2010,Marathi,Daily Evening,JAIMALA PANDURANG PANDE,MILIND VISHRAM PAUNIPAGAR,Maharashtra,Nagpur,View  registration details for JIWAN CHAKRA (MAHMAR/2010/32169)
30063,JIWAN KRANTI TIMES,PUNHIN/2006/20090,12-11-2009,Hindi,Monthly,ASHWANI KUMAR JOSHI,ASHWANI KUMAR JOSHI,Punjab,Shahid Bhagat Singh Nagar,View  registration details for JIWAN KRANTI TIMES (PUNHIN/2006/20090)
30064,JIWAN LEHAR,PUNPUN/2017/74086,06-12-2017,PUNJABI,Monthly,PARMODH KUMAR,PARMODH KUMAR,Punjab,Jalandhar,View  registration details for JIWAN LEHAR (PUNPUN/2017/74086)
30065,JIWAN SANGINI,RAJHIN/2005/14547,16-05-2005,Hindi,Monthly,SHYAM DUBE,SHYAM DUBEY,Rajasthan,Jaipur,View  registration details for JIWAN SANGINI (RAJHIN/2005/14547)
30066,JIWAN SPHURTI,MAHMAR/2005/19636,16-05-2007,Marathi,Weekly,SOW. GAMGASAGAR DHARAJI BHUSARE,GANGASAGER DHARAJI BHUSARE,Maharashtra,Parbhani,View  registration details for JIWAN SPHURTI (MAHMAR/2005/19636)
30067,JIWAN VISTAR,MPHIN/2016/72757,26-07-2017,Hindi,Monthly,KALPANA PAKHALE,KALPANA PAKHALE,Madhya Pradesh,Bhopal,View  registration details for JIWAN VISTAR (MPHIN/2016/72757)
30068,JIWANJOT SAVERA,PUNHIN/2015/63336,20-07-2015,Hindi,Monthly,Sahil,SARV SANJHA RUHANI MISSION,Punjab,Jalandhar,View  registration details for JIWANJOT SAVERA (PUNHIN/2015/63336)
30069,JIYARAT NEWS,UPHIN/2021/82841,22-11-2022,Hindi,Weekly,SHAKEEL KHAN,SHAKEEL KHAN,Uttar Pradesh,Meerut,View  registration details for JIYARAT NEWS (UPHIN/2021/82841)
30070,JIYE SINDH,MAHBIL/2020/81419,21-04-2022,"Sindhi, Hindi",Monthly,RAJESH SWAMNANI,RAJESH SWAMNANI,Maharashtra,Nagpur,View  registration details for JIYE SINDH (MAHBIL/2020/81419)
30071,JIYO AUR JEENE DO,68102,24-03-1998,Hindi,Fortnightly,SAYYED FAROOQUE INAMDAR,SAYYED FAROOQUE INAMDAR,Maharashtra,Solapur,View  registration details for JIYO AUR JEENE DO (68102)
30072,JIYO NEWS,UPHIN/2021/90594,03-04-2025,Hindi,Daily,KIRAN SINGH,KIRAN SINGH,Uttar Pradesh,Ghazipur,View  registration details for JIYO NEWS (UPHIN/2021/90594)
30073,JIYO NEWS,UPHIN/2014/59234,26-12-2014,Hindi,Weekly,KIRAN SINGH,KIRAN SINGH,Uttar Pradesh,Ghazipur,View  registration details for JIYO NEWS (UPHIN/2014/59234)
30074,JK RESEARCH JOURNAL IN MATHEMATICS AND COMPUTER SCIENCES,JKENG/2018/75579,20-06-2018,English,Quarterly,DR. ASGAR HASSAN SAMOON,"HIGHER EDUCATION DEPARTMENT, GOVT. OF J&K",Jammu and Kashmir,Jammu,View  registration details for JK RESEARCH JOURNAL IN MATHEMATICS AND COMPUTER SCIENCES (JKENG/2018/75579)
30075,JK DATE LINE,JKENG/1990/17045,04-08-2006,English,Daily,SUBHASH SHARMA,SUBHASH SHARMA,Jammu and Kashmir,Jammu,View  registration details for JK DATE LINE (JKENG/1990/17045)
30076,JK INSIDER NEWS,JKBIL/26/A4998,11-06-2026,"English, Urdu",Weekly,Ikhlaq Hussain,Ikhlaq Hussain,Jammu and Kashmir,Poonch,View  registration details for JK INSIDER NEWS (JKBIL/26/A4998)
30077,JK KNOWLEDGE INITIATIVE,JKENG/2017/74073,05-12-2017,English,Quarterly,DR. ASGAR HASSAN SAMOON,"HIGHER EDUCATION DEPARTMENT, GOVT. OF J&K",Jammu and Kashmir,Srinagar,View  registration details for JK KNOWLEDGE INITIATIVE (JKENG/2017/74073)
30078,JK NEWS NETWORK,JKMUL/2009/27761,22-10-2013,"English, Urdu, Hindi",Fortnightly,NISHA VERMA,NISHA VERMA,Jammu and Kashmir,Jammu,View  registration details for JK NEWS NETWORK (JKMUL/2009/27761)
30079,JK PANORAMA,JKBIL/2015/65517,08-01-2016,"English, Urdu",Monthly,YASMEEN ARA,YASMEEN ARA,Jammu and Kashmir,Badgam,View  registration details for JK PANORAMA (JKBIL/2015/65517)
30080,JK Prime News Wave,JKENG/26/A2233,06-04-2026,English,Monthly,Rehana Shahzad,Rehana Shahzad,Jammu and Kashmir,Baramula,View  registration details for JK Prime News Wave (JKENG/26/A2233)
30081,JK ZAHOOR,JKBIL/2016/69982,18-01-2017,"English, Urdu",Weekly,ZAHOOR AHMAD BHAT,ZAHOOR AHMAD BHAT,Jammu and Kashmir,Srinagar,View  registration details for JK ZAHOOR (JKBIL/2016/69982)
30082,JKB TIMES,MPHIN/2019/87257,14-05-2024,Hindi,Monthly,MOHD.QURBAN,MOHD.QURBAN,Madhya Pradesh,Bhopal,View  registration details for JKB TIMES (MPHIN/2019/87257)
30083,JKB TIMES,MPHIN/2015/63532,01-08-2015,Hindi,Daily,MOHD. QURBAN,MOHD.QURBAN,Madhya Pradesh,Bhopal,View  registration details for JKB TIMES (MPHIN/2015/63532)
30084,JMB NEWS,UPHIN/2016/66141,11-02-2016,Hindi,Daily,SUNIL KUMAR,SUNIL KUMAR,Uttar Pradesh,Gautam Buddha Nagar,View  registration details for JMB NEWS (UPHIN/2016/66141)
30085,JMD MEDI HEALTH JOURNALS,RAJBIL/2010/54082,20-01-2014,"English, HINDI",Fortnightly,RINKU JAISWAL,RINKU JAISWAL,Rajasthan,Jaipur,View  registration details for JMD MEDI HEALTH JOURNALS (RAJBIL/2010/54082)
30086,JNAN BICHITRA,37786,22-03-1982,English,Monthly,DEBANANDA DAM,DEBANANDA DAM,Tripura,West Tripura,View  registration details for JNAN BICHITRA (37786)
30087,JNAN O BIJNAN,8659,14-02-1984,Bengali,Monthly,DULAL CHANDRA PATRA,BANGIYA BIJNAN PARISHAD,West Bengal,Kolkata,View  registration details for JNAN O BIJNAN (8659)
30088,JNANA CHETHANA,KNKAN/26/A2006,25-03-2026,Kannada,Daily,Chethan Kumar M R,Chethan Kumar M R,Karnataka,Hassan,View  registration details for JNANA CHETHANA (KNKAN/26/A2006)
30089,JNANA PRABHA,KNKAN/26/A6632,11-08-2026,Kannada,Fortnightly,H. R. Srinivas,H. R. Srinivas,Karnataka,Hassan,View  registration details for JNANA PRABHA (KNKAN/26/A6632)
30090,JNANA SAGARA,KARKAN/2023/88272,02-08-2024,KANNADA,Monthly,Latha J,Latha J,Karnataka,Bengaluru,View  registration details for JNANA SAGARA (KARKAN/2023/88272)
30091,JNANA SANGATI,KARBIL/2014/55680,24-05-2014,"English, Kannada",Monthly,RENUKA LAXMAN UPPAR,SPARDHA SPOORTI PUBLISHERS & PRINTERS PVT. LTD.,Karnataka,Dharwad,View  registration details for JNANA SANGATI (KARBIL/2014/55680)
30092,JNANAAKHANDA SOORYAPATRIKA,APTEL/25/A3189,14-10-2025,Telugu,Daily,VANGAPATI SUREKHA,VANGAPATI SUREKHA,Andhra Pradesh,Bapatla,View  registration details for JNANAAKHANDA SOORYAPATRIKA (APTEL/25/A3189)
30093,JNANAVARSHA,KARKAN/2020/78918,24-09-2020,Kannada,Daily,M.P. VISHWA,M.P. VISHWA,Karnataka,Mandya,View  registration details for JNANAVARSHA (KARKAN/2020/78918)
30094,JNANAVARTA REVIEW,MHMUL/26/A6890,14-08-2026,"English, Hindi, Marathi",Bimonthly (Once in two months),SANDESH DADARAO PAHULKAR,EAGLE LEAP PRINTERS AND PUBLISHER PRIVATE LIMITED,Maharashtra,Pune,View  registration details for JNANAVARTA REVIEW (MHMUL/26/A6890)
30095,Jnanavijnanajyotsna,ORMUL/25/A4780,05-12-2025,"Sanskrit, Hindi, English",Bi-Annual,SOMANATH DASH,SOMANATH DASH,Odisha,Puri,View  registration details for Jnanavijnanajyotsna (ORMUL/25/A4780)
30096,JNANBARTA SADHANMARG,WBBEN/2012/46317,09-11-2012,Bengali,Fortnightly,SUCHISMITA SENGUPTA,JNANBARTA FOUNDATION,West Bengal,North 24 Parganas,View  registration details for JNANBARTA SADHANMARG (WBBEN/2012/46317)
30097,JO MAINE DEKHA,31340,20-09-1978,Hindi,Weekly,VIRENDER KUMAR BHATNAGAR,VIRENDER KUMAR BHATNAGAR,Rajasthan,Jaipur,View  registration details for JO MAINE DEKHA (31340)
30098,JOB & TENDERS,DELBIL/2004/13785,03-01-2005,"English, HINDI",Weekly,K.P.SHARMA,K.P. SHARMA,Delhi,New Delhi,View  registration details for JOB & TENDERS (DELBIL/2004/13785)
30099,JOB ALERT,MPBIL/2017/74448,17-01-2018,"English, HINDI",Weekly,ASHUTOSH MAHESHWARI,ASHUTOSH MAHESHWARI,Madhya Pradesh,Gwalior,View  registration details for JOB ALERT (MPBIL/2017/74448)
30100,JOB EXPRESS,54841,05-10-1992,English,Weekly,,,,,View  registration details for JOB EXPRESS (54841)
30101,JOB GUIDE,DELBIL/2003/10677,04-09-2003,"English, HINDI",Weekly,SUMI SHARMA,SUMI SHARMA,Delhi,New Delhi,View  registration details for JOB GUIDE (DELBIL/2003/10677)
30102,JOB GUIDE LINES,42787,09-01-1989,Tamil,Monthly,G ASHOKAN,G. ASOKAN,Tamil Nadu,Chennai,View  registration details for JOB GUIDE LINES (42787)
30103,JOB HI JOB,MPHIN/2016/74914,06-06-2018,Hindi,Weekly,KRISHNA KUMAR VISHWAKARMA,KRISHNA KUMAR VISHWAKARMA,Madhya Pradesh,Jabalpur,View  registration details for JOB HI JOB (MPHIN/2016/74914)
30104,JOB OFFER,PONBIL/2016/66266,02-03-2016,"English, Tamil",Twice a week,DEVAKRISHNAN K.,DEVAKRISHNAN .K,Puducherry,Puducherry,View  registration details for JOB OFFER (PONBIL/2016/66266)
30105,JOB OFFER,PONBIL/2014/58851,10-12-2014,"English, Tamil",Weekly,DEVAKRISHNAN .K,DEVAKRISHNAN .K,Puducherry,Puducherry,View  registration details for JOB OFFER (PONBIL/2014/58851)
30106,JOB QUEST,JKENG/2007/22030,22-10-2013,English,Weekly,BIRBAL SINGH,BIRBAL SINGH,Jammu and Kashmir,Jammu,View  registration details for JOB QUEST (JKENG/2007/22030)
30107,JOB TALKS,TNBIL/2012/47055,17-12-2012,"English, Tamil",Fortnightly,J. SERMARAJAN,J. SERMA RAJAN,Tamil Nadu,Chennai,View  registration details for JOB TALKS (TNBIL/2012/47055)
30108,JOBS & EDUCATION NEWS,MPBIL/2014/60315,19-02-2015,"English, HINDI",Weekly,ANSHIK HANDA,ANSHIK HANDA,Madhya Pradesh,Indore,View  registration details for JOBS & EDUCATION NEWS (MPBIL/2014/60315)
30109,JODHANA EXPRESS,RAJHIN/2016/68144,02-08-2016,Hindi,Daily,RAJARAM CHAUDHARY,RAJARAM CHAUDHARY,Rajasthan,Jalor,View  registration details for JODHANA EXPRESS (RAJHIN/2016/68144)
30110,JODHANA EXPRESS,RAJHIN/2021/86308,02-02-2024,Hindi,Fortnightly,RAJARAM CHAUDHARY,RAJARAM CHAUDHARY,Rajasthan,Sirohi,View  registration details for JODHANA EXPRESS (RAJHIN/2021/86308)
30111,JODHANA EXPRESS,RAJHIN/2013/52188,24-09-2013,Hindi,Daily,RAJA RAM CHOUDHARY,RAJA RAM CHOUDHARY,Rajasthan,Jodhpur,View  registration details for JODHANA EXPRESS (RAJHIN/2013/52188)
30112,JODHANA EXPRESS,RAJHIN/2021/86309,02-02-2024,Hindi,Fortnightly,RAJARAM CHAUDHARY,RAJARAM CHAUDHARY,Rajasthan,Pali,View  registration details for JODHANA EXPRESS (RAJHIN/2021/86309)
30113,JODHANA EXPRESS,RAJHIN/2021/86815,05-04-2024,Hindi,Daily,RAJARAM CHAUDHARY,RAJARAM CHAUDHARY,Rajasthan,Sirohi,View  registration details for JODHANA EXPRESS (RAJHIN/2021/86815)
30114,JODHANA EXPRESS,RAJHIN/2009/32567,14-02-2013,Hindi,Weekly,RAJA RAM CHOUDHARY,RAJA RAM CHOUDHARY,Rajasthan,Jodhpur,View  registration details for JODHANA EXPRESS (RAJHIN/2009/32567)
30115,JODHANA ROYALS TODAY,RAJHIN/2013/55494,01-05-2014,Hindi,Weekly,RAJARAM CHOUDHARY,RAJARAM CHOUDHARY,Rajasthan,Jodhpur,View  registration details for JODHANA ROYALS TODAY (RAJHIN/2013/55494)
30116,JODHANA TIGER TIMES,RAJHIN/2021/87838,08-07-2024,HINDI,Daily,RAJARAM CHOUDHARY,RAJARAM CHOUDHARY,Rajasthan,Sirohi,View  registration details for JODHANA TIGER TIMES (RAJHIN/2021/87838)
30117,JODHANA TIGER TIMES,RAJHIN/2013/57648,10-10-2014,Hindi,Daily,RAJA RAM CHOUDHARY,RAJARAM CHOUDHARY,Rajasthan,Jodhpur,View  registration details for JODHANA TIGER TIMES (RAJHIN/2013/57648)
30118,JODHANA TIGER TIMES,RAJHIN/2021/91059,16-07-2025,Hindi,Fortnightly,RAJARAM CHOUDHARY,RAJARAM CHOUDHARY,Rajasthan,Sirohi,View  registration details for JODHANA TIGER TIMES (RAJHIN/2021/91059)
30119,JODHPUR AAJ TAK,RAJHIN/2009/31407,17-03-2010,Hindi,Daily,VIJAY PAREEK,VIJAY PAREEK,Rajasthan,Jodhpur,View  registration details for JODHPUR AAJ TAK (RAJHIN/2009/31407)
30120,JODHPUR EXPRESS,RAJHIN/2015/64136,11-09-2015,Hindi,Daily,SURESH PAREEK,SURESH PAREEK,Rajasthan,Jodhpur,View  registration details for JODHPUR EXPRESS (RAJHIN/2015/64136)
30121,JODHPUR HERALD,RAJHIN/2013/57691,13-10-2014,Hindi,Weekly,HANUMAN RAM MANDAR,HANUMAN RAM MANDAR,Rajasthan,Jodhpur,View  registration details for JODHPUR HERALD (RAJHIN/2013/57691)
30122,JODHPUR INFO MAGAZINE,RAJHIN/2012/43293,22-06-2012,Hindi,Monthly,VINOD SHARMA,VINOD SHARMA,Rajasthan,Jodhpur,View  registration details for JODHPUR INFO MAGAZINE (RAJHIN/2012/43293)
30123,JODHPUR JAGAT,RAJHIN/2011/46074,04-10-2013,Hindi,Daily,SANTOSH SANGA,SANTOSH SANGA,Rajasthan,Jodhpur,View  registration details for JODHPUR JAGAT (RAJHIN/2011/46074)
30124,JODHPUR JAGAT,RAJHIN/2005/17086,27-08-2006,Hindi,Weekly,SANTOSH SANGA,SANTOSH SANGA,Rajasthan,Jodhpur,View  registration details for JODHPUR JAGAT (RAJHIN/2005/17086)
30125,Jodhpur Kee Aavaaj,RJHIN/26/A1469,27-02-2026,Hindi,Weekly,JITENDER ACHARYA,JITENDER ACHARYA,Rajasthan,Jodhpur,View  registration details for Jodhpur Kee Aavaaj (RJHIN/26/A1469)
30126,JODHPUR KESHRI,48489,07-01-2014,Hindi,Weekly,NARESH KUMAR ARORA,NARESH KUMAR ARORA,Rajasthan,Jodhpur,View  registration details for JODHPUR KESHRI (48489)
30127,JODHPUR KHOJ,56343,15-09-1993,Hindi,Weekly,ASHOK KUMAR GEHLOT,RAJU RAM AHELAWAT,Rajasthan,Jodhpur,View  registration details for JODHPUR KHOJ (56343)
30128,JODHPUR KRANTIKAAL,RAJHIN/2000/02178,31-10-2000,Hindi,Fortnightly,HIMALAYA MUTHA,HIMALAYA MUTHA,Rajasthan,Jodhpur,View  registration details for JODHPUR KRANTIKAAL (RAJHIN/2000/02178)
30129,JODHPUR METRO TIMES,RAJHIN/2012/53594,17-12-2013,Hindi,Weekly,KARAN SANGA,KARAN SANGA,Rajasthan,Jodhpur,View  registration details for JODHPUR METRO TIMES (RAJHIN/2012/53594)
30130,JODHPUR MID DAY SHANTIDOOT,RAJHIN/2016/67344,03-06-2016,Hindi,Daily,SATISH HEDAU,SATISH HEDAU,Rajasthan,Jodhpur,View  registration details for JODHPUR MID DAY SHANTIDOOT (RAJHIN/2016/67344)
30131,JODHPUR NATIONAL UNIVERSITY TIMES,RAJBIL/2013/54116,21-01-2014,"English, HINDI",Monthly,P.K. DEY,JODHPUR NATIONAL UNIVERSITY,Rajasthan,Jodhpur,View  registration details for JODHPUR NATIONAL UNIVERSITY TIMES (RAJBIL/2013/54116)
30132,JODHPUR PLUS,RAJENG/2008/23166,07-01-2013,English,Weekly,Hitesh Harilal Budhbhatti,"BENNETT, COLEMAN & CO.LTD",Rajasthan,Jaipur,View  registration details for JODHPUR PLUS (RAJENG/2008/23166)
30133,JODHPUR SAMACHAR,48416,12-12-2005,Hindi,Fortnightly,HARI PRAKASH MATHUR,HARI PRAKASH MATHUR,Rajasthan,Jodhpur,View  registration details for JODHPUR SAMACHAR (48416)
30134,JODHPUR TIMES,35139,05-02-2010,Hindi,Weekly,DINESH RAJPUROHIT,DINESH RAJPUROHIT,Rajasthan,Jodhpur,View  registration details for JODHPUR TIMES (35139)
30135,JODHPUR TODAY,RAJHIN/2011/45225,13-09-2012,Hindi,Fortnightly,ARUN DADHICH,ARUN DADHICH,Rajasthan,Jodhpur,View  registration details for JODHPUR TODAY (RAJHIN/2011/45225)
30136,JODHPURA DARPAN,MPHIN/2016/69895,11-01-2017,Hindi,Monthly,KAMALKISHOR SHARMA,KAMAL KISHOR SHARMA,Madhya Pradesh,Ujjain,View  registration details for JODHPURA DARPAN (MPHIN/2016/69895)
30137,JODI HUB,UPBIL/2015/67466,10-06-2016,"English, HINDI",Monthly,TARUN SATYAM,TARUN SATYAM,Uttar Pradesh,Meerut,View  registration details for JODI HUB (UPBIL/2015/67466)
30138,Joetri Web,WBBEN/25/A1284,16-06-2025,Bengali,Monthly,Somnath Sutradhar,Somnath Sutradhar,West Bengal,Paschim Bardhaman,View  registration details for Joetri Web (WBBEN/25/A1284)
30139,JOG SANJOG TIMES,RAJHIN/2016/71781,18-05-2017,Hindi,Weekly,ARUNA DEVI,ARUNA DEVI,Rajasthan,Bikaner,View  registration details for JOG SANJOG TIMES (RAJHIN/2016/71781)
30140,JOGATH TIMES,UTTHIN/2012/47259,03-01-2013,Hindi,Weekly,PUSHPA DEVI,PUSHPA DEVI,Uttarakhand,Dehradun,View  registration details for JOGATH TIMES (UTTHIN/2012/47259)
30141,JOGI EXPRESS,CHHHIN/2016/69132,26-10-2016,Hindi,Weekly,ATIKUR RAHMAN,ATIKUR RAHMAN,Chhattisgarh,Raipur,View  registration details for JOGI EXPRESS (CHHHIN/2016/69132)
30142,JOGIRA,MPHIN/2018/77059,29-03-2019,Hindi,Monthly,FAIZA AMEER,FAIZA AMEER,Madhya Pradesh,Bhopal,View  registration details for JOGIRA (MPHIN/2018/77059)
30143,JOGLIKHI,MPHIN/2011/37382,20-05-2011,Hindi,Monthly,RAVINDRA SAXENA,RAVINDRA SAXENA,Madhya Pradesh,Gwalior,View  registration details for JOGLIKHI (MPHIN/2011/37382)
30144,Jogulamba Gadwala,APTEL/26/A5320,18-06-2026,Telugu,Monthly,Golla Erranna,Golla Erranna,Andhra Pradesh,Kurnool,View  registration details for Jogulamba Gadwala (APTEL/26/A5320)
30145,JOGUR TIMES,KARKAN/2011/39836,01-12-2011,Kannada,Monthly,BENAKARAJ BASAPPA JOGUR,BENAKARAJ BASAPPA JOGUR,Karnataka,Bijapur,View  registration details for JOGUR TIMES (KARKAN/2011/39836)
30146,JOHANTY TIMES,MPHIN/2003/14084,07-03-2005,Hindi,Monthly,RAJENDRA JAIN,RAJENDRA JAIN,Madhya Pradesh,Bhopal,View  registration details for JOHANTY TIMES (MPHIN/2003/14084)
30147,JOHAR ADIWASI,GUJGUJ/2021/90411,31-12-2024,GUJARATI,Weekly,ARVINDBHAI RAMABHAI GAMIT,ARVINDBHAI RAMABHAI GAMIT,Gujarat,Surat,View  registration details for JOHAR ADIWASI (GUJGUJ/2021/90411)
30148,JOHAR CHHATTISGARH,CHHHIN/2009/35020,31-12-2010,Hindi,Daily,NARAYAN BAIN,NARAYAN BAIN,Chhattisgarh,Raigarh,View  registration details for JOHAR CHHATTISGARH (CHHHIN/2009/35020)
30149,JOHAR DAHOD,GJGUJ/25/A0486,27-05-2025,Gujarati,Weekly,MALIVAD SHARAVANKUMAR AMUBHAI,MALIVAD SHRAVANKUMAR AMUBHAI,Gujarat,Dahod,View  registration details for JOHAR DAHOD (GJGUJ/25/A0486)
30150,JOHAR DISUM KHABAR,JHAMUL/2007/22989,18-02-2008,English,Fortnightly,ASHWINI KUMAR PANKAJ,ASHWINI KR. PANKAJ,Jharkhand,Ranchi,View  registration details for JOHAR DISUM KHABAR (JHAMUL/2007/22989)
30151,JOHAR EXPRESS,MPHIN/2022/86902,18-04-2024,Hindi,Weekly,VIJAY GARG,VIJAY,Madhya Pradesh,Barwani,View  registration details for JOHAR EXPRESS (MPHIN/2022/86902)
30152,Johar ki lalkar,GJGUJ/25/A4816,05-12-2025,Gujarati,Annual,Vasava Mahendrabhai Govindbhai,Vasava Mahendrabhai Govindbhai,Gujarat,Bharuch,View  registration details for Johar ki lalkar (GJGUJ/25/A4816)
30153,JOHAR MUNSYAAR,UAKUM/26/A5512,25-06-2026,KUMAUNI,Monthly,BHUPENDRA SINGH BRIJWAL,BHUPENDRA SINGH BRIJWAL,Uttarakhand,Nainital,View  registration details for JOHAR MUNSYAAR (UAKUM/26/A5512)
30154,Johar News Bharat,JHBIL/26/A4906,10-06-2026,"Hindi, English",Daily,Taleshwar Pandit,Taleshwar Pandit,Jharkhand,Giridih,View  registration details for Johar News Bharat (JHBIL/26/A4906)
30155,Johar Saga Chaura,CTCHH/26/A1691,18-03-2026,Chhattisgarhi,Monthly,UPENDRA KUMAR,UPENDRA KUMAR,Chhattisgarh,Dhamtari,View  registration details for Johar Saga Chaura (CTCHH/26/A1691)
30156,JOHAR SAHIYA,JHANAP/2007/19945,30-05-2007,English,Monthly,VANDNA TETE,VANDNA TETE,Jharkhand,Ranchi,View  registration details for JOHAR SAHIYA (JHANAP/2007/19945)
30157,JOHAR TIMES,UPURD/2016/66410,21-03-2016,Urdu,Daily,KIFAYAT ULLAH KHAN,KIFAYAT ULLAH KHAN,Uttar Pradesh,Jalaun,View  registration details for JOHAR TIMES (UPURD/2016/66410)
30158,JOHAR TIMES,MPHIN/2016/69983,18-01-2017,Hindi,Monthly,QAID JOHAR,QAID JOHAR,Madhya Pradesh,Bhopal,View  registration details for JOHAR TIMES (MPHIN/2016/69983)
30159,JOHILA TIMES,MPHIN/2022/83289,08-02-2023,Hindi,Daily,RAM CHARAN MISHRA,RAM CHARAN MISHRA,Madhya Pradesh,Anuppur,View  registration details for JOHILA TIMES (MPHIN/2022/83289)
30160,JOHN FOUNDATION JOURNAL OF EDUSPARK,TNENG/2018/76377,15-11-2018,English,Quarterly,JOHN LINGS V.,JOHN FOUNDATION,Tamil Nadu,Kanniyakumari,View  registration details for JOHN FOUNDATION JOURNAL OF EDUSPARK (TNENG/2018/76377)
30161,JOHNWILL MARINE INFORMATION,KARENG/2002/06596,13-05-2002,English,Daily,K.JOHN,K.JOHN,Karnataka,Dakshina Kannada,View  registration details for JOHNWILL MARINE INFORMATION (KARENG/2002/06596)
30162,JOHR E GUFTAR,36557,17-03-2004,Kannada,Daily,ZAKIAHMED DHARWADKAR,ZAKIAHMED DHARWADKAR,Karnataka,Belagavi,View  registration details for JOHR E GUFTAR (36557)
30163,JOHRI,15536,01-01-1967,"Hindi, Urdu",Weekly,RAM PRAKASH SHARMA,RAM PRAKASH SHARMA,Punjab,Firozpur,View  registration details for JOHRI (15536)
30164,JOIN,44369,01-10-1986,Hindi,Weekly,MANSHI KHURSHEED,,,,View  registration details for JOIN (44369)
30165,JOINT BUREAU,UPHIN/2002/09002,06-02-2003,Hindi,Weekly,SHAHKAR HASAN,SHAHKAR HASAN,Uttar Pradesh,Lucknow,View  registration details for JOINT BUREAU (UPHIN/2002/09002)
30166,JOKE HOYSALA,KARKAN/2000/00293,14-02-2000,Kannada,Other,G.V.RAMA RAO,G.V.RAMA RAO,Karnataka,Bengaluru Rural,View  registration details for JOKE HOYSALA (KARKAN/2000/00293)
30167,JOKHIM,UPHIN/2014/58605,27-11-2014,Hindi,Daily,SANJEEV PANT,SANJEEV PANT,Uttar Pradesh,Ghaziabad,View  registration details for JOKHIM (UPHIN/2014/58605)
30168,JOKHIM,UTTHIN/2010/33537,06-09-2010,Hindi,Daily,SANJEEV PANT,SANJEEV PANT,Uttarakhand,Dehradun,View  registration details for JOKHIM (UTTHIN/2010/33537)
30169,JOKHIM,UTTHIN/2015/62516,12-06-2015,Hindi,Weekly,SANJEEV PANT,SANJEEV PANT,Uttarakhand,Pithoragarh,View  registration details for JOKHIM (UTTHIN/2015/62516)
30170,JOKHIM,UPHIN/2015/65547,12-01-2016,Hindi,Daily,SANJEEV PANT,SANJEEV PANT,Uttar Pradesh,Gautam Buddha Nagar,View  registration details for JOKHIM (UPHIN/2015/65547)
30171,JOKHIM,UTTURD/2015/68479,02-09-2016,Urdu,Daily,SANJEEV PANT,SANJEEV PANT,Uttarakhand,Nainital,View  registration details for JOKHIM (UTTURD/2015/68479)
30172,JOKHIM,UTTHIN/2010/36647,05-04-2011,Hindi,Daily,SANJEEV PANT,SANJEEV PANT,Uttarakhand,Nainital,View  registration details for JOKHIM (UTTHIN/2010/36647)
30173,JOKHIM,UTTHIN/2006/19770,15-05-2007,Hindi,Fortnightly,SANJEEV PANT,SANJEEV PANT,Uttarakhand,Dehradun,View  registration details for JOKHIM (UTTHIN/2006/19770)
30174,JOKHIM,UTTURD/2014/56307,25-07-2014,Urdu,Fortnightly,SANJEEV PANT,SANJEEV PANT,Uttarakhand,Dehradun,View  registration details for JOKHIM (UTTURD/2014/56307)
30175,JONOROB,WBBEN/2011/47750,30-01-2013,Bengali,Fortnightly,SUKLA GANGULY,SUKLA GANGULY,West Bengal,Howrah,View  registration details for JONOROB (WBBEN/2011/47750)
30176,JONOSONJOG,WBBEN/2023/90136,18-11-2024,BENGALI,Monthly,SHUBHADIP MITRA,SHUBHADIP MITRA,West Bengal,Kolkata,View  registration details for JONOSONJOG (WBBEN/2023/90136)
30177,JORAVARNAGAR TIMES,GJGUJ/26/A2846,28-04-2026,Gujarati,Daily,SOLANKI VAIBHAV PRAVINBHAI,SOLANKI VAIBHAV PRAVINBHAI,Gujarat,Ahmedabad,View  registration details for JORAVARNAGAR TIMES (GJGUJ/26/A2846)
30178,JORAVARNAGAR TIMES,64342,18-10-1996,Gujarati,Weekly,VAIBHAV PRAVINBHAI SOLANKI,VAIBHAV PRAVINBHAI SOLANKI,Gujarat,Surendranagar,View  registration details for JORAVARNAGAR TIMES (64342)
30179,JORAVARNAGAR TIMES,GUJGUJ/2013/56741,27-08-2014,Gujarati,Daily,VAIBHAV PRAVINBHAI SOLANKI,VAIBHAV PRAVINBHAI SOLANKI,Gujarat,Surendranagar,View  registration details for JORAVARNAGAR TIMES (GUJGUJ/2013/56741)
30180,JORDAR,TGTEL/25/A5224,17-12-2025,Telugu,Daily,RAVULA RAJESHAM,RAVULA RAJESHAM,Telangana,Karimnagar,View  registration details for JORDAR (TGTEL/25/A5224)
30181,JORDAR NEWS,GUJGUJ/2001/3353,24-04-2001,Gujarati,Weekly,M A MASTER,M A MASTER,Gujarat,Surat,View  registration details for JORDAR NEWS (GUJGUJ/2001/3353)
30182,JORDAR NEWS,GUJGUJ/2001/03331,23-04-2001,Gujarati,Weekly,M.A MASTER,M.A.MASTER,Gujarat,Surat,View  registration details for JORDAR NEWS (GUJGUJ/2001/03331)
30183,JOSH OF MEWAR,RAJHIN/2023/89232,30-09-2024,HINDI,Weekly,SHAKIL AHMED,MOHAMMED SENUR,Rajasthan,Chittorgarh,View  registration details for JOSH OF MEWAR (RAJHIN/2023/89232)
30184,JOSH SACH KA,UPHIN/2022/83148,19-01-2023,Hindi,Fortnightly,LOLARAK SINGH,GULAB CHAND MADHUKAR,Uttar Pradesh,Jaunpur,View  registration details for JOSH SACH KA (UPHIN/2022/83148)
30185,JOSHABA TIMES,MAHMAR/2009/31191,12-03-2010,Marathi,Weekly,SHRIKANT ROHIDAS KASBE,SHRIKANT ROHIDAS KASBE,Maharashtra,Solapur,View  registration details for JOSHABA TIMES (MAHMAR/2009/31191)
30186,JOSHI SAMACHAR,DELHIN/2004/12560,27-05-2004,Hindi,Fortnightly,MEENU JOSHI,MEENU JOSHI,Delhi,New Delhi,View  registration details for JOSHI SAMACHAR (DELHIN/2004/12560)
30187,JOSHILA TIMES,DELHIN/2012/42644,29-05-2012,Hindi,Fortnightly,SURESH CHAND SHARMA,SURESH CHAND SHARMA,Delhi,New Delhi,View  registration details for JOSHILA TIMES (DELHIN/2012/42644)
30188,JOSHILA TIMES,59367,01-06-1994,Hindi,Weekly,SUERSHCHAND KAUSHIK,SURESHCHAND KAUSHIK,Delhi,New Delhi,View  registration details for JOSHILA TIMES (59367)
30189,JOSHILA WATAN,35163,12-12-2005,Hindi,Fortnightly,BADRI NARAIN SHARMA,BADRI NARAIN SHARMA,Rajasthan,Jaipur,View  registration details for JOSHILA WATAN (35163)
30190,JOSHNIKAVELUGUTELUGE DINAPATHRAKA,APTEL/25/A3845,12-11-2025,Telugu,Daily,Bobbili Rajeswararao,Bobbili Rajeswararao,Andhra Pradesh,Guntur,View  registration details for JOSHNIKAVELUGUTELUGE DINAPATHRAKA (APTEL/25/A3845)
30191,JOSHNIKAVELUGUTELUGE DINAPATHRAKA,APTEL/25/A1699,04-07-2025,Telugu,Daily,Bobbili Rajeswararao,Bobbili Rajeswararao,Andhra Pradesh,East Godavari,View  registration details for JOSHNIKAVELUGUTELUGE DINAPATHRAKA (APTEL/25/A1699)
30192,JOTANA SAMACHAR,GUJGUJ/2022/84601,08-06-2023,Gujarati,Fortnightly,PANDYA DILIPKUMAR BABULAL,PANDYA DILIPKUMAR BABULAL,Gujarat,Mahesana,View  registration details for JOTANA SAMACHAR (GUJGUJ/2022/84601)
30193,JOTAREHJO,GUJGUJ/2009/40479,25-01-2012,Gujarati,Weekly,DINESH BHAI MANGLA BHAI,DINESH BHAI MANGLA BHAI,Gujarat,Dahod,View  registration details for JOTAREHJO (GUJGUJ/2009/40479)
30194,JOTHEGAARANA OLAVU,KARKAN/2010/35384,24-01-2011,Kannada,Monthly,ROBERT EMMANUEL,ROBBERT EMMANUEL,Karnataka,Mysore,View  registration details for JOTHEGAARANA OLAVU (KARKAN/2010/35384)
30195,JOTHEYALLI,KARKAN/2013/53778,30-12-2013,Kannada,Weekly,S. DAYANANDA,S. DAYANANDA,Karnataka,Bengaluru,View  registration details for JOTHEYALLI (KARKAN/2013/53778)
30196,JOTHI AKSHRAM,APTEL/25/A1104,06-06-2025,Telugu,Daily,EMBETI KAMESWARI,EMBETI KAMESWARI,Andhra Pradesh,Tirupati,View  registration details for JOTHI AKSHRAM (APTEL/25/A1104)
30197,JOTHI KALAMU,APTEL/25/A1881,21-07-2025,Telugu,Monthly,KALLUTLA SURENDRA KUMAR,M/S KALLUTLA PUBLICATIONS,Andhra Pradesh,Y.S.R.,View  registration details for JOTHI KALAMU (APTEL/25/A1881)
30198,JOTHI PRABHAMJANAMU,APTEL/26/A6641,11-08-2026,Telugu,Daily,SWAMIDASU PRASANNALATHA,SWAMIDASU PRASANNALATHA,Andhra Pradesh,Kurnool,View  registration details for JOTHI PRABHAMJANAMU (APTEL/26/A6641)
30199,JOTHI SRAVANAM,APTEL/25/A3635,30-10-2025,Telugu,Weekly,AMBATI SHIVALAKSHMI DEVI,AMBATI SHIVALAKSHMI DEVI,Andhra Pradesh,Y.S.R.,View  registration details for JOTHI SRAVANAM (APTEL/25/A3635)
30200,JOTHIDA NETHRA,TNTAM/2011/39861,02-12-2011,Tamil,Monthly,M. RAMESH,M. RAMESH,Tamil Nadu,Virudhunagar,View  registration details for JOTHIDA NETHRA (TNTAM/2011/39861)
30201,JOTHIDA VIDYA,TNTAM/2018/75252,18-05-2018,Tamil,Monthly,D. DEENADHAYALAN,D.DEENADHAYALAN,Tamil Nadu,Chennai,View  registration details for JOTHIDA VIDYA (TNTAM/2018/75252)
30202,Jotiba Deepam,TGTEL/25/A5004,10-12-2025,Telugu,Daily,Mudigonda Satish Kumar,Mudigonda Satish Kumar,Telangana,Rangareddy,View  registration details for Jotiba Deepam (TGTEL/25/A5004)
30203,JOUNSAR TIMES,UTTHIN/2011/45429,27-09-2012,Hindi,Weekly,KASIM SHAH,KASIM SHAH,Uttarakhand,Dehradun,View  registration details for JOUNSAR TIMES (UTTHIN/2011/45429)
30204,JOURMAL OF THE STATE INSTITUTE OF EDUCATION,10807,01-01-1965,English,Quarterly,DR. C.B. RAO,GOVT. PF ANDHRA PRADESH,Telangana,Hyderabad,View  registration details for JOURMAL OF THE STATE INSTITUTE OF EDUCATION (10807)
30205,JOURNAL OF ARMY LAW COLLEGE PUNE,MAHENG/2022/82498,27-10-2022,English,Annual,COL. AVADHESH KUMAR PANDEY,ARMY LAW COLLEGE,Maharashtra,Pune,View  registration details for JOURNAL OF ARMY LAW COLLEGE PUNE (MAHENG/2022/82498)
30206,JOURNAL OF ASIAN SECURITY AND INTERNATIONAL AFFAIRS,DELENG/2014/55256,11-04-2014,English,Thrice In a Year,VIVEK MEHRA,SAGE PUBLICATIONS INDIA PVT. LTD.,Delhi,New Delhi,View  registration details for JOURNAL OF ASIAN SECURITY AND INTERNATIONAL AFFAIRS (DELENG/2014/55256)
30207,JOURNAL OF BUSINESS WISDOM,HARENG/2017/75572,20-06-2018,English,Half Yearly,PROF. NEELAM DHANDA,"DEPARTMENT OF COMMERCE, KURUKSHETRA UNIVERSITY",Haryana,Kurukshetra,View  registration details for JOURNAL OF BUSINESS WISDOM (HARENG/2017/75572)
30208,JOURNAL OF CAMEL PRACTICE AND RESEARCH,61327,05-05-1995,English,Thrice In a Year,DR. TARUN KUMAR GAHLOT,DR. TARUN KUMAR GAHLOT,Rajasthan,Bikaner,View  registration details for JOURNAL OF CAMEL PRACTICE AND RESEARCH (61327)
30209,JOURNAL OF CARDIAC CRITICAL CARE TSS,UPENG/2017/73525,13-10-2017,English,Half Yearly,AJIT KOHLI,THE SIMULATION SOCIETY,Uttar Pradesh,Gautam Buddha Nagar,View  registration details for JOURNAL OF CARDIAC CRITICAL CARE TSS (UPENG/2017/73525)
30210,JOURNAL OF CHEMISTRY ENVIRONMENTAL SCIENCES AND ITS APPLICATIONS,CHAENG/2014/56905,04-09-2014,English,Half Yearly,ASHOK K CHITKARA,CHITKARA UNIVERSITY,Chandigarh,Chandigarh,View  registration details for JOURNAL OF CHEMISTRY ENVIRONMENTAL SCIENCES AND ITS APPLICATIONS (CHAENG/2014/56905)
30211,JOURNAL OF CLINICAL INTERVENTIONAL RADIOLOGY ISVIR,UPENG/2017/71112,11-04-2017,English,Four Monthly,AJIT KOHLI,INDIAN SOCIETY OF VASCULAR AND INTERVENTIONAL RADIOLOGY,Uttar Pradesh,Gautam Buddha Nagar,View  registration details for JOURNAL OF CLINICAL INTERVENTIONAL RADIOLOGY ISVIR (UPENG/2017/71112)
30212,JOURNAL OF CLINICAL AND DIAGNOSTIC RESEARCH,DELENG/2015/64466,27-10-2015,English,Monthly,DR. HEMANT JAIN,JCDR RESEARCH AND PUBLICATIONS PVT.LTD.,Delhi,New Delhi,View  registration details for JOURNAL OF CLINICAL AND DIAGNOSTIC RESEARCH (DELENG/2015/64466)
30213,JOURNAL OF CLINICAL AND PREVENTIVE CARDIOLOGY JCPC,MAHENG/2017/72307,22-06-2017,English,Quarterly,HEMANT RAMESHCHANDRA MANJREKAR,JOURNAL OF CLINICAL AND PREVENTIVE CARDIOLOGY TRUST,Maharashtra,Mumbai,View  registration details for JOURNAL OF CLINICAL AND PREVENTIVE CARDIOLOGY JCPC (MAHENG/2017/72307)
30214,JOURNAL OF CLINICAL OPHTHALMOLOGY AND RESEARCH,MAHENG/2013/49805,22-05-2013,English,Four Monthly,TUSHAR MADHUKAR MAHAJAN,MAHARASHTRA OPHTHALMOLOGICAL SOCIETY,Maharashtra,Mumbai,View  registration details for JOURNAL OF CLINICAL OPHTHALMOLOGY AND RESEARCH (MAHENG/2013/49805)
30215,JOURNAL OF COMPUTATIONAL SCIENCE & TECHNOLOGY,PUNENG/2017/73125,31-08-2017,English,Annual,MADHU PRASHAR,DEV SAMAJ COLLEGE FOR WOMEN,Punjab,Firozpur,View  registration details for JOURNAL OF COMPUTATIONAL SCIENCE & TECHNOLOGY (PUNENG/2017/73125)
30216,JOURNAL OF CONSERVATIVE DENTISTRY,MAHENG/2012/44839,27-08-2012,English,Quarterly,HEMANT R. MANJREKAR,FEDERATION OF OPERATIVE DENTISTRY,Maharashtra,Mumbai,View  registration details for JOURNAL OF CONSERVATIVE DENTISTRY (MAHENG/2012/44839)
30217,JOURNAL OF CONSTITUTIONAL & PARLIAMENTARY STUDIES,12929,17-05-1967,English,Quarterly,S N CHATURVEDI,THE INSTITUTE OF CONSTITUTIONAL & PARLIAMENTARY STUDIES,Delhi,New Delhi,View  registration details for JOURNAL OF CONSTITUTIONAL & PARLIAMENTARY STUDIES (12929)
30218,JOURNAL OF CONTEMPORARY DENTISTRY MGM,DELENG/2018/76148,03-10-2018,English,Four Monthly,JITENDAR PAL VIJ,MAHATMA GANDHI MISSION,Delhi,New Delhi,View  registration details for JOURNAL OF CONTEMPORARY DENTISTRY MGM (DELENG/2018/76148)
30219,JOURNAL OF CREATING VALUE,DELENG/2015/61648,30-04-2015,English,Half Yearly,VIVEK MEHRA,SAGE PUBLICATIONS INDIA PVT.LTD,Delhi,New Delhi,View  registration details for JOURNAL OF CREATING VALUE (DELENG/2015/61648)
30220,JOURNAL OF CREATIVITY INNOVATION AND ENTREPRENEURSHIP,MAHENG/2019/77699,03-07-2019,English,Annual,VEENA BHANU VARMA,INNOVATION TRUST,Maharashtra,Mumbai,View  registration details for JOURNAL OF CREATIVITY INNOVATION AND ENTREPRENEURSHIP (MAHENG/2019/77699)
30221,JOURNAL OF CURRENT RESEARCH IN SCIENTIFIC MEDICINE,MAHENG/2016/68687,09-09-2016,English,Half Yearly,HEMANT RAMESHCHANDRA MANJREKAR,THE MADRAS MEDICAL MISSION,Maharashtra,Mumbai,View  registration details for JOURNAL OF CURRENT RESEARCH IN SCIENTIFIC MEDICINE (MAHENG/2016/68687)
30222,JOURNAL OF CUTANEOUS AND AESTHETIC SURGERY,MAHENG/2011/40114,26-12-2011,English,Thrice In a Year,HEMANT R. MANJREKAR,ASSOCIATION OF CUTANEOUS SURGEONS OF INDIA,Maharashtra,Mumbai,View  registration details for JOURNAL OF CUTANEOUS AND AESTHETIC SURGERY (MAHENG/2011/40114)
30223,JOURNAL OF CYTOLOGY,MAHENG/2011/39190,10-10-2011,English,Quarterly,SATISH PANDURANG SAWANT,INDIAN ACADEMY OF CYTOLOGISTS,Maharashtra,Mumbai,View  registration details for JOURNAL OF CYTOLOGY (MAHENG/2011/39190)
30224,JOURNAL OF DENTAL IMPLANTS,MAHENG/2012/40870,24-02-2012,English,Half Yearly,TUSHAR MADHUKAR MAHAJAN,INDIAN SOCIETY OF ORAL IMPLANTOLOGISTS,Maharashtra,Mumbai,View  registration details for JOURNAL OF DENTAL IMPLANTS (MAHENG/2012/40870)
30225,JOURNAL OF DENTAL SCIENCES & ORAL REHABILITATION RECT,DELENG/2017/74646,12-02-2018,English,Quarterly,JITENDAR PAL VIJ,ROHILKHAND EDUCATIONAL CHARITABLE TRUST,Delhi,New Delhi,View  registration details for JOURNAL OF DENTAL SCIENCES & ORAL REHABILITATION RECT (DELENG/2017/74646)
30226,JOURNAL OF DEVELOPING SOCIETIES,DELENG/2010/34961,28-12-2010,English,Quarterly,VIVEK MEHRA,SAGE PUBLICATIONS INDIA PVT. LTD,Delhi,New Delhi,View  registration details for JOURNAL OF DEVELOPING SOCIETIES (DELENG/2010/34961)
30227,JOURNAL OF DEVELOPMENT POLICY AND PRACTICE,DELENG/2015/67699,30-06-2016,English,Half Yearly,VIVEK MEHRA,SAGE PUBLICATIONS INDIA PVT.LTD.,Delhi,New Delhi,View  registration details for JOURNAL OF DEVELOPMENT POLICY AND PRACTICE (DELENG/2015/67699)
30228,JOURNAL OF DR.NTR UNIVERSITY OF HEALTH SCIENCES,MAHENG/2013/47785,01-02-2013,English,Quarterly,SATISH PANDURANG SAWANT,NTR UNIVERSITY OF HEALTH SCIENCES,Maharashtra,Mumbai,View  registration details for JOURNAL OF DR.NTR UNIVERSITY OF HEALTH SCIENCES (MAHENG/2013/47785)
30229,JOURNAL OF EDUCATION AND ETHICS IN DENTISTRY,MAHENG/2012/44832,27-08-2012,English,Half Yearly,HEMANT R. MANJREKAR,MEDKNOW PUBLICATIONS AND MEDIA PVT. LTD.,Maharashtra,Mumbai,View  registration details for JOURNAL OF EDUCATION AND ETHICS IN DENTISTRY (MAHENG/2012/44832)
30230,JOURNAL OF ENGLISH LANGUAGE TEACHING,8469,18-12-1965,English,Bimonthly (Once in two months),S. NATARAJAN,THE SOCIETY FOR THE PROMOTION OF EDUCATION IN INDIA,Tamil Nadu,Chennai,View  registration details for JOURNAL OF ENGLISH LANGUAGE TEACHING (8469)
30231,JOURNAL OF ENTREPRENEURSHIP AND INNOVATION IN EMERGING ECONOMIES,DELENG/2014/58736,05-12-2014,English,Half Yearly,VIVEK MEHRA,SAGE PUBLICATIONS INDIA PVT. LTD.,Delhi,New Delhi,View  registration details for JOURNAL OF ENTREPRENEURSHIP AND INNOVATION IN EMERGING ECONOMIES (DELENG/2014/58736)
30232,JOURNAL OF ENVIRONMENTAL BIOLOGY,35574,09-12-2009,English,Bimonthly (Once in two months),KIRAN DALELA,KIRAN DALELA,Uttar Pradesh,Lucknow,View  registration details for JOURNAL OF ENVIRONMENTAL BIOLOGY (35574)
30233,JOURNAL OF EXPERIMENTAL ZOOLOGY INDIA,68602,20-06-1998,English,Half Yearly,Punnavasi Ram Yadav,Punnavasi Ram Yadav,Uttar Pradesh,Muzaffarnagar,View  registration details for JOURNAL OF EXPERIMENTAL ZOOLOGY INDIA (68602)
30234,JOURNAL OF FAMILY MEDICINE AND PRIMARY CARE,MAHENG/2012/45736,15-10-2012,English,Monthly,NIPU KUMAR NATH,ACADEMY OF FAMILY PHYSICIANS OF INDIA,Maharashtra,Mumbai,View  registration details for JOURNAL OF FAMILY MEDICINE AND PRIMARY CARE (MAHENG/2012/45736)
30235,JOURNAL OF FORENSIC DENTAL SCIENCES,MAHENG/2012/44845,27-08-2012,English,Four Monthly,SATISH PANDURANG SAWANT,INDIAN ASSOCIATION OF FORENSIC ODONTOLOGY,Maharashtra,Mumbai,View  registration details for JOURNAL OF FORENSIC DENTAL SCIENCES (MAHENG/2012/44845)
30236,JOURNAL OF GASTROINTESTINAL AND ABDOMINAL RADIOLOGY ISGAR,UPENG/2018/77370,21-05-2019,English,Half Yearly,AJIT KOHLI,INDIAN SOCIETY OF GASTROINTESTINAL AND ABDOMINAL RADIOLOGY (ISGAR),Uttar Pradesh,Gautam Buddha Nagar,View  registration details for JOURNAL OF GASTROINTESTINAL AND ABDOMINAL RADIOLOGY ISGAR (UPENG/2018/77370)
30237,JOURNAL OF GEOSCIENCES RESEARCH,MAHENG/2016/67246,03-06-2016,English,Half Yearly,DR. P.B. SAROLKAR,GONDWANA GEOLOGICAL SOCIETY,Maharashtra,Nagpur,View  registration details for JOURNAL OF GEOSCIENCES RESEARCH (MAHENG/2016/67246)
30238,JOURNAL OF GERIATRIC MENTAL HEALTH,MAHENG/2016/69190,09-11-2016,English,Half Yearly,SATISH PANDURANG SAWANT,INDIAN ASSOCIATION OF GERIATRIC MENTAL HEALTH,Maharashtra,Mumbai,View  registration details for JOURNAL OF GERIATRIC MENTAL HEALTH (MAHENG/2016/69190)
30239,JOURNAL OF GLOBAL INFECTIOUS DISEASE,MAHENG/2011/39803,28-11-2011,English,Quarterly,HEMANT R. MANJREKAR,MEDKNOW PUBLICATIONS AND MEDIA PVT. LTD.,Maharashtra,Mumbai,View  registration details for JOURNAL OF GLOBAL INFECTIOUS DISEASE (MAHENG/2011/39803)
30240,JOURNAL OF HEALTH AND ALLIED SCIENCES NU,UPENG/2019/78052,15-10-2019,English,Quarterly,AJIT KOHLI,"NITTE UNIVERSITY, MANGALORE",Uttar Pradesh,Gautam Buddha Nagar,View  registration details for JOURNAL OF HEALTH AND ALLIED SCIENCES NU (UPENG/2019/78052)
30241,JOURNAL OF HERITAGE MANAGEMENT,DELENG/2016/67537,17-06-2016,English,Half Yearly,SONIA KUMAR,SAGE PUBLICATIONS INDIA PVT.LTD.,Delhi,New Delhi,View  registration details for JOURNAL OF HERITAGE MANAGEMENT (DELENG/2016/67537)
30242,JOURNAL OF HOMOEOPATHY UNIVERSITY,RAJENG/2017/71399,03-05-2017,English,Annual,TARKESHWAR JAIN,HOMOEOPATHY UNIVERSITY,Rajasthan,Jaipur,View  registration details for JOURNAL OF HOMOEOPATHY UNIVERSITY (RAJENG/2017/71399)
30243,JOURNAL OF HUMAN REPRODUCTIVE SCIENCES,MAHENG/2011/39226,11-10-2011,English,Quarterly,HEMANT R. MANJREKAR,INDIAN SOCIETY OF ASSISTED REPRODUCTION,Maharashtra,Mumbai,View  registration details for JOURNAL OF HUMAN REPRODUCTIVE SCIENCES (MAHENG/2011/39226)
30244,JOURNAL OF HUMAN VALUES,DELENG/2008/26237,19-02-2014,English,Thrice In a Year,VIVEK MEHRA,SAGE PUBLICATIONS INDIA PVT. LTD.,Delhi,New Delhi,View  registration details for JOURNAL OF HUMAN VALUES (DELENG/2008/26237)
30245,JOURNAL OF HUMANITIES AND SOCIAL SCIENCES,TNBIL/2009/29039,07-10-2013,"English, Tamil",Half Yearly,DR. KARU. NAGARAJAN,TAMILNADU STATE COUNCIL FOR HIGHER EDUCATION,Tamil Nadu,Chennai,View  registration details for JOURNAL OF HUMANITIES AND SOCIAL SCIENCES (TNBIL/2009/29039)
30246,JOURNAL OF IMS GROUP,UPENG/2006/16319,26-06-2012,English,Half Yearly,RAKESH CHHARIA,INSTITUTE OF MANAGEMENT STUDIES,Uttar Pradesh,Ghaziabad,View  registration details for JOURNAL OF IMS GROUP (UPENG/2006/16319)
30247,JOURNAL OF INDIAN ACADEMY OF OBSTETRICS AND GYNAECOLOGY,WBENG/2019/78475,20-02-2020,English,Half Yearly,DR. DILIP KUMAR DUTTA,KALYANI OBSTETRICS AND GYNAECOLOGICAL SOCIETY,West Bengal,Nadia,View  registration details for JOURNAL OF INDIAN ACADEMY OF OBSTETRICS AND GYNAECOLOGY (WBENG/2019/78475)
30248,JOURNAL OF INDIAN ASSOCIATION OF PUBLIC HEALTH DENTISTRY,MAHENG/2015/59898,30-01-2015,English,Quarterly,SATISH PANDURANG SAWANT,INDIAN ASSOCIATION OF PUBLIC HEALTH DENTISTRY,Maharashtra,Mumbai,View  registration details for JOURNAL OF INDIAN ASSOCIATION OF PUBLIC HEALTH DENTISTRY (MAHENG/2015/59898)
30249,JOURNAL OF INDIAN INSTITUTE OF MANAGEMENT AND COMMERCE,TELMUL/2018/75626,25-06-2018,"English, Telugu, Hindi",Half Yearly,KURA RAGHU VEER,VASAVI FOUNDATION,Telangana,Hyderabad,View  registration details for JOURNAL OF INDIAN INSTITUTE OF MANAGEMENT AND COMMERCE (TELMUL/2018/75626)
30250,JOURNAL OF INDIAN MEDICAL HERITAGE,TELBIL/2022/86142,18-01-2024,"English, HINDI",Annual,GOLI PENCHALA PRASAD,NATIONAL INSTITUTE OF INDIAN MEDICAL HERITAGE,Telangana,Hyderabad,View  registration details for JOURNAL OF INDIAN MEDICAL HERITAGE (TELBIL/2022/86142)
30251,JOURNAL OF INDIAN SOCIETY OF PEDODONTICS AND PREVENTIVE DENTISTRY,MAHENG/2011/38973,23-09-2011,English,Quarterly,SATISH PANDURANG SAWANT,INDIAN SOCIETY OF PEDODONTICS AND PREVENTIVE DENTISTRY,Maharashtra,Mumbai,View  registration details for JOURNAL OF INDIAN SOCIETY OF PEDODONTICS AND PREVENTIVE DENTISTRY (MAHENG/2011/38973)
30252,JOURNAL OF INDIAN SOCIETY OF PERIODONTOLOGY,MAHENG/2011/38999,26-09-2011,English,Bimonthly (Once in two months),TUSHAR MADHUKAR MAHAJAN,INDIAN SOCIETY OF PERIODONTOLOGY,Maharashtra,Mumbai,View  registration details for JOURNAL OF INDIAN SOCIETY OF PERIODONTOLOGY (MAHENG/2011/38999)
30253,JOURNAL OF INDIAN WATERWORKS ASSOCIATION,18768,04-04-2014,English,Quarterly,DILIP GANPATRAO SONWANE,INDIAN WATERWORKS ASSOCIATION,Maharashtra,Mumbai,View  registration details for JOURNAL OF INDIAN WATERWORKS ASSOCIATION (18768)
30254,JOURNAL OF INFRASTRUCTURE DEVELOPMENT,DELENG/2011/39334,21-10-2011,English,Half Yearly,VIVEK MEHRA,INDIAN DEVELOPMENT FOUNDATION,Delhi,New Delhi,View  registration details for JOURNAL OF INFRASTRUCTURE DEVELOPMENT (DELENG/2011/39334)
30255,JOURNAL OF INNOVATIVE ENGINEERING AND RESEARCH,MPENG/2017/72845,01-08-2017,English,Half Yearly,DR. DEEPIKA PATHAK,AYUSHMATI EDUCATION AND SOCIAL SOCIETY,Madhya Pradesh,Indore,View  registration details for JOURNAL OF INNOVATIVE ENGINEERING AND RESEARCH (MPENG/2017/72845)
30256,JOURNAL OF INNOVATIVE RESEARCH AND SOLUTIONS,TNENG/2015/60655,09-03-2015,English,Half Yearly,DR. V. SRINIVASAN,UNIVERSAL INNOVATIVE INTER DISCIPLINARY RESEARCH SOCIETY,Tamil Nadu,Kancheepuram,View  registration details for JOURNAL OF INNOVATIVE RESEARCH AND SOLUTIONS (TNENG/2015/60655)
30257,JOURNAL OF INTERDISCIPLINARY DENTISTRY,MAHENG/2012/45756,15-10-2012,English,Thrice In a Year,HEMANT R. MANJREKAR,"INDIAN SOCIETY OF PROSTHODONTICS, RESTORATIVE AND PERIODONTICS",Maharashtra,Mumbai,View  registration details for JOURNAL OF INTERDISCIPLINARY DENTISTRY (MAHENG/2012/45756)
30258,JOURNAL OF INTERDISCIPLINARY ECONOMICS,DELENG/2013/47867,06-02-2013,English,Half Yearly,VIVEK MEHRA,SAGE PUBLICATIONS INDIA PVT. LTD.,Delhi,New Delhi,View  registration details for JOURNAL OF INTERDISCIPLINARY ECONOMICS (DELENG/2013/47867)
30259,JOURNAL OF INTERNATIONAL SOCIETY OF PREVENTIVE AND COMMUNITY DENTISTRY,MAHENG/2012/41023,06-03-2012,English,Bimonthly (Once in two months),TUSHAR MADHUKAR MAHAJAN,INTERNATIONAL SOCIETY OF PREVENTIVE AND COMMUNITY DENTISTRY,Maharashtra,Mumbai,View  registration details for JOURNAL OF INTERNATIONAL SOCIETY OF PREVENTIVE AND COMMUNITY DENTISTRY (MAHENG/2012/41023)
30260,JOURNAL OF IPEM,UPENG/2007/19205,18-04-2007,English,Annual,ANUPAM GOEL,INSTITUTE OF PROFESSIONAL EXCELLENCE AND MANAGEMENT.,Uttar Pradesh,Ghaziabad,View  registration details for JOURNAL OF IPEM (UPENG/2007/19205)
30261,JOURNAL OF KANARA CHAMBER OF COMMERCE OF INDUSTRY,20145,15-10-1971,"English, Kannada",Monthly,K P HEGDE,KANARA CHAMBER OF COMMERCE AND INDUSTRY,Karnataka,Dakshina Kannada,View  registration details for JOURNAL OF KANARA CHAMBER OF COMMERCE OF INDUSTRY (20145)
30262,JOURNAL OF LABORATORY PHYSICIANS,MAHENG/2011/38810,06-09-2011,English,Half Yearly,HEMANT R. MANJREKAR,INDIAN ASSOCIATION OF LABORATORY PHYSICIANS,Maharashtra,Mumbai,View  registration details for JOURNAL OF LABORATORY PHYSICIANS (MAHENG/2011/38810)
30263,JOURNAL OF LAND AND RURAL STUDIES,DELENG/2013/50584,28-06-2013,ENGLISH,Half Yearly,SONIA KUMAR,"CENTRE FOR RURAL STUDIES, NIAR, LAL BAHADUR SHASTRI NATIONAL ACADEMY OF ADMINISTRATION (LBSNAA),",Delhi,New Delhi,View  registration details for JOURNAL OF LAND AND RURAL STUDIES (DELENG/2013/50584)
30264,JOURNAL OF LARYNGOLOGY AND VOICE,MAHENG/2011/38974,23-09-2011,English,Half Yearly,TUSHAR MADHUKAR MAHAJAN,LARYNGOLOGY AND VOICE ASSOCIATION,Maharashtra,Mumbai,View  registration details for JOURNAL OF LARYNGOLOGY AND VOICE (MAHENG/2011/38974)
30265,JOURNAL OF LAW RESEARCH INSTITUTE EASTERN REGION GAUHATI HIGH COURT,ASSENG/2019/79096,19-11-2020,English,Annual,DR. RANGA RANJAN DAS,"LAW RESEARCH INSTITUTE, EASTERN REGION, GAUHATI HIGH COURT",Assam,Kamrup,View  registration details for JOURNAL OF LAW RESEARCH INSTITUTE EASTERN REGION GAUHATI HIGH COURT (ASSENG/2019/79096)
30266,JOURNAL OF LEGAL VIEWS AND REVIEWS,UPBIL/2018/75446,11-06-2018,"English, HINDI",Quarterly,PRAMOD KUMAR VERMA,SANSKRITI WELFARE TRUST,Uttar Pradesh,Varanasi,View  registration details for JOURNAL OF LEGAL VIEWS AND REVIEWS (UPBIL/2018/75446)
30267,JOURNAL OF MAHARAJA SAYAJIRAO UNIVERSITY OF BARODA,6479,04-02-1972,English,Annual,S. W. DHARMADHIKARI,THE MAHARAJA SAYAJIRAO UNIVERSITY,Gujarat,Vadodara,View  registration details for JOURNAL OF MAHARAJA SAYAJIRAO UNIVERSITY OF BARODA (6479)
30268,JOURNAL OF MAHATMA GANDHI INSTITUTE OF MEDICAL SCIENCES,MAHENG/2013/50992,22-07-2013,English,Half Yearly,SATISH PANDURANG SAWANT,THE KASTURBA HEALTH SOCIETY,Maharashtra,Mumbai,View  registration details for JOURNAL OF MAHATMA GANDHI INSTITUTE OF MEDICAL SCIENCES (MAHENG/2013/50992)
30269,JOURNAL OF MANAGEMENT RESEARCH & INSIGHT,DELENG/2016/69874,05-01-2017,English,Annual,DR. SUSHMA GUPTA,BANARSIDAS CHANDIWALA INSTITUTE OF PROFESSIONAL STUDIES,Delhi,New Delhi,View  registration details for JOURNAL OF MANAGEMENT RESEARCH & INSIGHT (DELENG/2016/69874)
30270,JOURNAL OF MARINE ENGINEERING,MAHENG/2023/85286,04-08-2023,English,Annual,LIEUTENANT COMMANDER SAHIL CHATURVEDI,INDIAN NAVAL SHIP (INS) SHIVAJI,Maharashtra,Pune,View  registration details for JOURNAL OF MARINE ENGINEERING (MAHENG/2023/85286)
30271,JOURNAL OF MEDICAL ACADEMICS ACMS,DELENG/2022/83530,06-03-2023,English,Half Yearly,JITENDAR PAL VIJ,ARMY COLLEGE OF MEDICAL SCIENCES,Delhi,New Delhi,View  registration details for JOURNAL OF MEDICAL ACADEMICS ACMS (DELENG/2022/83530)
30272,JOURNAL OF MEDICAL PHYSICS,MAHENG/2012/44833,27-08-2012,English,Quarterly,HEMANT R. MANJREKAR,ASSOCIATION OF MEDICAL PHYSICISTS OF INDIA,Maharashtra,Mumbai,View  registration details for JOURNAL OF MEDICAL PHYSICS (MAHENG/2012/44833)
30273,JOURNAL OF MEDICAL SOCIETY,40854,09-12-1987,English,Annual,,,Manipur,Manipur,View  registration details for JOURNAL OF MEDICAL SOCIETY (40854)
30274,JOURNAL OF MID LIFE HEALTH,MAHENG/2011/39125,05-10-2011,English,Quarterly,NIPU KUMAR NATH,INDIAN MENOPAUSE SOCIETY,Maharashtra,Mumbai,View  registration details for JOURNAL OF MID LIFE HEALTH (MAHENG/2011/39125)
30275,JOURNAL OF MINIMAL ACCESS SURGERY,MAHENG/2011/39189,10-10-2011,English,Quarterly,HEMANT R. MANJREKAR,INDIAN ASSOCIATION OF GASTROINTESTINAL ENDO SURGEONS,Maharashtra,Mumbai,View  registration details for JOURNAL OF MINIMAL ACCESS SURGERY (MAHENG/2011/39189)
30276,JOURNAL OF MODERN SCIENCE,TNBIL/2009/29041,07-10-2013,"English, Tamil",Half Yearly,DR. KARU. NAGARAJAN,TAMILNADU STATE COUNCIL FOR HIGHER EDUCATION,Tamil Nadu,Chennai,View  registration details for JOURNAL OF MODERN SCIENCE (TNBIL/2009/29041)
30277,JOURNAL OF MULTIDISCIPLINARY RESEARCH IN HEALTHCARE,CHAENG/2014/57978,29-10-2014,English,Half Yearly,ASHOK K. CHITKARA,CHITKARA UNIVERSITY,Chandigarh,Chandigarh,View  registration details for JOURNAL OF MULTIDISCIPLINARY RESEARCH IN HEALTHCARE (CHAENG/2014/57978)
30278,JOURNAL OF NEONATOLOGY,DELENG/2001/05192,28-08-2001,English,Quarterly,DR. SUNIL KUMAR MEHENDIRATTA,NATIONAL NEONATOLOGY FORUM,Delhi,New Delhi,View  registration details for JOURNAL OF NEONATOLOGY (DELENG/2001/05192)
30279,JOURNAL OF NUCLEAR PHYSICS & MATERIAL SCIENCES RADIATION AND APPLICATION,CHAENG/2013/51628,27-08-2013,English,Half Yearly,ASHOK K. CHITKARA,CHITKARA UNIVERSITY,Chandigarh,Chandigarh,View  registration details for JOURNAL OF NUCLEAR PHYSICS & MATERIAL SCIENCES RADIATION AND APPLICATION (CHAENG/2013/51628)
30280,JOURNAL OF NURSING UPDATES,KERENG/2017/74525,05-02-2018,English,Quarterly,PROF. NIRMALA L.,"GOVERNMENT NURSING COLLEGE,THIRUVANANTHAPURAM",Kerala,Thiruvananthapuram,View  registration details for JOURNAL OF NURSING UPDATES (KERENG/2017/74525)
30281,JOURNAL OF OBSTETRICS ANAESTHESIA AND CRITICAL CARE,MAHENG/2012/40562,30-01-2012,English,Half Yearly,SATISH PANDURANG SAWANT,ASSOCIATION OF OBSTETRIC ANAESTHESIOLOGISTS,Maharashtra,Mumbai,View  registration details for JOURNAL OF OBSTETRICS ANAESTHESIA AND CRITICAL CARE (MAHENG/2012/40562)
30282,JOURNAL OF OPERATIVE DENTISTRY & ENDODONTICS,DELENG/2018/75964,18-09-2018,English,Half Yearly,JITENDAR PAL VIJ,CONSERVATIVE DENTISTRY & ENDODONTICS ASSOCIATION OF TAMIL NADU,Delhi,New Delhi,View  registration details for JOURNAL OF OPERATIVE DENTISTRY & ENDODONTICS (DELENG/2018/75964)
30283,JOURNAL OF ORAL AND MAXILLOFACIAL PATHOLOGY,MAHENG/2011/40003,14-12-2011,English,Thrice In a Year,HEMANT R. MANJREKAR,INDIAN ASSOCIATION OF ORAL AND MAXILLOFACIAL PATHOLOGY,Maharashtra,Mumbai,View  registration details for JOURNAL OF ORAL AND MAXILLOFACIAL PATHOLOGY (MAHENG/2011/40003)
30284,JOURNAL OF ORTHOPAEDICS AND ALLIED SCIENCES,MAHENG/2014/58178,11-11-2014,English,Half Yearly,HEMANT RAMESHCHANDRA MANJREKAR,THE FOUNDATION FOR ORTHOPAEDICS DISABILITY,Maharashtra,Mumbai,View  registration details for JOURNAL OF ORTHOPAEDICS AND ALLIED SCIENCES (MAHENG/2014/58178)
30285,JOURNAL OF ORTHOPAEDICS AND TRAUMATOLOGY,DELENG/2009/29607,,English,Quarterly,SANJIV GOSWAMI,SPRINGER INDIA PVT. LTD.,Delhi,New Delhi,View  registration details for JOURNAL OF ORTHOPAEDICS AND TRAUMATOLOGY (DELENG/2009/29607)
30286,JOURNAL OF PEDIATRIC NEUROSCIENCES,MAHENG/2012/46663,30-11-2012,English,Quarterly,SATISH PANDURANG SAWANT,INDIAN SOCIETY FOR PEDIATRIC NEUROSURGERY,Maharashtra,Mumbai,View  registration details for JOURNAL OF PEDIATRIC NEUROSCIENCES (MAHENG/2012/46663)
30287,JOURNAL OF PERIOPERATIVE ECHOCARDIOGRAPHY (JBMP),DELENG/2018/75951,31-08-2018,English,Half Yearly,JITENDAR PAL VIJ,M/S JAYPEE BROTHERS MEDICAL PUBLISHERS PVT. LTD.,Delhi,New Delhi,View  registration details for JOURNAL OF PERIOPERATIVE ECHOCARDIOGRAPHY (JBMP) (DELENG/2018/75951)
30288,JOURNAL OF PHARMACEUTICAL TECHNOLOGY RESEARCH AND MANAGEMENT,CHAENG/2013/50088,03-06-2013,English,Annual,ASHOK K CHITKARA,CHITKARA UNIVERSITY,Chandigarh,Chandigarh,View  registration details for JOURNAL OF PHARMACEUTICAL TECHNOLOGY RESEARCH AND MANAGEMENT (CHAENG/2013/50088)
30289,JOURNAL OF PHARMACY AND BIOALLIED SCIENCES,MAHENG/2012/41225,22-03-2012,English,Quarterly,HEMANT R. MANJREKAR,ORGANIZATION OF PHARMACEUTICAL UNITY WITH BIOALLIED SCIENCES,Maharashtra,Mumbai,View  registration details for JOURNAL OF PHARMACY AND BIOALLIED SCIENCES (MAHENG/2012/41225)
30290,JOURNAL OF POLITICAL SCIENCE,PUNENG/2005/18316,13-11-2013,English,Half Yearly,B.B. SHARMA,B.B. SHARMA,Punjab,Jalandhar,View  registration details for JOURNAL OF POLITICAL SCIENCE (PUNENG/2005/18316)
30291,JOURNAL OF POLITY AND SOCIETY,KERENG/2008/29819,30-11-2009,English,Half Yearly,DR. G. GOPAKUMAR,G. GOPAKUMAR,Kerala,Thiruvananthapuram,View  registration details for JOURNAL OF POLITY AND SOCIETY (KERENG/2008/29819)
30292,JOURNAL OF POSTGRADUATE MEDICINE,MAHENG/2011/40071,20-12-2011,English,Quarterly,HEMANT R. MANJREKAR,"STAFF SOCIETY, SETH GS MEDICAL COLLEGE AND KEM HOSPITAL",Maharashtra,Mumbai,View  registration details for JOURNAL OF POSTGRADUATE MEDICINE (MAHENG/2011/40071)
30293,JOURNAL OF PURE AND APPLIED ULTRASONICS,39355,15-06-1981,English,Quarterly,,,,,View  registration details for JOURNAL OF PURE AND APPLIED ULTRASONICS (39355)
30294,JOURNAL OF RADIATION AND CANCER RESEARCH SRR,MAHENG/2021/80974,03-02-2022,English,Quarterly,SAMRUDH SATDAS KHADTALE,SOCIETY FOR RADIATION RESEARCH,Maharashtra,Mumbai,View  registration details for JOURNAL OF RADIATION AND CANCER RESEARCH SRR (MAHENG/2021/80974)
30295,JOURNAL OF REAL ESTATE MANAGEMENT,MAHENG/2012/49906,27-05-2013,English,Quarterly,SANJAY CHATURVEDI,ACCOMMODATION TIMES P. LTD.,Maharashtra,Mumbai,View  registration details for JOURNAL OF REAL ESTATE MANAGEMENT (MAHENG/2012/49906)
30296,JOURNAL OF RECENT ADVANCES IN PAIN DPF,DELENG/2017/74579,08-02-2018,English,Four Monthly,JITENDAR PAL VIJ,DARADIA PAIN FOUNDATION,Delhi,New Delhi,View  registration details for JOURNAL OF RECENT ADVANCES IN PAIN DPF (DELENG/2017/74579)
30297,JOURNAL OF RESEARCH,10081,01-01-1964,English,Other,RAVINDER KUMAR SETHI,"PUNJAB AGRICULTURAL UNIVERSITY, LUDHIANA",Punjab,Ludhiana,View  registration details for JOURNAL OF RESEARCH (10081)
30298,JOURNAL OF RESEARCH AND INNOVATION,DELENG/2016/68833,27-09-2016,English,Annual,HARISH ARORA,GURU NANAK DEV KHALSA COLLEGE,Delhi,New Delhi,View  registration details for JOURNAL OF RESEARCH AND INNOVATION (DELENG/2016/68833)
30299,JOURNAL OF RESEARCH IN AYURVEDIC SCIENCES,DELBIL/2017/69872,06-01-2017,"English, HINDI",Quarterly,PROF. VD. KARTAR SINGH DHIMAN,CENTRAL COUNCIL FOR RESEARCH IN AYURVEDIC SCIENCES,Delhi,New Delhi,View  registration details for JOURNAL OF RESEARCH IN AYURVEDIC SCIENCES (DELBIL/2017/69872)
30300,JOURNAL OF RESEARCH THOUGHT,UPBIL/2011/38549,12-08-2011,"English, HINDI",Half Yearly,VIPIN KUMAR SHUKLA,VIPIN KUMAR SHUKLA,Uttar Pradesh,Kanpur Nagar,View  registration details for JOURNAL OF RESEARCH THOUGHT (UPBIL/2011/38549)
30301,JOURNAL OF RESEARCH UPDATES,KARENG/2013/53153,,English,Bimonthly (Once in two months),LAKSHMIKANTH H.M.,SRISHTI INTERNATIONAL,Karnataka,Bengaluru,View  registration details for JOURNAL OF RESEARCH UPDATES (KARENG/2013/53153)
30302,JOURNAL OF RESOURCES ENERGY AND DEVELOPMENT,DELENG/2013/51744,02-09-2013,English,Half Yearly,R.K. PACHAURI,THE ENERGY AND RESOURCES INSTITUTE,Delhi,New Delhi,View  registration details for JOURNAL OF RESOURCES ENERGY AND DEVELOPMENT (DELENG/2013/51744)
30303,JOURNAL OF SCIENTIFIC & INDUSTRIAL RESEARCH,4596,12-12-2005,English,Monthly,HASAN JAWAID KHAN,NATIONAL INSTUTUTE OF SCIENCE COMMUNICATION & INFORMATION RESOURCES,Delhi,New Delhi,View  registration details for JOURNAL OF SCIENTIFIC & INDUSTRIAL RESEARCH (4596)
30304,JOURNAL OF SCIENTIFIC TEMPER,DELENG/2013/52143,23-09-2013,English,Quarterly,DEEKSHA BIST,NATIONAL INSTITUTE OF SCIENCE COMMUNICATION AND INFORMATION RESOURCES,Delhi,New Delhi,View  registration details for JOURNAL OF SCIENTIFIC TEMPER (DELENG/2013/52143)
30305,JOURNAL OF SERVICES RESEARCH,HARENG/2001/04615,19-07-2001,English,Half Yearly,DR. KAMLESH MISRA,INSTITUTE FOR INTERNATIONAL MANAGEMENT & TECHNOLOGY,Haryana,Gurugram,View  registration details for JOURNAL OF SERVICES RESEARCH (HARENG/2001/04615)
30306,JOURNAL OF SKIN AND SEXUALLY TRANSMITTED DISEASES IADVL KERALA,MAHENG/2020/78996,27-07-2021,English,Half Yearly,PRITESH SHETH,INDIAN ASSOCIATION OF DERMATOLOGISTS VENEREOLOGISTS AND LEPROLOGISTS KERALA,Maharashtra,Mumbai,View  registration details for JOURNAL OF SKIN AND SEXUALLY TRANSMITTED DISEASES IADVL KERALA (MAHENG/2020/78996)
30307,JOURNAL OF SOCIAL REALITY,BIHBIL/2011/38550,12-08-2011,"English, HINDI",Quarterly,MOHD. AIYUB RAIN,MOHD. AYUB RAIN,Bihar,Darbhanga,View  registration details for JOURNAL OF SOCIAL REALITY (BIHBIL/2011/38550)
30308,JOURNAL OF SOCIETY FOR POLICY STUDIES INDIA REVIEW & ANALYSIS,DELENG/2019/77535,17-06-2019,English,Fortnightly,PARTHA SARATHI MITRA,MS SOCIETY FOR POLICY STUDIES,Delhi,New Delhi,View  registration details for JOURNAL OF SOCIETY FOR POLICY STUDIES INDIA REVIEW & ANALYSIS (DELENG/2019/77535)
30309,JOURNAL OF SOCIETY OF INDIAN PHYSIOTHERAPISTS,DELENG/2017/71373,20-04-2017,English,Half Yearly,NITESH BANSAL,SOCIETY OF INDIAN PHYSIOTHERAPISTS,Delhi,New Delhi,View  registration details for JOURNAL OF SOCIETY OF INDIAN PHYSIOTHERAPISTS (DELENG/2017/71373)
30310,JOURNAL OF SOUTH ASIAN FEDERATION OF OBSTETRICS AND GYNAECOLOGY AOGS,DELENG/2018/75208,16-05-2018,English,Quarterly,JITENDAR PAL VIJ,AGRA OBSTETRICAL AND GYNAECOLOGICAL SOCIETY,Delhi,New Delhi,View  registration details for JOURNAL OF SOUTH ASIAN FEDERATION OF OBSTETRICS AND GYNAECOLOGY AOGS (DELENG/2018/75208)
30311,JOURNAL OF TECHNOLOGY MANAGEMENT FOR GROWING ECONOMIES,CHAENG/2016/68678,09-09-2016,English,Half Yearly,ASHOK K. CHITKARA,CHITKARA UNIVERSITY,Chandigarh,Chandigarh,View  registration details for JOURNAL OF TECHNOLOGY MANAGEMENT FOR GROWING ECONOMIES (CHAENG/2016/68678)
30312,JOURNAL OF THE ACADEMY OF CLINICAL MICROBIOLOGIST,MAHENG/2013/51442,14-08-2013,English,Half Yearly,HEMANT RAMESHCHANDRA MANJREKAR,ACADEMY OF CLINICAL MICROBIOLOGISTS,Maharashtra,Mumbai,View  registration details for JOURNAL OF THE ACADEMY OF CLINICAL MICROBIOLOGIST (MAHENG/2013/51442)
30313,JOURNAL OF THE ANANTHACHARYA INDOLOGICAL RESEARCH INSTITUTE,MAHENG/2018/75954,31-08-2018,English,Annual,DR. SHASHI KASHYAP,ANANTHACHARYA INDOLOGICAL RESEARCH INSTITUTE,Maharashtra,Mumbai,View  registration details for JOURNAL OF THE ANANTHACHARYA INDOLOGICAL RESEARCH INSTITUTE (MAHENG/2018/75954)
30314,JOURNAL OF THE FILM CHAMBER,1300,04-03-1957,English,Monthly,K.R.SHANKAR,THE SOUTH INDIAN FILM CHAMBER OF COMMERCE,Tamil Nadu,Chennai,View  registration details for JOURNAL OF THE FILM CHAMBER (1300)
30315,JOURNAL OF THE GEOLOGICAL SOCIETY OF INDIA,50456,08-02-2011,English,Monthly,R.H. SAWKAR,GEOLOGICAL SOCIETY OF INDIA,Karnataka,Bengaluru,View  registration details for JOURNAL OF THE GEOLOGICAL SOCIETY OF INDIA (50456)
30316,JOURNAL OF THE INDIAN ACADEMY OF ECHOCARDIOGRAPHY AND CARDIOVASCULAR IMAGING,MAHENG/2019/78635,11-05-2020,English,Four Monthly,SAMRUDH SATDAS KHADTALE,INDIAN ACADEMY OF ECHOCARDIOGRAPHY,Maharashtra,Mumbai,View  registration details for JOURNAL OF THE INDIAN ACADEMY OF ECHOCARDIOGRAPHY AND CARDIOVASCULAR IMAGING (MAHENG/2019/78635)
30317,JOURNAL OF THE INDIAN ANTHROPOLOGICAL SOCIETY,16482,07-02-1968,English,Thrice In a Year,DR. ARABINDA BASU,INDIAN ANTHROPOLOGICAL SOCIETY,West Bengal,Kolkata,View  registration details for JOURNAL OF THE INDIAN ANTHROPOLOGICAL SOCIETY (16482)
30318,JOURNAL OF THE INDIAN INSTITUTE OF ARCHITECTS,9469,30-09-2013,English,Monthly,Vinit Ramkrishna Mirkar,INDIAN INSTITUTE OF ARCHITECTS,Maharashtra,Mumbai,View  registration details for JOURNAL OF THE INDIAN INSTITUTE OF ARCHITECTS (9469)
30319,JOURNAL OF THE INDIAN MEDICAL ASSOCIATION,2557,04-03-1957,English,Monthly,PRASANTA KUMAR BHATTACHARYYA,INDIAN MEDICAL ASSOCIATION,West Bengal,Kolkata,View  registration details for JOURNAL OF THE INDIAN MEDICAL ASSOCIATION (2557)
30320,JOURNAL OF THE INDIAN ROADS CONGRESS,17549,24-10-2013,English,Quarterly,SANJAY KUMAR NIRMAL,INDIAN ROADS CONGRESS,Delhi,New Delhi,View  registration details for JOURNAL OF THE INDIAN ROADS CONGRESS (17549)
30321,JOURNAL OF THE INSTITUTION OF SURVEYORS,9619,30-09-1963,English,Half Yearly,COLMEL J.N.SINHA,COLMEL J.N.SINHA,Uttarakhand,Dehradun,View  registration details for JOURNAL OF THE INSTITUTION OF SURVEYORS (9619)
30322,JOURNAL OF THE INTERNATIONAL CLINICAL DENTAL RESEARCH ORGANIZATION,MAHENG/2011/39894,08-12-2011,English,Thrice In a Year,HEMANT R. MANJREKAR,INTERNATIONAL CLINICAL DENTAL RESEARCH ORGANIZATION,Maharashtra,Mumbai,View  registration details for JOURNAL OF THE INTERNATIONAL CLINICAL DENTAL RESEARCH ORGANIZATION (MAHENG/2011/39894)
30323,JOURNAL OF THE KERALA FILM CHAMBER,7818,16-09-1965,"English, Malayalam",Monthly,K.M.ABDUL AZEEZ,KERALA FILM CHAMBER OF COMMERCE,Kerala,Ernakulam,View  registration details for JOURNAL OF THE KERALA FILM CHAMBER (7818)
30324,JOURNAL OF THE RAJ.INSTT.OF HISTORICAL RESEARCH,10407,25-01-1967,English,Quarterly,M L SHARMA,M L SHARMA,Rajasthan,Jaipur,View  registration details for JOURNAL OF THE RAJ.INSTT.OF HISTORICAL RESEARCH (10407)
30325,JOURNAL OF THE SARBA BHARTIYA SIKSHAK KARMI CONGRESS,42065,18-07-1983,English,Monthly,PRODYOT KUMAR SINHA,SARBA BHARTIYA SIKSHAK SIKSHA KARMI CONGRESS,West Bengal,Kolkata,View  registration details for JOURNAL OF THE SARBA BHARTIYA SIKSHAK KARMI CONGRESS (42065)
30326,JOURNAL OF THE SCHOOL OF INTERNATIONAL STUDIES,DELENG/2008/26328,28-11-2008,English,Quarterly,VIVEK MEHRA,SAGE PUBLICATIONS INDIA PVT LTD.,Delhi,New Delhi,View  registration details for JOURNAL OF THE SCHOOL OF INTERNATIONAL STUDIES (DELENG/2008/26328)
30327,JOURNAL OF THE UNIVERSITY COLLEGE,16995,01-01-1968,English,Annual,N. SUBRAMONIA WARIYAR,"UNIVERSITY COLLEGE, THIRUVANANTHAPURAM",Kerala,Thiruvananthapuram,View  registration details for JOURNAL OF THE UNIVERSITY COLLEGE (16995)
30328,JOURNAL OF THE WEST BENGAL UNIVERSITY OF HEALTH SCIENCES,WBENG/2020/81931,05-09-2022,English,Quarterly,PROF. (DR.) INDRAJIT GUPTA,THE WEST BENGAL UNIVERSITY OF HEALTH SCIENCES,West Bengal,Kolkata,View  registration details for JOURNAL OF THE WEST BENGAL UNIVERSITY OF HEALTH SCIENCES (WBENG/2020/81931)
30329,JOURNAL ON TODAYS IDEAS TOMORROWS TECHNOLOGIES,CHAENG/2013/51235,01-08-2013,English,Half Yearly,ASHOK K. CHITKARA,CHITKARA UNIVERSITY,Chandigarh,Chandigarh,View  registration details for JOURNAL ON TODAYS IDEAS TOMORROWS TECHNOLOGIES (CHAENG/2013/51235)
30330,JOURNALISM AKSHARAME AAYUDHAM,APBIL/25/A3053,07-10-2025,Telugu,Monthly,SIRIKI NUKA NAIDU,SIRIKI NUKA NAIDU,Andhra Pradesh,Visakhapatnam,View  registration details for JOURNALISM AKSHARAME AAYUDHAM (APBIL/25/A3053)
30331,Journalism And Knowlege Times,JKENG/26/A4577,03-06-2026,English,Monthly,Atul Sudan,Atul Sudan,Jammu and Kashmir,Jammu,View  registration details for Journalism And Knowlege Times (JKENG/26/A4577)
30332,JOURNALISM TODAY,HRHIN/25/A2699,18-09-2025,Hindi,Daily,YASMEEN RAHMANI,YASMEEN RAHMANI,Haryana,Rohtak,View  registration details for JOURNALISM TODAY (HRHIN/25/A2699)
30333,JOURNALISM TODAY,UPHIN/2023/86214,25-01-2024,Hindi,Daily,YASMEEN RAHMANI,YASMEEN RAHMANI,Uttar Pradesh,Lucknow,View  registration details for JOURNALISM TODAY (UPHIN/2023/86214)
30334,JOURNALISM TODAY,DELHIN/2013/48870,28-03-2013,Hindi,Daily,YASMEEN RAHMANI,YASMEEN RAHMANI,Delhi,New Delhi,View  registration details for JOURNALISM TODAY (DELHIN/2013/48870)
30335,Journalism Today,CHHIN/26/A6152,25-07-2026,Hindi,Daily,YASMEEN RAHMANI,YASMEEN RAHMANI,Chandigarh,Chandigarh,View  registration details for Journalism Today (CHHIN/26/A6152)
30336,JOURNALIST AKSHARAM,TELTEL/2015/66228,24-02-2016,Telugu,Daily,JELLA NAGESHWAR,JELLA NAGESHWAR,Telangana,Nalgonda,View  registration details for JOURNALIST AKSHARAM (TELTEL/2015/66228)
30337,JOURNALIST AKSHARAM,TELTEL/2014/58391,19-11-2014,Telugu,Monthly,JELLA NAGESHWAR,JELLA NAGESHWAR,Telangana,Nalgonda,View  registration details for JOURNALIST AKSHARAM (TELTEL/2014/58391)
30338,JOURNALIST DESK,MPHIN/2009/49193,15-04-2013,Hindi,Weekly,MANISH MEHTA,MANISH MEHTA,Madhya Pradesh,Indore,View  registration details for JOURNALIST DESK (MPHIN/2009/49193)
30339,JOURNALIST DESK,MPHIN/2017/73718,07-11-2017,Hindi,Daily,MANISH MEHTA,MANISH MEHTA,Madhya Pradesh,Bhopal,View  registration details for JOURNALIST DESK (MPHIN/2017/73718)
30340,JOURNALIST DESK,MPHIN/2023/90943,18-06-2025,Hindi,Daily,MANISH MEHTA,MANISH MEHTA,Madhya Pradesh,Indore,View  registration details for JOURNALIST DESK (MPHIN/2023/90943)
30341,JOURNALIST DIARY,TELTEL/2014/57703,13-10-2014,TELUGU,Monthly,SITARALLA SRIRAMULU,SITARALLA SRIRAMULU,Telangana,Nalgonda,View  registration details for JOURNALIST DIARY (TELTEL/2014/57703)
30342,JOURNALIST DIARY,TELTEL/2015/62524,15-06-2015,TELUGU,Daily,SITARALLA SRIRAMULU,SITARALLA SRIRAMULU,Telangana,Nalgonda,View  registration details for JOURNALIST DIARY (TELTEL/2015/62524)
30343,JOURNALIST EXPRESS,MAHMAR/2012/45174,09-07-2013,Marathi,Weekly,RAJIV SADADHIV LOHAR,RAJIV SADADHIV LOHAR,Maharashtra,Sangli,View  registration details for JOURNALIST EXPRESS (MAHMAR/2012/45174)
30344,JOURNALIST EYE,APTEL/26/A3356,11-05-2026,Telugu,Monthly,R G ASHISH,R G ASHISH,Andhra Pradesh,Sri Potti Sriramulu Nellore,View  registration details for JOURNALIST EYE (APTEL/26/A3356)
30345,JOURNALIST FILE,52813,08-01-1993,Telugu,Daily,D. AJAY,D. AJAY,Andhra Pradesh,Guntur,View  registration details for JOURNALIST FILE (52813)
30346,Journalist Guild,UPENG/26/A3832,18-05-2026,English,Monthly,Vinay kumar maurya,Vinay kumar maurya,Uttar Pradesh,Lucknow,View  registration details for Journalist Guild (UPENG/26/A3832)
30347,JOURNALIST HARYANA,HARHIN/2011/46212,06-11-2012,Hindi,Weekly,BRIJ PAL RANA,BRIJ PAL RANA,Haryana,Kurukshetra,View  registration details for JOURNALIST HARYANA (HARHIN/2011/46212)
30348,JOURNALIST INVESTIGATION NEWS,UPHIN/2015/71483,04-05-2017,Hindi,Monthly,AJAY RASTOGI,AJAY RASTOGI,Uttar Pradesh,Bareilly,View  registration details for JOURNALIST INVESTIGATION NEWS (UPHIN/2015/71483)
30349,journalist junction,UPHIN/25/A5470,30-12-2025,Hindi,Monthly,ASHISH TIWARI,Uttar Pradesh Zila Manyata Prapt Patrakar Samiti,Uttar Pradesh,Lucknow,View  registration details for journalist junction (UPHIN/25/A5470)
30350,JOURNALIST KALAM,APTEL/2017/71522,12-05-2017,Telugu,Monthly,KARYAMSETTI JOHN VARA BABU,BAMMIDI MALATHI,Andhra Pradesh,Visakhapatnam,View  registration details for JOURNALIST KALAM (APTEL/2017/71522)
30351,JOURNALIST KONA,HARHIN/2023/89070,20-09-2024,HINDI,Monthly,VISHAL,VISHAL,Haryana,Ambala,View  registration details for JOURNALIST KONA (HARHIN/2023/89070)
30352,JOURNALIST LEADER,APTEL/2022/86710,04-04-2024,Telugu,Daily,ANNADEVARA RAMESH KUMAR,ANNADEVARA RAMESH KUMAR,Andhra Pradesh,Kakinada,View  registration details for JOURNALIST LEADER (APTEL/2022/86710)
30353,JOURNALIST MATTURI,TELTEL/2006/18961,02-04-2007,Telugu,Monthly,MATTURI NAGESWAR RAO,MATTURI NAGESWAR RAO,Telangana,Warangal,View  registration details for JOURNALIST MATTURI (TELTEL/2006/18961)
30354,JOURNALIST MIRROR,TELENG/2020/80383,12-10-2021,English,Daily,V . MANJULA REDDY,V . MANJULA REDDY,Telangana,Adilabad,View  registration details for JOURNALIST MIRROR (TELENG/2020/80383)
30355,JOURNALIST MIRROR,TELTEL/2019/77984,18-09-2019,Telugu,Daily,V. MANJULA REDDY,V. MANJULA REDDY,Telangana,Adilabad,View  registration details for JOURNALIST MIRROR (TELTEL/2019/77984)
30356,JOURNALIST MIRROR,TELTEL/2013/54232,28-01-2014,Telugu,Monthly,V. MANJULA REDDY,V. MANJULA REDDY,Telangana,Adilabad,View  registration details for JOURNALIST MIRROR (TELTEL/2013/54232)
30357,JOURNALIST NEWS,KARKAN/2005/23149,04-03-2008,Kannada,Fortnightly,SHIDDALINGSWAMY S. PRASADIMATH,SHIDDALINGSWAMY S.PRASADIMATH,Karnataka,Dharwad,View  registration details for JOURNALIST NEWS (KARKAN/2005/23149)
30358,JOURNALIST NIGHAA,APTEL/2016/69793,26-12-2016,Telugu,Daily,SHEIK SALEEM,Y. JAGANMOHAN RAO,Andhra Pradesh,West Godavari,View  registration details for JOURNALIST NIGHAA (APTEL/2016/69793)
30359,JOURNALIST NIGHAA,APTEL/2016/69707,14-12-2016,Telugu,Daily,Y. JAGANMOHAN RAO,Y. JAGANMOHAN RAO,Andhra Pradesh,Guntur,View  registration details for JOURNALIST NIGHAA (APTEL/2016/69707)
30360,JOURNALIST NIGHAA,APTEL/2016/69794,26-12-2016,Telugu,Daily,SHEIK SALEEM,Y. JAGANMOHAN RAO,Andhra Pradesh,East Godavari,View  registration details for JOURNALIST NIGHAA (APTEL/2016/69794)
30361,JOURNALIST NIGHAA,APTEL/2008/24443,24-06-2008,Telugu,Weekly,Y. JAGAN MOHAN RAO,Y. JAGAN MOHAN RAO,Andhra Pradesh,Hyderabad,View  registration details for JOURNALIST NIGHAA (APTEL/2008/24443)
30362,JOURNALIST PADHAM,APTEL/2011/38240,12-07-2011,Telugu,Weekly,D.R. SRIKANTH,D.R. SRIKANTH,Andhra Pradesh,Hyderabad,View  registration details for JOURNALIST PADHAM (APTEL/2011/38240)
30363,JOURNALIST PATRIKA,MAHHIN/2023/88728,28-08-2024,HINDI,Twice a week,ATAURRAHEMAN ABDUL GANI ANSARI,ATAURRAHEMAN ABDUL GANI ANSARI,Maharashtra,Dhule,View  registration details for JOURNALIST PATRIKA (MAHHIN/2023/88728)
30364,JOURNALIST PEN,ORENG/25/A0476,27-05-2025,English,Weekly,CHITTARANJAN PANI,CHITTARANJAN PANI,Odisha,Khordha,View  registration details for JOURNALIST PEN (ORENG/25/A0476)
30365,JOURNALIST POWER,APTEL/2015/64830,20-11-2015,Telugu,Monthly,P. YOGESWARA RAO,P. YOGESWARA RAO,Andhra Pradesh,Visakhapatnam,View  registration details for JOURNALIST POWER (APTEL/2015/64830)
30366,JOURNALIST POWER,APTEL/25/A1712,07-07-2025,Telugu,Daily,PENUGUDURU YOGESWARA RAO,PENUGUDURU YOGESWARA RAO,Andhra Pradesh,East Godavari,View  registration details for JOURNALIST POWER (APTEL/25/A1712)
30367,JOURNALIST POWER,APTEL/2018/78404,21-01-2020,Telugu,Daily,P. YOGESWARA RAO,P. YOGESWARA RAO,Andhra Pradesh,Visakhapatnam,View  registration details for JOURNALIST POWER (APTEL/2018/78404)
30368,JOURNALIST RAVI,HARHIN/2015/62537,12-06-2015,HINDI,Monthly,RAVINDER SINGH,RAVINDER SINGH,Haryana,Kurukshetra,View  registration details for JOURNALIST RAVI (HARHIN/2015/62537)
30369,JOURNALIST REPORT,DELHIN/2016/68071,01-08-2016,Hindi,Weekly,VIKRAM,VIKRAM,Delhi,New Delhi,View  registration details for JOURNALIST REPORT (DELHIN/2016/68071)
30370,JOURNALIST SAHASAM,TELTEL/2018/74872,23-02-2018,Telugu,Monthly,VEMULA VENKATESHWARLU,VEMULA VENKATESHWARLU,Telangana,Nalgonda,View  registration details for JOURNALIST SAHASAM (TELTEL/2018/74872)
30371,JOURNALIST TIMES,APENG/2010/40368,12-01-2012,English,Monthly,N. PURUSHOTHAM,N. PURUSHOTHAM,Andhra Pradesh,Chittoor,View  registration details for JOURNALIST TIMES (APENG/2010/40368)
30372,JOURNALIST TODAY,MPHIN/2001/12779,17-06-2004,Hindi,Fortnightly,SARIKA NARVADIA,SARIKA NARVADIYA,Madhya Pradesh,Bhopal,View  registration details for JOURNALIST TODAY (MPHIN/2001/12779)
30373,JOURNALIST UNION BULLETIN,MPHIN/2007/21773,26-11-2007,Hindi,Monthly,RENU NATHANI,RENU NATHANI,Madhya Pradesh,Bhopal,View  registration details for JOURNALIST UNION BULLETIN (MPHIN/2007/21773)
30374,JOURNALIST UNION OF UTTARANCHAL,UTTHIN/2014/56279,23-07-2014,Hindi,Weekly,RUDESH GHILDIYAL,RUDESH GHILDIYAL,Uttarakhand,Dehradun,View  registration details for JOURNALIST UNION OF UTTARANCHAL (UTTHIN/2014/56279)
30375,JOURNALIST UNION OF UTTARANCHAL,UTTHIN/2004/13056,20-08-2004,Hindi,Monthly,RUDESH GAUR,RUDESH GAUR,Uttarakhand,Dehradun,View  registration details for JOURNALIST UNION OF UTTARANCHAL (UTTHIN/2004/13056)
30376,JOURNALIST VAARTHA,TELTEL/2023/87607,24-06-2024,TELUGU,Daily (Monday To Saturday),JELLA NAGESHWAR,JELLA NAGESHWAR,Telangana,Nalgonda,View  registration details for JOURNALIST VAARTHA (TELTEL/2023/87607)
30377,JOURNALIST VANI,APTEL/2009/29913,02-12-2009,Telugu,Monthly,BHEEMAGANI MAHESHWAR,BHEEMAGANI MAHESHWAR,Telangana,Rangareddy,View  registration details for JOURNALIST VANI (APTEL/2009/29913)
30378,JOURNALIST VIEWS,GUJGUJ/2023/87377,28-05-2024,Gujarati,Weekly,SIDDHI MAHESHBHAI DAVE,SIDDHI MAHESHBHAI DAVE,Gujarat,Ahmedabad,View  registration details for JOURNALIST VIEWS (GUJGUJ/2023/87377)
30379,JOURNALIST VOICE,TNTAM/2015/65996,05-02-2016,Tamil,Monthly,R. ANANDAN,R.ANANDAN,Tamil Nadu,Chennai,View  registration details for JOURNALIST VOICE (TNTAM/2015/65996)
30380,JOURNALIST VOICE,KNKAN/25/A4445,28-11-2025,Kannada,Daily,Mallikarjuna B,Mallikarjuna B,Karnataka,Bengaluru,View  registration details for JOURNALIST VOICE (KNKAN/25/A4445)
30381,JOURNALIST WORLD,UTTHIN/2013/47879,07-02-2013,Hindi,Quarterly,RAJENDRA SINGH NEGI,RAJENDRA SINGH NEGI,Uttarakhand,Dehradun,View  registration details for JOURNALIST WORLD (UTTHIN/2013/47879)
30382,JOURNALISTS BARTA,ASSASS/2014/56998,05-09-2014,Assamese,Weekly,PRABHAT CHANDRA SHARMA,PRABHAT CHANDRA SHARMA,Assam,Kamrup Metropolitan,View  registration details for JOURNALISTS BARTA (ASSASS/2014/56998)
30383,JOURNALISTS VISION,TELBIL/2009/29601,20-11-2009,"English, Urdu",Monthly,SYED OSMAN RASHEED,SYED OSMAN RASHEED,Telangana,Hyderabad,View  registration details for JOURNALISTS VISION (TELBIL/2009/29601)
30384,JOURNALOF ADVANCED PHARMACEUTICAL TECHNOLOGY & RESEARCH,MAHENG/2011/38667,26-08-2011,English,Quarterly,SATISH PANDURANG SAWANT,SOCIETY OF PHARMACEUTICAL EDUCATION & RESEARCH,Maharashtra,Mumbai,View  registration details for JOURNALOF ADVANCED PHARMACEUTICAL TECHNOLOGY & RESEARCH (MAHENG/2011/38667)
30385,JOURNALOF INDIAN LEATHER TECHNOLOGISTS ASSOCIATION,2839,28-08-2014,English,Monthly,S.D. SET,INDIAN LEATHER TECHNOLOGISTS ASSOCIATION,West Bengal,Kolkata,View  registration details for JOURNALOF INDIAN LEATHER TECHNOLOGISTS ASSOCIATION (2839)
30386,JOURNEY 2 MONEY,MAHENG/2011/40895,27-02-2012,ENGLISH,Monthly,PIYUSH J. DESAI,VCARE INVESTMENT SERVICES PVT. LTD.,Maharashtra,Mumbai,View  registration details for JOURNEY 2 MONEY (MAHENG/2011/40895)
30387,JOURNEY LINE,72075,03-11-1999,English,Daily,AMIT SAWHNEY,JOURNEY LINE (A PARTNERSHIP FIRM),Jammu and Kashmir,Jammu,View  registration details for JOURNEY LINE (72075)
30388,JOURNEY OF INDIA,DELHIN/2014/59051,17-12-2014,Hindi,Monthly,RONALD JOSEPH,RONALD JOSEPH,Delhi,New Delhi,View  registration details for JOURNEY OF INDIA (DELHIN/2014/59051)
30389,JOURNEY OF SUCCESS,UPHIN/2013/53934,10-01-2014,Hindi,Daily,SUBODH SHARMA,"SATYA, PREM & AHINSA SAMAJ KALYAN TRUST.",Uttar Pradesh,Ghaziabad,View  registration details for JOURNEY OF SUCCESS (UPHIN/2013/53934)
30390,JOY BHARAT SANGBAD,ASHIN/26/A5652,02-07-2026,Hindi,Weekly,PRASANTA BAISHYA,PRASANTA BAISHYA,Assam,Sonitpur,View  registration details for JOY BHARAT SANGBAD (ASHIN/26/A5652)
30391,JOYDEV BARTA,WBBEN/2011/38011,24-06-2011,Bengali,Fortnightly,ANADI BANDYOPADHYAY,ANADI BANDYOPADHYAY,West Bengal,Birbhum,View  registration details for JOYDEV BARTA (WBBEN/2011/38011)
30392,JOYSHEET,MPBIL/26/A2570,15-04-2026,"English, Hindi",Weekly,KSHITIJ GOUR,KSHITIJ GOUR,Madhya Pradesh,Katni,View  registration details for JOYSHEET (MPBIL/26/A2570)
30393,JOYSHEET,CHHBIL/2020/79013,02-11-2020,"English, HINDI",Monthly,KSHITIJ GOUR,KSHITIJ GOUR,Chhattisgarh,Raipur,View  registration details for JOYSHEET (CHHBIL/2020/79013)
30394,JOYTI MADHURIMA,54329,26-06-1992,Hindi,Monthly,GEETA CHAUHAN,GEETA CHAUHAN,Uttar Pradesh,Kanpur Nagar,View  registration details for JOYTI MADHURIMA (54329)
30395,JP NEWS,UPHIN/2015/64849,20-11-2015,Hindi,Daily,JAI PRAKASH SINGH,JAI PRAKASH SINGH,Uttar Pradesh,Gautam Buddha Nagar,View  registration details for JP NEWS (UPHIN/2015/64849)
30396,JP NEWS,UPHIN/26/A1487,13-03-2026,Hindi,Monthly,JAI PRAKASH SINGH,JAI PRAKASH SINGH,Uttar Pradesh,Gautam Buddha Nagar,View  registration details for JP NEWS (UPHIN/26/A1487)
30397,JR EXPRESS,UPHIN/2019/82968,,Hindi,Weekly,JAY PRAKASH SHARMA,JR NEWS BROADCASTING AND ADVERTISING NETWORK PRIVATE LIMITED,Uttar Pradesh,Hathras,View  registration details for JR EXPRESS (UPHIN/2019/82968)
30398,JRNL OF BENGAL CHEMISTS AND DRUGGISTS ASSOCIATION,2702,04-03-1957,English,Monthly,CHITTARANJAN SUR,ASSOCIATION OF CHEMISTS & DRUGGISTS,West Bengal,Kolkata,View  registration details for JRNL OF BENGAL CHEMISTS AND DRUGGISTS ASSOCIATION (2702)
30399,JSS VARTHA PATHRA,KARBIL/2014/66470,23-03-2016,"English, Kannada",Monthly,B.N. BETKERUR,JSS MAHAVIDYAPEETHA,Karnataka,Mysore,View  registration details for JSS VARTHA PATHRA (KARBIL/2014/66470)
30400,JUBA MORCHA,ODIODI/2009/29612,20-11-2009,Oriya,Weekly,TILOTTAMA NAYAK,TILOTTAMA NAYAK,Odisha,Khordha,View  registration details for JUBA MORCHA (ODIODI/2009/29612)
30401,JUBA MORCHA,ODIODI/2022/83824,17-04-2023,Oriya,Daily,TILOTTAMA NAYAK,TILOTTAMA NAYAK,Odisha,Puri,View  registration details for JUBA MORCHA (ODIODI/2022/83824)
30402,JUBANEIN AVADH,UPURD/2008/28103,24-06-2009,Urdu,Daily,FAHAD HYDAR,FAHAD HYDAR,Uttar Pradesh,Lucknow,View  registration details for JUBANEIN AVADH (UPURD/2008/28103)
30403,JUBILEE TIMES,TELBIL/2017/71538,11-05-2017,"English, Telugu",Weekly,M. MEENALATHA SREENIVAS,M MEENALATHA SREENIVAS,Telangana,Hyderabad,View  registration details for JUBILEE TIMES (TELBIL/2017/71538)
30404,JUBO DARPAN,ASSBEN/2014/58572,28-11-2014,Bengali,Weekly,DILU DAS,DILU DAS,Assam,Cachar,View  registration details for JUBO DARPAN (ASSBEN/2014/58572)
30405,JUDGEMENT,RAJHIN/2004/15813,19-12-2005,Hindi,Fortnightly,SRIKANT SHARMA,SRIKANT SHARMA,Rajasthan,Hanumangarh,View  registration details for JUDGEMENT (RAJHIN/2004/15813)
30406,JUDGEMENT AAJ TAK,UPHIN/2015/63486,31-07-2015,Hindi,Weekly,AMBIKA PRASAD,AMBIKA PRASAD,Uttar Pradesh,Lucknow,View  registration details for JUDGEMENT AAJ TAK (UPHIN/2015/63486)
30407,JUDGEMENT AND LAW TODAY,UPHIN/2014/72944,11-08-2017,Hindi,Monthly,KIRAN,KIRAN,Uttar Pradesh,Mirzapur,View  registration details for JUDGEMENT AND LAW TODAY (UPHIN/2014/72944)
30408,JUDGEMENT JANTA KA,UPHIN/2013/52390,03-10-2013,Hindi,Weekly,A.S. CHAUDHARY,A.S. CHAUDHARY,Uttar Pradesh,Siddharthnagar,View  registration details for JUDGEMENT JANTA KA (UPHIN/2013/52390)
30409,JUDGEMENT NEWS,UPHIN/2009/30255,01-01-2010,Hindi,Weekly,MOHD. WASEEM,MD. VASEEM,Uttar Pradesh,Lucknow,View  registration details for JUDGEMENT NEWS (UPHIN/2009/30255)
30410,JUDGEMENT TIMES,UPHIN/2007/22338,31-12-2007,Hindi,Weekly,Mohd Asif,Mohd Asif,Uttar Pradesh,Lucknow,View  registration details for JUDGEMENT TIMES (UPHIN/2007/22338)
30411,Judgment News,APTEL/26/A5270,17-06-2026,Telugu,Monthly,surisetty satyanarayana,surisetty satyanarayana,Andhra Pradesh,Visakhapatnam,View  registration details for Judgment News (APTEL/26/A5270)
30412,JUDI NEWS,KARKAN/2023/87938,16-07-2024,KANNADA,Daily Evening,YAMANAPPA,YAMANAPPA,Karnataka,Koppal,View  registration details for JUDI NEWS (KARKAN/2023/87938)
30413,JUDICIAL CRIMINAL REPORTS,UPBIL/2017/73971,20-01-2020,"English, HINDI",Monthly,ASHUTOSH KUMAR SRIVASTAVA,ASHUTOSH KUMAR SRIVASTAVA,Uttar Pradesh,Kanpur Nagar,View  registration details for JUDICIAL CRIMINAL REPORTS (UPBIL/2017/73971)
30414,JUDICIAL INTERPRETATION ON CRIMES REPORTS,UPENG/2017/73026,,English,Monthly,SHAD AHMAD,SHAD AHMAD,Uttar Pradesh,Prayagraj,View  registration details for JUDICIAL INTERPRETATION ON CRIMES REPORTS (UPENG/2017/73026)
30415,JUDICIAL QUEST,APENG/2013/53408,06-12-2013,English,Fortnightly,SYED ALI TAHER @ ABEEDI,SYED ALI TAHER @ ABEEDI,Andhra Pradesh,Hyderabad,View  registration details for JUDICIAL QUEST (APENG/2013/53408)
30416,JUDICIAL REVIEW,MAHBIL/2017/74754,19-02-2018,"Marathi, Hindi",Weekly,SUMEET MAHESH BAJAJ,SUMEET MAHESH BAJAJ,Maharashtra,Akola,View  registration details for JUDICIAL REVIEW (MAHBIL/2017/74754)
30417,JUGA AWAAJ,ORORI/26/A0623,21-01-2026,Oriya,Daily,RAMA KRISHNA GOUDA,Prasanta Kumar Pothal,Odisha,Khordha,View  registration details for JUGA AWAAJ (ORORI/26/A0623)
30418,JUGA PRABARTAK,ODIODI/2018/76641,04-01-2019,Oriya,Quarterly,RAJENDRA BURMA,RAJENDRA BURMA,Odisha,Khordha,View  registration details for JUGA PRABARTAK (ODIODI/2018/76641)
30419,JUGADHARMA,13763,01-01-1962,Assamese,Weekly,SATISH CHANDRA ROY,ASSAM STATE COOPERATIVE UNION,Assam,Kamrup Metropolitan,View  registration details for JUGADHARMA (13763)
30420,JUGAL BANDI,48652,12-12-2005,Hindi,Fortnightly,OM PRAKASH SONI,OM PRAKASH SONI,Rajasthan,Sikar,View  registration details for JUGAL BANDI (48652)
30421,JUGAL KISHORE TIMES,DELHIN/2016/69342,16-11-2016,Hindi,Monthly,BHUPENDER KUMAR,BHUPENDER KUMAR,Delhi,New Delhi,View  registration details for JUGAL KISHORE TIMES (DELHIN/2016/69342)
30422,JUGAL KRIPA,48409,06-12-1988,Hindi,Fortnightly,SATISH BHARDWAJ,SATISH BHARDWAJ,Rajasthan,Jaipur,View  registration details for JUGAL KRIPA (48409)
30423,JUGAL REKHA,WBBEN/2016/69247,10-11-2016,Bengali,Weekly,SARMISTHA BHOWMIK ROY,SARMISTHA BHOWMIK ROY,West Bengal,North 24 Parganas,View  registration details for JUGAL REKHA (WBBEN/2016/69247)
30424,JUGALBANDI KA JADU,54505,10-01-1992,Hindi,Fortnightly,KRISHNA SONI,KRISHNA SONI,Rajasthan,Sikar,View  registration details for JUGALBANDI KA JADU (54505)
30425,JUGANTAKARI BHAVNA,WBBEN/25/A4843,05-12-2025,Bengali,Fortnightly,SUBRATA BHOWMIK,SUBRATA BHOWMIK,West Bengal,North 24 Parganas,View  registration details for JUGANTAKARI BHAVNA (WBBEN/25/A4843)
30426,JUGAR SANDHAN,62194,19-06-1995,"Bengali, Assamese",Weekly,SUBRATA DUTTA,PANDIT SANJIB NARAYAN DASS,Assam,Tinsukia,View  registration details for JUGAR SANDHAN (62194)
30427,JUGASANKHA,WBBEN/2015/61120,07-04-2015,Bengali,Daily,NILAKSHA CHOUDHURY,SANKHA PRESS PVT. LTD.,West Bengal,Kolkata,View  registration details for JUGASANKHA (WBBEN/2015/61120)
30428,JUGASANKHA,ASSBEN/2001/5001,21-12-2012,Bengali,Daily,SHRI JIBAN SUKLABAIDYA,SANKHA PRESS PVT. LTD.,Assam,Cachar,View  registration details for JUGASANKHA (ASSBEN/2001/5001)
30429,JUGASHREE JUGANARI,52641,14-09-2012,Oriya,Monthly,MAMATA MOHAPATRA,MAMTA MOHAPATRA,Odisha,Baleshwar,View  registration details for JUGASHREE JUGANARI (52641)
30430,JUGNU,65798,07-08-1998,Gujarati,Weekly,PATEL PRATIKKUMAR KAUSHIKBHAI,PATEL PRATIKKUMAR KAUSHIK BHAI,Gujarat,Ahmedabad,View  registration details for JUGNU (65798)
30431,JUGNU KHABAR,UTTHIN/2022/83353,22-02-2023,Hindi,Weekly,JUGNU KHAN,JUGNU KHAN,Uttarakhand,Udham Singh Nagar,View  registration details for JUGNU KHABAR (UTTHIN/2022/83353)
30432,JUHAPURA EXPRESS,GUJGUJ/2015/73829,15-11-2017,Gujarati,Weekly,SAJJAD USMANBHAI MANSURI,SAJJAD USMANBHAI MANSURI,Gujarat,Ahmedabad,View  registration details for JUHAPURA EXPRESS (GUJGUJ/2015/73829)
30433,Juhapura First,GJGUJ/25/A0995,04-06-2025,Gujarati,Weekly,Mehulkumar Hirabhai Ratadiya,Mehulkumar Hirabhai Ratadiya,Gujarat,Ahmedabad,View  registration details for Juhapura First (GJGUJ/25/A0995)
30434,JUJHAR TIMES,PUNPUN/2018/76931,05-03-2019,Punjabi,Daily,BALWINDER SINGH,BALWINDER SINGH,Punjab,Ludhiana,View  registration details for JUJHAR TIMES (PUNPUN/2018/76931)
30435,JUJHOTIA BANDHU,20385,12-11-1970,Hindi,Monthly,KAMTA PRASAD B.,KAMTA PRASAD B,Uttar Pradesh,Jhansi,View  registration details for JUJHOTIA BANDHU (20385)
30436,JUJHOTIYA MARTAND,19220,01-01-1969,Hindi,Weekly,SUNDER LAL DWIVEDI,SUNER LAL DWIVEDI,Uttar Pradesh,Jhansi,View  registration details for JUJHOTIYA MARTAND (19220)
30437,JULM KA KHATMA,DELHIN/2015/60745,11-03-2015,Hindi,Weekly,REKHA BAJAJ,REKHA BAJAJ,Delhi,New Delhi,View  registration details for JULM KA KHATMA (DELHIN/2015/60745)
30438,JULM SE JUNG,DELENG/2009/35994,07-03-2011,English,Daily,RAJEEV DHINGRA,RAJEEV DHINGRA,Delhi,New Delhi,View  registration details for JULM SE JUNG (DELENG/2009/35994)
30439,JULM SE JUNG,DELHIN/2011/38256,15-07-2011,Hindi,Daily,RAJEEV DHINGRA,RAJEEV DHINGRA,Delhi,New Delhi,View  registration details for JULM SE JUNG (DELHIN/2011/38256)
30440,JULM SE JUNG,DELHIN/2017/73930,,Hindi,Monthly,RAJEEV DHINGRA,RAJEEV DHINGRA,Delhi,New Delhi,View  registration details for JULM SE JUNG (DELHIN/2017/73930)
30441,JULM SE JUNG,66195,16-01-1997,Hindi,Weekly,RAJIV DHINGRA,RAJEEV DHINGRA,Delhi,New Delhi,View  registration details for JULM SE JUNG (66195)
30442,JUMBO TIMES,JKHIN/2007/22882,28-04-2009,Hindi,Daily,MARIDULA,SHAM LAL MEHRA,Jammu and Kashmir,Jammu,View  registration details for JUMBO TIMES (JKHIN/2007/22882)
30443,JUMLA,UPURD/2015/64200,13-10-2015,Urdu,Daily,FARHAT,FARHAT,Uttar Pradesh,Lucknow,View  registration details for JUMLA (UPURD/2015/64200)
30444,JUMP STREET,DELENG/2016/67252,02-06-2016,English,Monthly,RAVI SUBRAMANIAM,RAVI SUBRAMANIAM,Delhi,New Delhi,View  registration details for JUMP STREET (DELENG/2016/67252)
30445,JUNAGADH BHASKAR,GUJGUJ/2023/87425,10-06-2024,Gujarati,Daily,Trivedi Suresh Arunkumar,Trivedi Suresh Arunkumar,Gujarat,Junagadh,View  registration details for JUNAGADH BHASKAR (GUJGUJ/2023/87425)
30446,JUNAGADH CONTROL,GUJGUJ/2013/50576,28-06-2013,Gujarati,Weekly,SAKIL ALARAKHA SODHA,SAKIL ALARAKHA SODHA,Gujarat,Junagadh,View  registration details for JUNAGADH CONTROL (GUJGUJ/2013/50576)
30447,JUNAGADH EXPRESS,GUJGUJ/2016/69613,16-12-2016,Gujarati,Weekly,PARESH KUMAR KAKUBHAI BUDDHBHATTI,PARESH KUMAR KAKUBHAI BUDDHBHATTI,Gujarat,Junagadh,View  registration details for JUNAGADH EXPRESS (GUJGUJ/2016/69613)
30448,JUNAGADH MAHILA,67535,01-01-1997,Gujarati,Weekly,BHARDAVA NIRAVKUMAR BHIKHALAL,BHARDAVA NIRAVKUMAR BHIKHALAL,Gujarat,Junagadh,View  registration details for JUNAGADH MAHILA (67535)
30449,JUNAGADH PARIVAR,68064,23-03-1998,Gujarati,Weekly,JETHAWA NITIN KUMAR BABU BHAI,JETHAWA NITIN KUMAR BABU BHAI,Gujarat,Junagadh,View  registration details for JUNAGADH PARIVAR (68064)
30450,JUNAGADH TODAY,66329,24-02-2011,Gujarati,Daily,KRUSHANKANTA A. RUPARELIA,KRUSHANKANTA A. RUPARELIA,Gujarat,Junagadh,View  registration details for JUNAGADH TODAY (66329)
30451,JUNAGADH VIKAS,GUJGUJ/2013/48354,01-03-2013,Gujarati,Weekly,BELIM MAHEMOODBHAI HABIBBHAI,BELIM MEHAMOOD HABIBBHAI,Gujarat,Junagadh,View  registration details for JUNAGADH VIKAS (GUJGUJ/2013/48354)
30452,JUNCTION TIMES,JHENG/25/A0833,02-06-2025,English,Weekly,Somdutt Tripathi,Somdutt Tripathi,Jharkhand,Ranchi,View  registration details for JUNCTION TIMES (JHENG/25/A0833)
30453,JUNED TIMES,MPHIN/2017/73217,12-09-2017,Hindi,Daily,JUNED MANSUR,JUNED MANSUR,Madhya Pradesh,Bhopal,View  registration details for JUNED TIMES (MPHIN/2017/73217)
30454,JUNED TIMES,MPHIN/2017/75578,20-06-2018,Hindi,Weekly,JUNED MANSUR,JUNED MANSUR,Madhya Pradesh,Bhopal,View  registration details for JUNED TIMES (MPHIN/2017/75578)
30455,JUNED TIMES,MPHIN/2016/68285,16-08-2016,Hindi,Monthly,JUNED MANSUR,JUNED MANSUR,Madhya Pradesh,Bhopal,View  registration details for JUNED TIMES (MPHIN/2016/68285)
30456,JUNG E AWAZ,UPHIN/26/A1529,16-03-2026,Hindi,Monthly,Anand kumar Verma,Anand kumar Verma,Uttar Pradesh,Lucknow,View  registration details for JUNG E AWAZ (UPHIN/26/A1529)
30457,JUNG E AWAZ,UPHIN/2016/69478,06-12-2016,Hindi,Weekly,ANAND KUMAR VERMA,ANAND KUMAR VERMA,Uttar Pradesh,Lucknow,View  registration details for JUNG E AWAZ (UPHIN/2016/69478)
30458,JUNG JADEED,DELURD/2014/59471,09-01-2015,Urdu,Daily,FAIZ AHMAD FAIZ,FAIZ AHMAD FAIZ,Delhi,New Delhi,View  registration details for JUNG JADEED (DELURD/2014/59471)
30459,JUNG SATTA,UPHIN/2010/33917,07-10-2010,Hindi,Monthly,MOHD. RIZWAN ANSARI,MOHD RIZWAN ANSARI,Uttar Pradesh,Bulandshahr,View  registration details for JUNG SATTA (UPHIN/2010/33917)
30460,JUNG-E-GUJARAT,GUJGUJ/2004/15636,18-11-2005,Gujarati,Weekly,DHANANJAY U. ZAVERI,DHANANJAY U. ZAVERI,Gujarat,Bharuch,View  registration details for JUNG-E-GUJARAT (GUJGUJ/2004/15636)
30461,JUNGAL KA RAJA,CHHHIN/2007/21676,05-11-2007,Hindi,Weekly,SANTOSH MISHRA,SANTOSH MISHRA,Chhattisgarh,Rajnandgaon,View  registration details for JUNGAL KA RAJA (CHHHIN/2007/21676)
30462,JUNGLE GATHA,JHAHIN/2007/21787,26-11-2007,Hindi,Monthly,ASHOK BHAGAT,"VIKAS BHARTI, SHODH & ADDHYAN KENDER",Jharkhand,Ranchi,View  registration details for JUNGLE GATHA (JHAHIN/2007/21787)
30463,Jungle Journal,RJENG/26/A6771,13-08-2026,English,Monthly,Manikarnika Sharma,Manikarnika Sharma,Rajasthan,Jaipur,View  registration details for Jungle Journal (RJENG/26/A6771)
30464,JUNIOR EXPRESS,BIHBIL/2017/74496,,"English, HINDI",Monthly,NUTAN KUMARI,NUTAN KUMARI,Bihar,Madhubani,View  registration details for JUNIOR EXPRESS (BIHBIL/2017/74496)
30465,JUNIOR KURAL,TNTAM/2014/57000,06-09-2014,Tamil,Daily,M.G. ETHAYARAJAN,M.G. ETHAYARAJAN,Tamil Nadu,Chennai,View  registration details for JUNIOR KURAL (TNTAM/2014/57000)
30466,JUNIOR MASTER,TNTAM/2005/17824,04-09-2013,Tamil,Fortnightly,K.V.RAJAVEL,K.V.RAJAVEL,Tamil Nadu,Chennai,View  registration details for JUNIOR MASTER (TNTAM/2005/17824)
30467,JUNIOR REPORTER,TNTAM/2020/83063,11-01-2023,Tamil,Daily,M Samaya Selvam,M SAMAYA SELVAM,Tamil Nadu,Madurai,View  registration details for JUNIOR REPORTER (TNTAM/2020/83063)
30468,JUNIOR SCIENCE REFRESHER,45874,06-02-1987,English,Monthly,PRITAM SINGH,PRITAM SINGH,Delhi,New Delhi,View  registration details for JUNIOR SCIENCE REFRESHER (45874)
30469,JUNIOR TALKS,TNTAM/25/A0011,15-01-2025,Tamil,Fortnightly,C SENTHILKUMAR,C SENTHILKUMAR,Tamil Nadu,Chennai,View  registration details for JUNIOR TALKS (TNTAM/25/A0011)
30470,JUNIOR TIMES,10596,,,,,,,,View  registration details for JUNIOR TIMES (10596)
30471,JUNIOR VIKATAN,33804,21-10-2013,Tamil,Twice a week,Appas Ali M,ANANDA VIKATAN PUBLISHERS PRIVATE LIMITED,Tamil Nadu,Chennai,View  registration details for JUNIOR VIKATAN (33804)
30472,JUNIOR VISION,TNTAM/2016/69381,17-11-2016,Tamil,Monthly,M. RAVICHANDRAN,M.RAVICHANDRAN,Tamil Nadu,Chennai,View  registration details for JUNIOR VISION (TNTAM/2016/69381)
30473,JUNNAR MITRA,MAHBIL/2015/66522,28-03-2016,"English, Marathi",Monthly,ASHUTOSH GANGADHAR JOGLEKAR,ASHUTOSH GANGADHAR JOGLEKAR,Maharashtra,Pune,View  registration details for JUNNAR MITRA (MAHBIL/2015/66522)
30474,JUNUBI SAHAARA,KNURD/25/A2296,26-08-2025,Urdu,Daily,RAHMATULLAH HAMEEDI,RAHMATULLAH HAMEEDI,Karnataka,Bengaluru,View  registration details for JUNUBI SAHAARA (KNURD/25/A2296)
30475,JURAM AUR KANOON,PUNHIN/2009/32765,25-06-2010,Hindi,Monthly,JASPREET SINGH,JASPREET SINGH,Punjab,Amritsar,View  registration details for JURAM AUR KANOON (PUNHIN/2009/32765)
30476,JURAT E IMAN,MAHURD/2015/66832,04-05-2016,Urdu,Fortnightly,RAJA IFTEKHAR HUSAIN HUSAIN ALI,RAJA IFTEKHAR HUSAIN HUSAIN ALI,Maharashtra,Nashik,View  registration details for JURAT E IMAN (MAHURD/2015/66832)
30477,JURM AUR DASTAN,UPHIN/2010/33673,21-09-2010,Hindi,Weekly,MOHD. AMAN SIDDIQUI,MD. AMAN SIDDIQUI,Uttar Pradesh,Lucknow,View  registration details for JURM AUR DASTAN (UPHIN/2010/33673)
30478,JURM AUR INSAAF,UPHIN/2009/27432,31-07-2009,Hindi,Fortnightly,NASEER HAIDER ZAIDI,NASIR HAIDER ZAIDI,Uttar Pradesh,Saharanpur,View  registration details for JURM AUR INSAAF (UPHIN/2009/27432)
30479,JURM AUR KANOON,GUJGUJ/2007/21423,04-04-2014,Gujarati,Weekly,KIRAN RAMESHKUMAR MALI,KIRAN RAMESHKUMAR MALI,Gujarat,Ahmedabad,View  registration details for JURM AUR KANOON (GUJGUJ/2007/21423)
30480,JURM DIARY,MAHHIN/2013/52776,24-10-2013,Hindi,Weekly,IMTIYAZ AHMED M.H ANSARI,IMTIYAZ AHMED M.H ANSARI,Maharashtra,Mumbai,View  registration details for JURM DIARY (MAHHIN/2013/52776)
30481,JURM KA AAINA,UTTHIN/2013/50502,26-06-2013,Hindi,Weekly,ARUN KUMAR,ARUN KUMAR,Uttarakhand,Dehradun,View  registration details for JURM KA AAINA (UTTHIN/2013/50502)
30482,JURM KA DARPAN,UPHIN/2012/50047,03-06-2013,Hindi,Weekly,GULSHER KHAN,GULSHER KHAN,Uttar Pradesh,Muzaffarnagar,View  registration details for JURM KA DARPAN (UPHIN/2012/50047)
30483,JURM KA PARDAFASH,DELHIN/2016/67052,26-05-2016,Hindi,Weekly,RAJU,RAJU,Delhi,New Delhi,View  registration details for JURM KA PARDAFASH (DELHIN/2016/67052)
30484,JURM KI AAHAT,UPHIN/2015/64201,13-10-2015,Hindi,Weekly,TABASSUM NISHA,TABASSUM NISHA,Uttar Pradesh,Lucknow,View  registration details for JURM KI AAHAT (UPHIN/2015/64201)
30485,JURM KI ADALAT,UPHIN/2014/55763,29-05-2014,Hindi,Weekly,REVATI MISHRA,REVATI MISHRA,Uttar Pradesh,Lakhimpur Kheri,View  registration details for JURM KI ADALAT (UPHIN/2014/55763)
30486,JURM KI DUNIYA,68611,20-06-1998,Hindi,Fortnightly,ASHOK KUMAR TIWARI,ASHOK KUMAR TIWARI,Uttar Pradesh,Faizabad,View  registration details for JURM KI DUNIYA (68611)
30487,JURM KI HAD,UPHIN/2012/43589,30-06-2012,Hindi,Weekly,ABHISHEK KUMAR SRIVASTAVA,ABHISHEK KUMAR SRIVASTAVA,Uttar Pradesh,Fatehpur,View  registration details for JURM KI HAD (UPHIN/2012/43589)
30488,JURM KI TEHRIR,UPHIN/2014/60050,05-02-2015,Hindi,Daily,ANOOP CHAUDHARY,ANOOP CHAUDHARY,Uttar Pradesh,Lucknow,View  registration details for JURM KI TEHRIR (UPHIN/2014/60050)
30489,JURM KI TEHRIR,UPHIN/2013/49794,21-05-2013,Hindi,Monthly,ANOOP CHAUDHARY,ANOOP CHAUDHARY,Uttar Pradesh,Lucknow,View  registration details for JURM KI TEHRIR (UPHIN/2013/49794)
30490,JURM PAR NAZAR,DELHIN/2011/38773,02-05-2013,Hindi,Daily,RANJIT KUMAR,RANJIT KUMAR,Delhi,New Delhi,View  registration details for JURM PAR NAZAR (DELHIN/2011/38773)
30491,JURM PAR NAZAR,DELHIN/2006/17194,01-04-2013,Hindi,Weekly,RANJIT KUMAR,RANJIT KUMAR,Delhi,New Delhi,View  registration details for JURM PAR NAZAR (DELHIN/2006/17194)
30492,JUS PUNJABI,PUNPUN/2024/89065,24-09-2024,PUNJABI,Daily,TARANBIR SINGH,TARANBIR SINGH,Punjab,Jalandhar,View  registration details for JUS PUNJABI (PUNPUN/2024/89065)
30493,JUST ACTION,UPHIN/2016/67167,03-06-2016,Hindi,Daily,RAKESH KUMAR PRAJAPATI,RAKESH KUMAR PRAJAPATI,Uttar Pradesh,Jaunpur,View  registration details for JUST ACTION (UPHIN/2016/67167)
30494,JUST ACTION,UPENG/2016/67155,03-06-2016,English,Daily,RAKESH KUMAR PRAJAPATI,RAKESH KUMAR PRAJAPATI,Uttar Pradesh,Jaunpur,View  registration details for JUST ACTION (UPENG/2016/67155)
30495,JUST ACTION,UPHIN/2014/63949,27-08-2015,Hindi,Weekly,RAKESH KUMAR PRAJAPATI,RAKESH KUMAR PRAJAPATI,Uttar Pradesh,Jaunpur,View  registration details for JUST ACTION (UPHIN/2014/63949)
30496,JUST BENGALURU,KARKAN/2010/39260,13-10-2011,Kannada,Weekly,JAYAPRAKASH K.G.,JAYAPRAKASH K.G.,Karnataka,Bengaluru,View  registration details for JUST BENGALURU (KARKAN/2010/39260)
30497,JUST BIDAR,KNKAN/25/A3304,16-10-2025,Kannada,Daily,Vishal,Vishal,Karnataka,Bidar,View  registration details for JUST BIDAR (KNKAN/25/A3304)
30498,Just click,PBHIN/25/A2408,04-09-2025,Hindi,Daily,Sukhwinder Kaur,Sukhwinder Kaur,Punjab,Ludhiana,View  registration details for Just click (PBHIN/25/A2408)
30499,JUST IN PRINT,DELENG/2007/21530,25-10-2007,English,Fortnightly,MUKESH KUMAR SINHA,MUKESH KUMAR SINHA,Delhi,New Delhi,View  registration details for JUST IN PRINT (DELENG/2007/21530)
30500,JUST JAIPUR,RAJBIL/2010/33270,11-08-2010,"English, HINDI",Daily,VINAY JOSHI,VINAY JOSHI,Rajasthan,Bikaner,View  registration details for JUST JAIPUR (RAJBIL/2010/33270)
