SN.,Title,Registration Number,Registration Date,Language,Periodicity,Publisher,Owner,Publication State,Publication District,Action
26501,Ingit Atal,MPHIN/26/A0582,21-01-2026,Hindi,Quarterly,Upendra Kasture,Upendra Kasture,Madhya Pradesh,Gwalior,View  registration details for Ingit Atal (MPHIN/26/A0582)
26502,INGITA DARSHAN,UTTHIN/2010/35666,27-04-2012,Hindi,Weekly,RAJESH KUMAR GUPTA,RAJESH KUMAR GUPTA,Uttarakhand,Dehradun,View  registration details for INGITA DARSHAN (UTTHIN/2010/35666)
26503,INGITA DARSHAN,59649,03-01-1995,Hindi,Weekly,RAJESH KUMAR GUPTA,RAJESH KUMAR GUPTA,Uttar Pradesh,Lucknow,View  registration details for INGITA DARSHAN (59649)
26504,INGITA DARSHAN,67198,12-08-1997,Hindi,Fortnightly,RAJESH KUMAR GUPTA,RAJESH KUMAR GUPTA,Uttar Pradesh,Lucknow,View  registration details for INGITA DARSHAN (67198)
26505,INGITA TIMES,UPHIN/2023/84191,16-05-2023,Hindi,Fortnightly,RAJESH KUMAR GUPTA,RAJESH KUMAR GUPTA,Uttar Pradesh,Lucknow,View  registration details for INGITA TIMES (UPHIN/2023/84191)
26506,INGITA TIMES,UTTHIN/2011/39467,05-11-2011,Hindi,Fortnightly,RAJESH KUMAR GUPTA,RAJESH KUMAR GUPTA,Uttarakhand,Dehradun,View  registration details for INGITA TIMES (UTTHIN/2011/39467)
26507,INGITA TIMES,UTTHIN/2011/41523,11-04-2012,Hindi,Daily,RAJESH KUMAR GUPTA,RAJESH KUMAR GUPTA,Uttarakhand,Dehradun,View  registration details for INGITA TIMES (UTTHIN/2011/41523)
26508,INGLONG ARCHIM,ASSKAR/2016/70678,15-03-2017,English,Daily,JITEN RONGHANG,JITEN RONGHANG,Assam,Karbi Anglong,View  registration details for INGLONG ARCHIM (ASSKAR/2016/70678)
26509,INGREDIENTS SOUTH ASIA,MAHENG/2007/23118,22-10-2013,ENGLISH,Fortnightly,P. A. FRANCIS,SAFFRON MEDIA PVT. LTD.,Maharashtra,Mumbai,View  registration details for INGREDIENTS SOUTH ASIA (MAHENG/2007/23118)
26510,INIORU SUDHANTHIRAM,TNTAM/25/A0778,30-05-2025,Tamil,Fortnightly,Jeeva M,Jeeva M,Tamil Nadu,Coimbatore,View  registration details for INIORU SUDHANTHIRAM (TNTAM/25/A0778)
26511,INIVARUM GENERATION,TNTAM/2022/90651,15-04-2025,TAMIL,Daily,M. MARUTHAI THURAI,MARUTHAI THURAI,Tamil Nadu,Theni,View  registration details for INIVARUM GENERATION (TNTAM/2022/90651)
26512,INIYA DESAM TODAY,TNTAM/2015/70844,03-04-2017,Tamil,Fortnightly,S. SASIKUMAR,S.SASIKUMAR,Tamil Nadu,Chennai,View  registration details for INIYA DESAM TODAY (TNTAM/2015/70844)
26513,INIYA THAMIZAHAM,TNTAM/2013/48892,01-04-2013,Tamil,Monthly,P.RAJENDRA KUMAR,P.RAJENDRA KUMAR,Tamil Nadu,Chennai,View  registration details for INIYA THAMIZAHAM (TNTAM/2013/48892)
26514,INIYA THISAIGAL,TNTAM/2002/09611,10-04-2003,Tamil,Monthly,PROF. DR.MOHAMEDALI,HUMAIRA BEEVI A,Tamil Nadu,Chennai,View  registration details for INIYA THISAIGAL (TNTAM/2002/09611)
26515,INIYA UDHAYAM,49600,01-01-1990,Tamil,Weekly,,,,,View  registration details for INIYA UDHAYAM (49600)
26516,INIYA UDHAYAM,49612,29-08-1990,Tamil,Monthly,NAKKHEERAN GOPAL,NAKKHEERAN PUBLICATIONS,Tamil Nadu,Chennai,View  registration details for INIYA UDHAYAM (49612)
26517,INIYAN TIMES,TNTAM/2011/40377,12-01-2012,Tamil,Monthly,E.D. ELANGO,E.D. ELANGO,Tamil Nadu,Chennai,View  registration details for INIYAN TIMES (TNTAM/2011/40377)
26518,INK IMAGINE,RAJHIN/2010/31212,05-03-2010,HINDI,Fortnightly,SHANKAR SHIKHAR,SHANKAR SHIKHAR,Rajasthan,Jaipur,View  registration details for INK IMAGINE (RAJHIN/2010/31212)
26519,Ink Link,CTBIL/26/A5731,07-07-2026,"Hindi, English",Monthly,Charu Pal,Charu Pal,Chhattisgarh,Raipur,View  registration details for Ink Link (CTBIL/26/A5731)
26520,INK NEWS,MAHENG/2015/61408,21-04-2015,English,Quarterly,BODI SINGH KAMPANI,ALL INDIA PRINTING INK MANUFACTURERS ASSOCIATION LTD.,Maharashtra,Mumbai,View  registration details for INK NEWS (MAHENG/2015/61408)
26521,INK PULSE,UPHIN/26/A0780,27-01-2026,Hindi,Monthly,MUKTIDA DUBEY,MUKTIDA DUBEY,Uttar Pradesh,Lucknow,View  registration details for INK PULSE (UPHIN/26/A0780)
26522,INK TO CHANGE,TELBIL/2015/64480,27-10-2015,"English, Urdu",Monthly,MOHAMMED FAYAQ NAWAZ,MOHAMMED FAYAQ NAWAZ,Telangana,Hyderabad,View  registration details for INK TO CHANGE (TELBIL/2015/64480)
26523,INKISHAF,UPURD/2008/24995,31-07-2008,Urdu,Daily,MOHAMMED SHAKIR,MOHAMMED SHAKIR,Uttar Pradesh,Agra,View  registration details for INKISHAF (UPURD/2008/24995)
26524,INKISHAF,51017,03-05-1990,Urdu,Weekly,MOHD. SAKIR,MOHD. SAKIR,Uttar Pradesh,Jhansi,View  registration details for INKISHAF (51017)
26525,INKISHAF,51006,04-04-1990,Urdu,Daily,MOHD. SHAKIR,MOHD. SHAKIR,Uttar Pradesh,Jhansi,View  registration details for INKISHAF (51006)
26526,inklabi swera,HRHIN/25/A3237,14-10-2025,Hindi,Weekly,Kulveer Singh,Kulveer Singh,Haryana,Sirsa,View  registration details for inklabi swera (HRHIN/25/A3237)
26527,Inland Letter card,UPBIL/26/A4053,21-05-2026,"Hindi, English",Daily,Nidhi Bala,AARHANT INDUSTRIES PRIVATE LIMITED,Uttar Pradesh,Lucknow,View  registration details for Inland Letter card (UPBIL/26/A4053)
26528,INLIGHT DELHI,DELHIN/2016/67578,24-06-2016,Hindi,Weekly,MANISH KUMAR,MANISH KUMAR,Delhi,New Delhi,View  registration details for INLIGHT DELHI (DELHIN/2016/67578)
26529,INN TODAY,DELBIL/2010/31357,12-03-2010,"English, HINDI",Monthly,FAREED CHUGHTAI,FAREED CHUGHTAI,Delhi,New Delhi,View  registration details for INN TODAY (DELBIL/2010/31357)
26530,INNATHE RASHTREEYAM,KERMAL/2023/88656,22-08-2024,MALAYALAM,Monthly,C. BHASKARAN,BHASKARAN C,Kerala,Kozhikode,View  registration details for INNATHE RASHTREEYAM (KERMAL/2023/88656)
26531,INNER NEWS,MPHIN/2008/23571,07-04-2008,Hindi,Monthly,CHITRA PAMNANI,CHITRA PAMNANI,Madhya Pradesh,Bhopal,View  registration details for INNER NEWS (MPHIN/2008/23571)
26532,INNER SECRETS,MAHENG/2006/19646,27-06-2012,English,Monthly,YUSUF DOHADWALA,YUSUF DOHADWALA,Maharashtra,Mumbai,View  registration details for INNER SECRETS (MAHENG/2006/19646)
26533,INNER SECRETS,MAHHIN/2009/29789,30-11-2012,Hindi,Monthly,YUSUF DOHADWALA,YUSUF DOHADWALA,Maharashtra,Mumbai,View  registration details for INNER SECRETS (MAHHIN/2009/29789)
26534,INNER SIGHT,63095,05-02-1996,English,Monthly,MANOJ KUMAR SINGHA,MANOJ KUMAR SINGHA,West Bengal,Paschim Bardhaman,View  registration details for INNER SIGHT (63095)
26535,INNER SPACES,MAHENG/2006/17782,07-12-2006,English,Monthly,DR.BHAVIN JANKHARIA,DR. BHAVIN JANKHARIA,Maharashtra,Mumbai,View  registration details for INNER SPACES (MAHENG/2006/17782)
26536,INNER VIEW,APTEL/2023/89019,25-09-2024,TELUGU,Daily,MULAKALAPALLI RAJU,MULAKALAPALLI RAJU,Andhra Pradesh,Visakhapatnam,View  registration details for INNER VIEW (APTEL/2023/89019)
26537,INNERTALK TELUGUDAILY,APTEL/26/A3489,12-05-2026,Telugu,Daily,YERRIDDY PRASAD REDDY,YERRIDDY PRASAD REDDY,Andhra Pradesh,Kurnool,View  registration details for INNERTALK TELUGUDAILY (APTEL/26/A3489)
26538,INNERTALK TELUGUDAILY,APTEL/26/A4090,22-05-2026,Telugu,Daily,YERRIDDY PRASAD REDDY,YERRIDDY PRASAD REDDY,Andhra Pradesh,Guntur,View  registration details for INNERTALK TELUGUDAILY (APTEL/26/A4090)
26539,INNERTALK TELUGUDAILY,APTEL/26/A0455,16-01-2026,Telugu,Daily,YERRIDDY PRASAD REDDY,YERRIDDY PRASAD REDDY,Andhra Pradesh,Tirupati,View  registration details for INNERTALK TELUGUDAILY (APTEL/26/A0455)
26540,INNERTALK TELUGUDAILY,APTEL/26/A4091,22-05-2026,Telugu,Daily,YERRIDDY PRASAD REDDY,YERRIDDY PRASAD REDDY,Andhra Pradesh,Visakhapatnam,View  registration details for INNERTALK TELUGUDAILY (APTEL/26/A4091)
26541,INNERTALK TELUGUDAILY,APTEL/26/A3488,12-05-2026,Telugu,Daily,YERRIDDY PRASAD REDDY,YERRIDDY PRASAD REDDY,Andhra Pradesh,Y.S.R.,View  registration details for INNERTALK TELUGUDAILY (APTEL/26/A3488)
26542,INNERTALK TELUGUDAILY,APTEL/26/A3018,30-04-2026,Telugu,Daily,YERRIDDY PRASAD REDDY,YERRIDDY PRASAD REDDY,Andhra Pradesh,Ananthapuramu,View  registration details for INNERTALK TELUGUDAILY (APTEL/26/A3018)
26543,INNERTALK TELUGUDAILY,APTEL/26/A3016,30-04-2026,Telugu,Daily,YERRIDDY PRASAD REDDY,YERRIDDY PRASAD REDDY,Andhra Pradesh,West Godavari,View  registration details for INNERTALK TELUGUDAILY (APTEL/26/A3016)
26544,INNOHEALTH,DELENG/2016/69964,18-01-2017,English,Quarterly,SACHIN GAUR,INNOVATIO CURIS PVT.LTD,Delhi,New Delhi,View  registration details for INNOHEALTH (DELENG/2016/69964)
26545,INNOVATE NOW,UPENG/2019/77085,29-03-2019,English,Monthly,PRAVEEN TIWARI,PRAVEEN TIWARI,Uttar Pradesh,Ghaziabad,View  registration details for INNOVATE NOW (UPENG/2019/77085)
26546,INNOVATION THE RESEARCH CONCEPT,UPBIL/2016/68367,17-08-2016,"English, HINDI",Monthly,RAJEEV KUMAR MISRA,RAJEEV KUMAR MISHRA,Uttar Pradesh,Kanpur Nagar,View  registration details for INNOVATION THE RESEARCH CONCEPT (UPBIL/2016/68367)
26547,INNOVATION TODAY,DELENG/2013/52142,23-09-2013,English,Monthly,UPENDRA KUMAR UPADHYAY,UPENDRA KUMAR UPADHYAY,Delhi,New Delhi,View  registration details for INNOVATION TODAY (DELENG/2013/52142)
26548,INNOVATIVE ZONE,DELENG/2019/81167,31-08-2023,English,Monthly,ABHISHEK KUMAR DUBEY,ABHISHEK KUMAR DUBEY,Delhi,New Delhi,View  registration details for INNOVATIVE ZONE (DELENG/2019/81167)
26549,INNU,36109,05-10-1982,Malayalam,Monthly,N BABU RAJAN,N.BABU RAJAN,Kerala,Malappuram,View  registration details for INNU (36109)
26550,INQLAAB NEWS,UPURD/2008/24004,23-05-2008,Urdu,Daily,AQEELA KHATOON,AQEELA KHATOON,Uttar Pradesh,Lucknow,View  registration details for INQLAAB NEWS (UPURD/2008/24004)
26551,INQLAB BHARAT,68693,17-07-1998,Hindi,Daily,SOLOMON GEORGE,SOLOMON GEORGE,Delhi,New Delhi,View  registration details for INQLAB BHARAT (68693)
26552,INQLAB OF INDIA,UPHIN/2013/53787,30-12-2013,Hindi,Weekly,SONI,SONI,Uttar Pradesh,Hapur,View  registration details for INQLAB OF INDIA (UPHIN/2013/53787)
26553,INQUILAABI NAZAR,UPHIN/2008/28106,06-03-2013,Hindi,Daily,FAHEEM VIKAR,M/S TRUE MEDIA INDIAN COMMUNICATIONS LTD.,Uttar Pradesh,Lucknow,View  registration details for INQUILAABI NAZAR (UPHIN/2008/28106)
26554,INQUILAB,UPENG/2011/38961,24-08-2012,English,Daily,RIYAZ RANA,SOPHIA PUBLICITY INDIA PVT. LTD.,Uttar Pradesh,Saharanpur,View  registration details for INQUILAB (UPENG/2011/38961)
26555,INQUILAB,UPHIN/2012/46877,11-12-2012,Hindi,Daily,RIYAZ RANA,SOPHIA PUBLICITY INDIA PVT. LTD.,Uttar Pradesh,Saharanpur,View  registration details for INQUILAB (UPHIN/2012/46877)
26556,INQUILAB,UPURD/2014/57328,18-09-2014,Urdu,Daily,RIYAZ RANA,SOPHIA PUBLICITY INDIA PVT. LTD.,Uttar Pradesh,Gautam Buddha Nagar,View  registration details for INQUILAB (UPURD/2014/57328)
26557,INQUILAB,1576,04-03-1957,Urdu,Daily,LATIF GAFFAR SHAIKH,MID-DAY INFOMEDIA LIMITED,Maharashtra,Mumbai,View  registration details for INQUILAB (1576)
26558,INQUILAB,UPURD/2012/46870,10-12-2012,Urdu,Daily,RIYAZ RANA,SOPHIA PUBLICITY INDIA PVT. LTD.,Uttar Pradesh,Saharanpur,View  registration details for INQUILAB (UPURD/2012/46870)
26559,INQUILAB,UPURD/2014/59397,19-01-2015,Urdu,Daily,RIYAZ RANA,SOPHIA PUBLICITY INDIA PVT. LTD.,Uttar Pradesh,Lucknow,View  registration details for INQUILAB (UPURD/2014/59397)
26560,INQUILAB,DELURD/2012/53219,25-11-2013,Urdu,Daily,ABDUL WADOOD SAJID,MID-DAY INFOMEDIA LIMITED,Delhi,New Delhi,View  registration details for INQUILAB (DELURD/2012/53219)
26561,INQUILAB,UPURD/2013/49546,07-05-2013,Urdu,Daily,RIYAZ RANA,SOPHIA PUBLICITY INDIA PVT. LTD.,Uttar Pradesh,Moradabad,View  registration details for INQUILAB (UPURD/2013/49546)
26562,INQUILAB,BIHURD/2014/63173,13-08-2015,Urdu,Daily,ABDUL WADOOD SAJID,MID-DAY INFOMEDIA LIMITED,Bihar,Patna,View  registration details for INQUILAB (BIHURD/2014/63173)
26563,INQUILAB,2192,04-03-1957,"Hindi, Urdu",Weekly,RIYAZ RANA,SOPHIA PUBLICITY INDIA PVT. LTD.,Uttar Pradesh,Saharanpur,View  registration details for INQUILAB (2192)
26564,INQUILAB E DECCAN,KARURD/2000/05236,10-11-2000,Urdu,Daily,MOHIUDDIN PASHA,MOHIUDDIN PASHA,Karnataka,Kalaburagi,View  registration details for INQUILAB E DECCAN (KARURD/2000/05236)
26565,INQUILAB E HALLA BOL,MAHHIN/2013/51435,14-08-2013,Hindi,Monthly,MOHAMMED ARMAN MOHAMMED NAZIR AHMED SHAIKH,MOHAMMED ARMAN MOHAMMED NAZIR AHMED SHAIKH,Maharashtra,Mumbai Suburban,View  registration details for INQUILAB E HALLA BOL (MAHHIN/2013/51435)
26566,INQUILAB E HIND,BIHHIN/2015/63561,04-08-2015,Hindi,Daily,MD. SHAMIM AKHTAR,MD. SHAMIM AKHTAR,Bihar,Katihar,View  registration details for INQUILAB E HIND (BIHHIN/2015/63561)
26567,INQUILAB E HIND,DELURD/2007/24904,25-07-2008,Urdu,Daily,MD. SHAMIM AKHTAR,MD. SHAMIM AKHTAR,Delhi,New Delhi,View  registration details for INQUILAB E HIND (DELURD/2007/24904)
26568,INQUILAB E HIND,DELHIN/2009/31692,01-04-2010,Hindi,Daily,MD. SHAMIM AKHTAR,MD. SHAMIM AKHTAR,Delhi,New Delhi,View  registration details for INQUILAB E HIND (DELHIN/2009/31692)
26569,INQUILAB E HIND,BIHURD/2015/63421,24-07-2015,Urdu,Daily,MD. SHAMIM AKHTAR,MD. SHAMIM AKHTAR,Bihar,Katihar,View  registration details for INQUILAB E HIND (BIHURD/2015/63421)
26570,INQUILAB E HIND,BIHHIN/2016/68771,19-09-2016,Hindi,Daily,MD. SHAMIM AKHTAR,MD. SHAMIM AKHTAR,Bihar,Patna,View  registration details for INQUILAB E HIND (BIHHIN/2016/68771)
26571,INQUILAB E HIND,BIHURD/2016/68822,28-09-2016,Urdu,Daily,MD. SHAMIM AKHTAR,MD. SHAMIM AKHTAR,Bihar,Patna,View  registration details for INQUILAB E HIND (BIHURD/2016/68822)
26572,INQUILAB E LOHIA,UPURD/2013/48739,27-03-2014,Urdu,Daily,DHIRENDRA KUMAR,DHIRENDRA KUMAR,Uttar Pradesh,Lucknow,View  registration details for INQUILAB E LOHIA (UPURD/2013/48739)
26573,INQUILAB E MISSION,UPHIN/2015/63343,22-07-2015,Hindi,Daily,MOHD.WASEEM,MOHD.WASEEM,Uttar Pradesh,Lucknow,View  registration details for INQUILAB E MISSION (UPHIN/2015/63343)
26574,INQUILAB E ZINDAGI,UPHIN/2016/68662,08-09-2016,Hindi,Daily,MOHD. WASEEM,MOHAMMAD WASEEM,Uttar Pradesh,Lucknow,View  registration details for INQUILAB E ZINDAGI (UPHIN/2016/68662)
26575,INQUILAB SIYASAT,DELHIN/2016/67526,17-06-2016,Hindi,Monthly,ATIYA SULEMAN,ATIYA SULEMAN,Delhi,New Delhi,View  registration details for INQUILAB SIYASAT (DELHIN/2016/67526)
26576,INQUILAB TIMES,UPURD/2007/22335,31-12-2007,Urdu,Weekly,MOHD. MUZAFFAR MOHSIN,MOHD. MUZAFFAR MOHSIN,Uttar Pradesh,Lucknow,View  registration details for INQUILAB TIMES (UPURD/2007/22335)
26577,INQUILAB-E-JADID,63037,30-01-1996,Urdu,Daily,SUBHAS PRASAD SINGH,NAYYAR KHURSHID,Bihar,Patna,View  registration details for INQUILAB-E-JADID (63037)
26578,INQUILABI AWAZ,UPURD/2013/55889,09-06-2014,Urdu,Daily,MOHAMMAD NAFIS ALAM,MOHAMMAD NAFIS ALAM,Uttar Pradesh,Lucknow,View  registration details for INQUILABI AWAZ (UPURD/2013/55889)
26579,INQUILABI AWAZ,MPHIN/2012/52536,10-10-2013,Hindi,Weekly,MOHAMMAD MANSOOR,JAMIAT AAMAL MUSLIM COMMITTEE,Madhya Pradesh,Bhopal,View  registration details for INQUILABI AWAZ (MPHIN/2012/52536)
26580,INQULABI TEVAR,UPHIN/2009/30526,20-01-2010,Hindi,Weekly,SITABUN NISHA,SITABUN NISHA,Uttar Pradesh,Basti,View  registration details for INQULABI TEVAR (UPHIN/2009/30526)
26581,INSAAF (NYAYAM),APTEL/2008/25596,12-09-2008,Telugu,Monthly,Dudekula Khaja HUSSAIN SAHEB,Dudekula Khaja HUSSAIN SAHEB,Andhra Pradesh,Kurnool,View  registration details for INSAAF (NYAYAM) (APTEL/2008/25596)
26582,INSAAF ADHIKAR,MPHIN/2023/89382,10-10-2024,HINDI,Quarterly,RAM SWAROOP,RAM SWAROOP,Madhya Pradesh,Bhopal,View  registration details for INSAAF ADHIKAR (MPHIN/2023/89382)
26583,INSAAF ADHIKAR,MPHIN/2011/51151,01-08-2013,Hindi,Monthly,RAM SWAROOP,RAM SWAROOP,Madhya Pradesh,Bhopal,View  registration details for INSAAF ADHIKAR (MPHIN/2011/51151)
26584,INSAAF KA PRAYAAS,MPHIN/2008/27452,17-04-2009,Hindi,Daily,MANOHAR MAURYA,MANOHAR MAURYA,Madhya Pradesh,Indore,View  registration details for INSAAF KA PRAYAAS (MPHIN/2008/27452)
26585,INSAAF KA TARAZU,UPHIN/2023/87111,30-04-2024,Hindi,Monthly,NAFEES AHMAD JAFRI,NAFEES AHMAD JAFRI,Uttar Pradesh,Fatehpur,View  registration details for INSAAF KA TARAZU (UPHIN/2023/87111)
26586,INSAAF KI HAKIKAT,68819,07-08-1998,Hindi,Weekly,KAILASH K. SONI,KAILASH K. SONI,Maharashtra,Nagpur,View  registration details for INSAAF KI HAKIKAT (68819)
26587,INSAAF KI KHABAR,MPHIN/2010/35404,24-01-2011,Hindi,Monthly,MOHD. INAM,MOHD. INAM,Madhya Pradesh,Bhopal,View  registration details for INSAAF KI KHABAR (MPHIN/2010/35404)
26588,Insaaf Ki Mashal,UPHIN/26/A4501,01-06-2026,Hindi,Monthly,Haider Ali,Haider Ali,Uttar Pradesh,Saharanpur,View  registration details for Insaaf Ki Mashal (UPHIN/26/A4501)
26589,INSAAF TIMES,HARHIN/2013/50456,25-06-2013,Hindi,Daily,DHARAMVIR SHARMA,DHARAMVIR SHARMA,Haryana,Faridabad,View  registration details for INSAAF TIMES (HARHIN/2013/50456)
26590,INSAAF TIMES,HARHIN/2004/13716,06-12-2004,Hindi,Weekly,DHARAMVIR SHARMA,DHARAMVIR SHARMA,Haryana,Faridabad,View  registration details for INSAAF TIMES (HARHIN/2004/13716)
26591,INSAAF TODAY,DELBIL/2016/67726,30-06-2016,"English, HINDI",Monthly,DR. MUKUT NATH VERMA,SAMAJIK INSAAF PARTY (RASHTRAWADI),Delhi,New Delhi,View  registration details for INSAAF TODAY (DELBIL/2016/67726)
26592,INSAF E LUCKNOW,UPURD/2014/60184,12-02-2015,Urdu,Daily,MOHAMMAD RAFEEQE,MOHAMMAD RAFEEQUE,Uttar Pradesh,Lucknow,View  registration details for INSAF E LUCKNOW (UPURD/2014/60184)
26593,INSAF E MAKSAD,BIHURD/2017/71222,24-04-2017,Urdu,Daily,KAUSHAL KUMAR,KAUSHAL KUMAR,Bihar,Patna,View  registration details for INSAF E MAKSAD (BIHURD/2017/71222)
26594,INSAF E MILLAT,MAHBIL/2024/91155,11-09-2025,"Marathi, Hindi",Weekly,MUSA USMAN SHAIKH,MUSA USMAN SHAIKH,Maharashtra,Jalna,View  registration details for INSAF E MILLAT (MAHBIL/2024/91155)
26595,INSAF E MILLAT,MHBIL/25/A3056,07-10-2025,"Hindi, Marathi",Weekly,Musa Usman Shaikh,Musa Usman Shaikh,Maharashtra,Jalna,View  registration details for INSAF E MILLAT (MHBIL/25/A3056)
26596,INSAF EXPRESS,HARHIN/2016/71463,02-05-2017,Hindi,Weekly,ROHIT KUMAR,ROHIT KUMAR,Haryana,Kurukshetra,View  registration details for INSAF EXPRESS (HARHIN/2016/71463)
26597,INSAF HUM KARENGE,MAHHIN/2016/67228,03-06-2016,Hindi,Weekly,RAFIK GAFFARSAB SAYYED,RAFIK GAFFARSAB SAYYED,Maharashtra,Latur,View  registration details for INSAF HUM KARENGE (MAHHIN/2016/67228)
26598,INSAF KA BAAN,UPHIN/2008/25896,17-10-2008,Hindi,Weekly,ZAKIR KHAN,ZAKIR KHAN,Uttar Pradesh,Lalitpur,View  registration details for INSAF KA BAAN (UPHIN/2008/25896)
26599,INSAF KA BHARAT,UTTHIN/2011/41386,04-04-2013,Hindi,Weekly,PRIYANKA SHARMA,PRIYANKA SHARMA,Uttarakhand,Dehradun,View  registration details for INSAF KA BHARAT (UTTHIN/2011/41386)
26600,INSAF KA JHAROKHA,51974,07-10-1990,Hindi,Weekly,BASANT PAWAR,BASANT PAWAR,Madhya Pradesh,Indore,View  registration details for INSAF KA JHAROKHA (51974)
26601,INSAF KA JUNOON,MAHHIN/2015/64311,15-10-2015,Hindi,Weekly,SAIF ABUDL AHAD KHAN,SAIF ABUDL AHAD KHAN,Maharashtra,Mumbai,View  registration details for INSAF KA JUNOON (MAHHIN/2015/64311)
26602,INSAF KA MORCHA,UPHIN/1999/03986,30-03-1999,Hindi,Weekly,M.S.KHAN,M.S.KHAN,Uttar Pradesh,Lucknow,View  registration details for INSAF KA MORCHA (UPHIN/1999/03986)
26603,INSAF KA PAIGAM,UPHIN/2016/67178,01-06-2016,Hindi,Weekly,KUNWAR NOSHAY MIYAN,KUNWAR NOSHAY MIYAN,Uttar Pradesh,Meerut,View  registration details for INSAF KA PAIGAM (UPHIN/2016/67178)
26604,INSAF KI AAWAZ SOCIETY NEWS,JHAHIN/2017/75744,25-07-2018,Hindi,Weekly,NAUSHAD KHAN,INSAF KI AWAZAN SOCIETY,Jharkhand,Purbi Singhbhum,View  registration details for INSAF KI AAWAZ SOCIETY NEWS (JHAHIN/2017/75744)
26605,INSAF KI AWAZ,GUJGUJ/2015/60968,25-03-2015,Gujarati,Fortnightly,DESAI NELSON SAMSON,DESAI NELSON SAMSON,Gujarat,Ahmedabad,View  registration details for INSAF KI AWAZ (GUJGUJ/2015/60968)
26606,INSAF KI AWAZ,62733,04-12-1995,Hindi,Weekly,RAMA SHANKAR SHUKLA,RAMA SHANKAR SHUKLA,Uttar Pradesh,Gorakhpur,View  registration details for INSAF KI AWAZ (62733)
26607,INSAF KI AWAZ,MAHMAR/2022/85446,04-10-2023,Marathi,Weekly,WASIM GULAMNABI SHAIKH,WASIM GULAMNABI SHAIKH,Maharashtra,Chhatrapati Sambhaji Nagar,View  registration details for INSAF KI AWAZ (MAHMAR/2022/85446)
26608,INSAF KI AWAZ,DELURD/2014/58836,10-12-2014,Urdu,Daily,NAFEESUL HASAN,NAFEESUL HASAN,Delhi,New Delhi,View  registration details for INSAF KI AWAZ (DELURD/2014/58836)
26609,INSAF KI AWAZ,MAHMAR/2021/80235,01-11-2021,Marathi,Weekly,WASIM GULAMNABI SHAIKH,WASIM GULAMNABI SHAIKH,Maharashtra,Jalna,View  registration details for INSAF KI AWAZ (MAHMAR/2021/80235)
26610,INSAF KI BATEIN,UPHIN/1998/00718,31-03-2000,Hindi,Weekly,IFRAN ALI URF THAKUR TABBU,IFRAN ALI URF THAKUR TABBU,Uttar Pradesh,Bahraich,View  registration details for INSAF KI BATEIN (UPHIN/1998/00718)
26611,INSAF KI DAGAR,RJHIN/26/A2496,13-04-2026,Hindi,Twice a week,RATAN LAL PAREEK,RATAN LAL PAREEK,Rajasthan,Jaipur,View  registration details for INSAF KI DAGAR (RJHIN/26/A2496)
26612,INSAF KI DUNIYA,58818,12-12-1994,Hindi,Weekly,ASHISH DUBEY,ASHISH DUBEY,Madhya Pradesh,Bhopal,View  registration details for INSAF KI DUNIYA (58818)
26613,INSAF KI FARIAD,DELHIN/2011/38543,11-08-2011,Hindi,Daily,SUDISH SHARMA,SUDISH SHARMA,Delhi,New Delhi,View  registration details for INSAF KI FARIAD (DELHIN/2011/38543)
26614,INSAF KI FARIAD,DELHIN/2008/23516,07-04-2008,Hindi,Weekly,SUDISH SHARMA,SUDISH SHARMA,Delhi,New Delhi,View  registration details for INSAF KI FARIAD (DELHIN/2008/23516)
26615,INSAF KI JUNG,MAHMAR/2024/89640,16-10-2024,MARATHI,Weekly,SHAIKH GULAMNABI SHAIKH CHAND,SHAIKH GULAMNABI SHAIKH CHAND,Maharashtra,Jalna,View  registration details for INSAF KI JUNG (MAHMAR/2024/89640)
26616,INSAF KI KALAM,GUJGUJ/2000/02859,31-01-2001,Gujarati,Weekly,RAVISHANKER SEVAKRAM KHATRI,RAVISHANKER KHATRI,Gujarat,Banaskantha,View  registration details for INSAF KI KALAM (GUJGUJ/2000/02859)
26617,INSAF KI KHOJ,MPHIN/2022/82373,14-10-2022,Hindi,Quarterly,DEEPA VERMA,DEEPA VERMA,Madhya Pradesh,Bhopal,View  registration details for INSAF KI KHOJ (MPHIN/2022/82373)
26618,INSAF KI KHOJ,MPHIN/2023/91122,30-07-2025,Hindi,Monthly,DEEPA VERMA,DEEPA VERMA,Madhya Pradesh,Bhopal,View  registration details for INSAF KI KHOJ (MPHIN/2023/91122)
26619,INSAF KI MASHAL,CHHHIN/2013/52893,01-11-2013,Hindi,Monthly,SUNIL HASWANI,SUNIL HASWANI,Chhattisgarh,Raipur,View  registration details for INSAF KI MASHAL (CHHHIN/2013/52893)
26620,INSAF KI MASHAL,MPHIN/2013/48415,05-03-2013,Hindi,Monthly,SUNIL HASWANI,SUNIL HASWANI,Madhya Pradesh,Bhopal,View  registration details for INSAF KI MASHAL (MPHIN/2013/48415)
26621,INSAF KI PUKAR,MAHMAR/2023/84385,19-05-2023,Marathi,Weekly,MALEKAKHAN ANISKHAN PATHAN,MALEKAKHAN ANISKHAN PATHAN,Maharashtra,Chhatrapati Sambhaji Nagar,View  registration details for INSAF KI PUKAR (MAHMAR/2023/84385)
26622,INSAF KI PUKAR,MAHMAR/2021/82355,13-10-2022,Marathi,Weekly,MALEKAKHAN ANISKHAN PATHAN,MALEKAKHAN ANISKHAN PATHAN,Maharashtra,Jalna,View  registration details for INSAF KI PUKAR (MAHMAR/2021/82355)
26623,INSAF KI TALASH,MAHMAR/2020/79525,24-02-2021,Marathi,Weekly,REKHA ULHAS DHAGE,REKHA ULHAS DHAGE,Maharashtra,Thane,View  registration details for INSAF KI TALASH (MAHMAR/2020/79525)
26624,INSAF NANDED,MAHHIN/2014/59719,22-01-2015,Hindi,Weekly,MOHAMMAD FAZAL MOHAMMAD ISMAIL,MOHAMMAD FAZAL MOHAMMAD ISMAIL,Maharashtra,Nanded,View  registration details for INSAF NANDED (MAHHIN/2014/59719)
26625,INSAF PASAND,DELHIN/2010/37020,02-05-2011,Hindi,Weekly,YASMIN SABIR ALI,YASMIN SABIR ALI,Delhi,New Delhi,View  registration details for INSAF PASAND (DELHIN/2010/37020)
26626,INSAF THE JUDGMENT,UPHIN/2015/68481,02-09-2016,Hindi,Monthly,RAM NARESH GOSWAMI,RAM NARESH GOSWAMI,Uttar Pradesh,Bara Banki,View  registration details for INSAF THE JUDGMENT (UPHIN/2015/68481)
26627,INSAF THE JUDGMENT,UPHIN/2014/57850,21-10-2014,Hindi,Weekly,RAMNARESH GOSWAMI,RAM NARESH GOSWAMI,Uttar Pradesh,Bara Banki,View  registration details for INSAF THE JUDGMENT (UPHIN/2014/57850)
26628,INSAF ZINDA HAI,52167,04-10-1991,Hindi,Weekly,YOGESH SHRIVASTAVA,YOGESH SHRIVASTAVA,Madhya Pradesh,Bhopal,View  registration details for INSAF ZINDA HAI (52167)
26629,INSAF-E-AALAM,67918,24-03-1998,Hindi,Weekly,AJAJ AHMED ABDUL WAHAB,AJAJ AHMED ABDUL WAHAB,Maharashtra,Chhatrapati Sambhaji Nagar,View  registration details for INSAF-E-AALAM (67918)
26630,INSAFI ANKHEN,26182,10-03-1989,Hindi,Weekly,RAJENDRA KUMAR SAHU,RAJENDRA KUMAR SAHU,Madhya Pradesh,Indore,View  registration details for INSAFI ANKHEN (26182)
26631,INSAN WEEKLY,3525,26-11-1952,Urdu,Weekly,M ABDUL GHANI,M.A. GHANI,Bihar,Kishanganj,View  registration details for INSAN WEEKLY (3525)
26632,INSANIYAT KA SANDESH,MPHIN/2019/78950,15-10-2020,Hindi,Daily,MASARRAT JAHAN,MASARRAT JAHAN,Madhya Pradesh,Bhopal,View  registration details for INSANIYAT KA SANDESH (MPHIN/2019/78950)
26633,INSANIYAT KI AWAJ,55932,05-10-1992,Urdu,Weekly,ANEESH AHAMAD,ANEESH AHAMAD,Uttar Pradesh,Kanpur Nagar,View  registration details for INSANIYAT KI AWAJ (55932)
26634,INSANIYAT KI DUNIYA,MPHIN/2011/40414,24-01-2012,Hindi,Monthly,MOHD. MUBEEN,MOHD. MUBEEN,Madhya Pradesh,Bhopal,View  registration details for INSANIYAT KI DUNIYA (MPHIN/2011/40414)
26635,INSANIYAT KI PEHCHAN,MPHIN/2020/79248,12-01-2021,Hindi,Monthly,RAIS KHAN,RAIS KHAN,Madhya Pradesh,Bhopal,View  registration details for INSANIYAT KI PEHCHAN (MPHIN/2020/79248)
26636,INSANIYAT NAMA,MAHURD/2017/72275,20-06-2017,Urdu,Fortnightly,WASEEM ANJUM YUSUF ALI,WASEEM ANJUM YUSUF ALI,Maharashtra,Nashik,View  registration details for INSANIYAT NAMA (MAHURD/2017/72275)
26637,INSANIYAT NEWS,GUJGUJ/2022/84638,29-05-2023,Gujarati,Weekly,DHERIWALA MOHAMMAD IMRAN,DHERIWALA MOHAMMAD IMRAN,Gujarat,Vadodara,View  registration details for INSANIYAT NEWS (GUJGUJ/2022/84638)
26638,INSHA TIMES,MPURD/2010/43447,27-06-2012,Urdu,Monthly,TAZAR BANO,TAZAR BANO,Madhya Pradesh,Bhopal,View  registration details for INSHA TIMES (MPURD/2010/43447)
26639,INSHOT JALGAON,MAHMAR/2024/89643,15-10-2024,MARATHI,Daily,SANDEEP PRAKASH MAHALE,SANDEEP PRAKASH MAHALE,Maharashtra,Jalgaon,View  registration details for INSHOT JALGAON (MAHMAR/2024/89643)
26640,Inside Bengal,WBENG/26/A4041,21-05-2026,English,Fortnightly,Sujit Dutta,Sujit Dutta,West Bengal,Purba Bardhaman,View  registration details for Inside Bengal (WBENG/26/A4041)
26641,INSIDE BHARAT,MPHIN/2012/44681,14-08-2012,Hindi,Monthly,SARIKA HRIDESH SRIVASTAVA,SARIKA HRIDESH SRIVASTAVA,Madhya Pradesh,Chhindwara,View  registration details for INSIDE BHARAT (MPHIN/2012/44681)
26642,INSIDE CORBETT,UAHIN/26/A4705,04-06-2026,Hindi,Monthly,MEGHA.,MEGHA.,Uttarakhand,Nainital,View  registration details for INSIDE CORBETT (UAHIN/26/A4705)
26643,INSIDE COVER,ODIMUL/2023/88540,16-08-2024,MULTILINGUAL,Monthly,JAGANNATH PRASAD SAHU,JAGANNATH PRASAD SAHU,Odisha,Khordha,View  registration details for INSIDE COVER (ODIMUL/2023/88540)
26644,INSIDE CRICKET,MAHBIL/2021/80020,29-07-2021,"English, Marathi",Weekly,SANDEEP CHAVAN,CRICZEN MEDIA PVT LTD,Maharashtra,Pune,View  registration details for INSIDE CRICKET (MAHBIL/2021/80020)
26645,Inside Edge,MPHIN/25/A4971,10-12-2025,Hindi,Monthly,Sharad Vyas,Sharad Vyas,Madhya Pradesh,Indore,View  registration details for Inside Edge (MPHIN/25/A4971)
26646,INSIDE EXPRESS,MPHIN/2016/73958,23-11-2017,Hindi,Daily,MOHD. SADIQ KHAN,MOHD SADIQ KHAN,Madhya Pradesh,Bhopal,View  registration details for INSIDE EXPRESS (MPHIN/2016/73958)
26647,Inside ink,UAHIN/26/A3240,07-05-2026,Hindi,Weekly,ANITA SHARMA,ANITA SHARMA,Uttarakhand,Dehradun,View  registration details for Inside ink (UAHIN/26/A3240)
26648,INSIDE KASHMIR,JKENG/2010/34728,15-12-2010,English,Daily,SYED JUNAID UL ISLAM,SYED JUNAID-UL-ISLAM,Jammu and Kashmir,Srinagar,View  registration details for INSIDE KASHMIR (JKENG/2010/34728)
26649,INSIDE POLITICS,UPENG/26/A0732,23-01-2026,English,Monthly,SHAHZAD AKHTAR,SHAHZAD AKHTAR,Uttar Pradesh,Lucknow,View  registration details for INSIDE POLITICS (UPENG/26/A0732)
26650,INSIDE REPORT,RAJHIN/2003/11243,19-11-2003,Hindi,Fortnightly,ANIL JAITHALIYA,ANIL JAITHALIYA,Rajasthan,Chittorgarh,View  registration details for INSIDE REPORT (RAJHIN/2003/11243)
26651,INSIDE STORY,DELHIN/2008/25250,14-08-2008,Hindi,Fortnightly,SUBHASH SINGH,SUBHASH SINGH,Delhi,New Delhi,View  registration details for INSIDE STORY (DELHIN/2008/25250)
26652,INSIDE STORY,DELENG/2009/29831,30-11-2009,English,Fortnightly,SUBHASH SINGH,SUBHASH SINGH,Delhi,New Delhi,View  registration details for INSIDE STORY (DELENG/2009/29831)
26653,INSIDE TEJA,TELTEL/2014/61273,15-04-2015,Telugu,Weekly,K.SATYANARAYANA,K. SATYANARAYANA,Telangana,Rangareddy,View  registration details for INSIDE TEJA (TELTEL/2014/61273)
26654,INSIDE UTTARAKHAND,UTTHIN/2023/86438,16-02-2024,Hindi,Weekly,MUNESH KUMAR BHALLA,MUNESH KUMAR BHALLA,Uttarakhand,Udham Singh Nagar,View  registration details for INSIDE UTTARAKHAND (UTTHIN/2023/86438)
26655,INSIDE VIEW,MPHIN/2018/76442,26-11-2018,Hindi,Weekly,MANISH KUMAR SONI,MANISH KUMAR SONI,Madhya Pradesh,Bhopal,View  registration details for INSIDE VIEW (MPHIN/2018/76442)
26656,INSIDE VIEW,MPHIN/2013/54196,23-01-2014,Hindi,Monthly,MANISH KUMAR SONI,MANISH KUMAR SONI,Madhya Pradesh,Bhopal,View  registration details for INSIDE VIEW (MPHIN/2013/54196)
26657,INSIDE VIEW,CHHHIN/2020/79650,22-03-2021,Hindi,Monthly,MANISH KUMAR SONI,MANISH KUMAR SONI,Chhattisgarh,Raipur,View  registration details for INSIDE VIEW (CHHHIN/2020/79650)
26658,Insider Express,UPHIN/26/A0360,15-01-2026,Hindi,Daily,Richa Pandey,Richa Pandey,Uttar Pradesh,Ghaziabad,View  registration details for Insider Express (UPHIN/26/A0360)
26659,Insider News Today,MHMUL/25/A0574,28-05-2025,"Hindi, English, Marathi",Daily Evening,Dinesh Khemsing Damahe,Dinesh khemsing Damahe,Maharashtra,Nagpur,View  registration details for Insider News Today (MHMUL/25/A0574)
26660,INSIDER PUBLICATION,MPHIN/26/A6690,12-08-2026,Hindi,Weekly,Ranjana Asalkar,Ranjana Asalkar,Madhya Pradesh,Bhopal,View  registration details for INSIDER PUBLICATION (MPHIN/26/A6690)
26661,INSIDER SAMAGRA SAMACHARA VARTHA PATHRIKA,APTEL/2017/71117,11-04-2017,Telugu,Weekly,YECHERLA ADI LAKSHMI,YECHERLA ADILAKSHMI,Andhra Pradesh,Visakhapatnam,View  registration details for INSIDER SAMAGRA SAMACHARA VARTHA PATHRIKA (APTEL/2017/71117)
26662,INSIDER VIEW,MAHENG/2024/89709,21-10-2024,ENGLISH,Monthly,VISHAL SUBHASH RAJEMAHADIK,VISHAL SUBHASH RAJEMAHADIK,Maharashtra,Pune,View  registration details for INSIDER VIEW (MAHENG/2024/89709)
26663,INSIGHT,UPHIN/2016/68205,11-08-2016,Hindi,Daily,SANJEEV KUMAR PAHWA,SANJEEV KUMAR PAHWA,Uttar Pradesh,Lakhimpur Kheri,View  registration details for INSIGHT (UPHIN/2016/68205)
26664,INSIGHT,UPHIN/26/A5722,07-07-2026,Hindi,Monthly,SANJEEV KUMAR PAHWA,SANJEEV KUMAR PAHWA,Uttar Pradesh,Lucknow,View  registration details for INSIGHT (UPHIN/26/A5722)
26665,INSIGHT,65787,01-01-1995,Marathi,Daily,Sandeep mohanlal bang,Sandeep mohanlal bang,Maharashtra,Amravati,View  registration details for INSIGHT (65787)
26666,INSIGHT,UPHIN/2013/64475,27-10-2015,Hindi,Daily,SANJEEV KUMAR PAHWA,SANJEEV KUMAR PAHWA,Uttar Pradesh,Lucknow,View  registration details for INSIGHT (UPHIN/2013/64475)
26667,INSIGHT,64842,01-02-1997,Hindi,Weekly,SANJEEV KUMAR PAHWA,SANJEEV KUMAR PAHWA,Uttar Pradesh,Lucknow,View  registration details for INSIGHT (64842)
26668,INSIGHT,UPURD/2013/54161,23-01-2014,Urdu,Daily,SANJEEV KUMAR PAHWA,SANJEEV KUMAR PAHWA,Uttar Pradesh,Lucknow,View  registration details for INSIGHT (UPURD/2013/54161)
26669,INSIGHT,UPURD/2016/68297,16-08-2016,Urdu,Daily,SANJEEV KUMAR PAHWA,SANJEEV KUMAR PAHWA,Uttar Pradesh,Lakhimpur Kheri,View  registration details for INSIGHT (UPURD/2016/68297)
26670,INSIGHT CHHATTISGARH,CHHHIN/2007/21079,06-09-2007,Hindi,Weekly,SHANKAR RAO,SHANKAR RAO,Chhattisgarh,Bastar,View  registration details for INSIGHT CHHATTISGARH (CHHHIN/2007/21079)
26671,INSIGHT ERA,ORORI/26/A6825,13-08-2026,Oriya,Weekly,MANOJ KUMAR SATPATHY,MANOJ KUMAR SATPATHY,Odisha,Balangir,View  registration details for INSIGHT ERA (ORORI/26/A6825)
26672,INSIGHT LIVE,MPHIN/2016/68548,05-09-2016,Hindi,Monthly,SHANTI SINGH,SHANTI SINGH,Madhya Pradesh,Bhopal,View  registration details for INSIGHT LIVE (MPHIN/2016/68548)
26673,INSIGHT MANTHAN,UPHIN/26/A1162,17-02-2026,Hindi,Monthly,Nuzhat Perween,Nuzhat Perween,Uttar Pradesh,Lucknow,View  registration details for INSIGHT MANTHAN (UPHIN/26/A1162)
26674,Insight Media,HRBIL/25/A3225,14-10-2025,"Hindi, English",Monthly,Surender Singh,ALL INDIA EDUCATION RESEARCH AND DEVLOPMENT COUNCIL,Haryana,Karnal,View  registration details for Insight Media (HRBIL/25/A3225)
26675,INSIGHT MITHILA,BHHIN/26/A4166,25-05-2026,Hindi,Daily,KAUSHAL KISHOR KARN,KAUSHAL KISHOR KARN,Bihar,Darbhanga,View  registration details for INSIGHT MITHILA (BHHIN/26/A4166)
26676,INSIGHT MITHILA,BIHHIN/2015/63548,04-08-2015,Hindi,Weekly,KAUSHAL KISHOR KARN,KAUSHAL KISHOR KARN,Bihar,Darbhanga,View  registration details for INSIGHT MITHILA (BIHHIN/2015/63548)
26677,INSIGHT ON AFRICA,DELENG/2009/28122,20-01-2014,English,Half Yearly,VIVEK MEHRA,AFRICAN STUDIES ASSOCIATION OF INDIA,Delhi,New Delhi,View  registration details for INSIGHT ON AFRICA (DELENG/2009/28122)
26678,INSIGHT POST,MPHIN/25/A2701,19-09-2025,Hindi,Quarterly,UROOJ KHAN,UROOJ KHAN,Madhya Pradesh,Bhopal,View  registration details for INSIGHT POST (MPHIN/25/A2701)
26679,INSIGHT SPHERE,APTEL/26/A5504,25-06-2026,Telugu,Monthly,Fazlullah Sadiq Mohammad,Fazlullah Sadiq Mohammad,Andhra Pradesh,Sri Potti Sriramulu Nellore,View  registration details for INSIGHT SPHERE (APTEL/26/A5504)
26680,INSIGHT TODAY,MPBIL/2017/72394,23-06-2017,"English, HINDI",Monthly,DR. PRAKASH SHARMA,DR.PRAKASH SHARMA,Madhya Pradesh,Jabalpur,View  registration details for INSIGHT TODAY (MPBIL/2017/72394)
26681,INSIGHTS FLAMINGO,APBIL/2018/76785,30-01-2019,"English, Telugu",Monthly,BUDDHARAJU SIVAJI,BUDDHARAJU SIVAJI,Andhra Pradesh,Visakhapatnam,View  registration details for INSIGHTS FLAMINGO (APBIL/2018/76785)
26682,INSIGHTS SUCCESS,MAHENG/2018/75953,31-08-2018,English,Monthly,PRAMOD KUMAR GARG,INSIGHTS SUCCESS MEDIA AND TECHNOLOGY PVT LTD,Maharashtra,Pune,View  registration details for INSIGHTS SUCCESS (MAHENG/2018/75953)
26683,INSINDIA (INDINON NEWS SERVICE INDIA),DELMUL/2008/24808,23-07-2008,"English, Urdu, Hindi",Daily,S.M.ASIF,S.M.ASIF,Delhi,New Delhi,View  registration details for INSINDIA (INDINON NEWS SERVICE INDIA) (DELMUL/2008/24808)
26684,INSOLVENCY AND BANKRUPTCY LAW REPORTER,DELENG/2017/77773,24-07-2019,English,Monthly,MANUJ BHARGAVA,JUS SCRIPTUM MAGNUS PVT LTD.,Delhi,New Delhi,View  registration details for INSOLVENCY AND BANKRUPTCY LAW REPORTER (DELENG/2017/77773)
26685,INSPA JOURNAL OF APPLIED AND SCHOOL PSYCHOLOGY,PONENG/2019/80436,25-11-2021,English,Half Yearly,DR. PANCH. RAMALINGAM,INDIAN SCHOOL PSYCHOLOGY ASSOCIATION,Puducherry,Puducherry,View  registration details for INSPA JOURNAL OF APPLIED AND SCHOOL PSYCHOLOGY (PONENG/2019/80436)
26686,INSPECTOR ARJUN,UTTHIN/2012/47150,26-12-2012,Hindi,Weekly,S. RASHID ALI,S. RASHID ALI,Uttarakhand,Dehradun,View  registration details for INSPECTOR ARJUN (UTTHIN/2012/47150)
26687,INSPECTOR JASOOS,10571,01-01-1965,Urdu,Monthly,ASHA NAND VIJH,ASHA NAND VIJH,Delhi,New Delhi,View  registration details for INSPECTOR JASOOS (10571)
26688,INSPIRATIONAL QUOTE,29132,06-09-2010,English,Monthly,JOBY MATHEW,THE BOMBAY PAULINE PERIODICALS SOCIETY,Maharashtra,Mumbai,View  registration details for INSPIRATIONAL QUOTE (29132)
26689,INSPIRE,DELENG/2007/19140,27-04-2007,English,Quarterly,Neera Agarwal,THE EMINENT,Delhi,South Delhi,View  registration details for INSPIRE (DELENG/2007/19140)
26690,INSPIRE INDIA,CHHBIL/2023/87457,10-06-2024,"English, HINDI",Monthly,ANMOL MALHOTRA,ANMOL MALHOTRA,Chhattisgarh,Raipur,View  registration details for INSPIRE INDIA (CHHBIL/2023/87457)
26691,INSPIRE NEWS,JHAHIN/2015/65245,17-12-2015,Hindi,Monthly,ARCHANA SINHA,ARCHANA SINHA,Jharkhand,Purbi Singhbhum,View  registration details for INSPIRE NEWS (JHAHIN/2015/65245)
26692,INSPIRE NEWS,JHAHIN/2016/72315,21-06-2017,Hindi,Weekly,ARCHANA SINHA,ARCHANA SINHA,Jharkhand,Purbi Singhbhum,View  registration details for INSPIRE NEWS (JHAHIN/2016/72315)
26693,INSPIRED BY KNOWLEDGE,MPHIN/2016/68682,09-09-2016,Hindi,Monthly,RESHMA,RESHMA,Madhya Pradesh,Bhopal,View  registration details for INSPIRED BY KNOWLEDGE (MPHIN/2016/68682)
26694,INSPIRIN - THE SPARK OF INSPIRATION,HARENG/2023/90713,16-05-2025,ENGLISH,Monthly,MAHENDER SINGH MANRAL,AVADNA SERVICES PRIVATE LIMITED,Haryana,Faridabad,View  registration details for INSPIRIN - THE SPARK OF INSPIRATION (HARENG/2023/90713)
26695,INSPIRING JOURNEYS,DELENG/2015/65820,01-02-2016,English,Quarterly,MANISH GOEL,LE PASSAGE TO INDIA TOURS & TRAVELS PVT. LTD.,Delhi,New Delhi,View  registration details for INSPIRING JOURNEYS (DELENG/2015/65820)
26696,inspiring vision,HRENG/26/A2897,29-04-2026,English,Daily,SANJAY MAGGU,RPRAHARI MULTIMEDIA PRIVATE LIMITED,Haryana,Faridabad,View  registration details for inspiring vision (HRENG/26/A2897)
26697,INSTANT,DELHIN/2007/22008,03-12-2007,Hindi,Daily,SATISH KUMAR,SATISH KUMAR,Delhi,New Delhi,View  registration details for INSTANT (DELHIN/2007/22008)
26698,INSTANT INDIA,GUJGUJ/2023/85777,30-11-2023,Gujarati,Fortnightly,RAHULKUMAR MAHESHCHANDRA GUPTA,RAHULKUMAR MAHESHCHANDRA GUPTA,Gujarat,Anand,View  registration details for INSTANT INDIA (GUJGUJ/2023/85777)
26699,INSTANT NEWS,GUJGUJ/2021/83107,13-01-2023,Gujarati,Weekly,IMRAN M. KHANSAB,IMRAN M. KHANSAB,Gujarat,Vadodara,View  registration details for INSTANT NEWS (GUJGUJ/2021/83107)
26700,Instant News Viral Bihar Jharkhand,JHHIN/26/A0973,10-02-2026,Hindi,Monthly,SANTOSH KUMAR,SANTOSH KUMAR,Jharkhand,Saraikela-Kharsawan,View  registration details for Instant News Viral Bihar Jharkhand (JHHIN/26/A0973)
26701,INSTANT WATCH,DELENG/2023/88084,26-07-2024,ENGLISH,Daily (Monday To Saturday),RAMESH KUMAR,RAMESH KUMAR,Delhi,New Delhi,View  registration details for INSTANT WATCH (DELENG/2023/88084)
26702,INSTANT WORLD,UPHIN/2016/67881,13-07-2016,Hindi,Weekly,LAXMI UPADHYAY,LAXMI UPADHYAY,Uttar Pradesh,Lucknow,View  registration details for INSTANT WORLD (UPHIN/2016/67881)
26703,INSTITUTION OF ENGINEERS(INDIA)T.N STATE CENTRE BULLETIN,TNENG/2001/05585,04-01-2002,English,Monthly,ER. R. RAMDOSS,INSTITUTION OF ENGINEERS (INDIA) TAMILNADU STATE CENTRE,Tamil Nadu,Chennai,View  registration details for INSTITUTION OF ENGINEERS(INDIA)T.N STATE CENTRE BULLETIN (TNENG/2001/05585)
26704,INSTITUTIONALISED CHILDREN EXPLORATIONS AND BEYOND,DELENG/2014/57400,23-09-2014,English,Half Yearly,VIVEK MEHRA,UDAYAN CARE,Delhi,New Delhi,View  registration details for INSTITUTIONALISED CHILDREN EXPLORATIONS AND BEYOND (DELENG/2014/57400)
26705,INSTRUMENTATION & CONTROL JOURNAL,68953,25-08-1998,English,Quarterly,SAM DASTOOR,BENNETT COLEMAN & CO. LTD,Maharashtra,Mumbai,View  registration details for INSTRUMENTATION & CONTROL JOURNAL (68953)
26706,INSURANCE FORESIGHT,ODIENG/2019/78252,17-12-2019,English,Monthly,BISWAJIT DAS,THE PEOPLE INSIGHT PUBLICATION HOUSE,Odisha,Khordha,View  registration details for INSURANCE FORESIGHT (ODIENG/2019/78252)
26707,INSURANCE TIMES,GUJGUJ/2016/67310,03-06-2016,Gujarati,Weekly,PRAVIN R. GHAMANDE,PRAVIN R.GHAMANDE,Gujarat,Ahmedabad,View  registration details for INSURANCE TIMES (GUJGUJ/2016/67310)
26708,INSURANCE TODAY,APTEL/2017/71938,26-05-2017,Telugu,Monthly,SARVEPALLI KOTESWARA RAO,SARVEPALLI KOTESWARA RAO,Andhra Pradesh,Sri Potti Sriramulu Nellore,View  registration details for INSURANCE TODAY (APTEL/2017/71938)
26709,INSURANCE WORKER,5122,28-11-2011,"English, HINDI",Monthly,VEDARAJA N.K.,ALL INDIA INSURANCE EMPLOYEES ASSOCIATION,Karnataka,Chennai,View  registration details for INSURANCE WORKER (5122)
26710,INTAQAM,15538,01-01-1967,Punjabi,Weekly,HARDIP SINGH SAHANI,HARDIP SINGH SAHNI,Punjab,Patiala,View  registration details for INTAQAM (15538)
26711,INTEGRAL COMMUNITY TRANSFORMATION QUARTERLY,TNENG/2023/88060,23-07-2024,English,Quarterly,J. WATSON SELVA SINGH,PARIPOORNA PARINAMA EDUCATIONAL TRUST,Tamil Nadu,Chennai,View  registration details for INTEGRAL COMMUNITY TRANSFORMATION QUARTERLY (TNENG/2023/88060)
26712,Integrated Logistics,UPENG/26/A5558,29-06-2026,English,Bimonthly (Once in two months),Rajendra Prasad,Rajendra Prasad,Uttar Pradesh,Ghaziabad,View  registration details for Integrated Logistics (UPENG/26/A5558)
26713,INTEGRATED TRADE DEVELOPMENT CENTRE NEWS,MPHIN/2018/77221,25-04-2019,Hindi,Daily,RADHIKA VIRENDRA,INTEGRATED TRADE DEVELOPMENT CENTRE INDIA EPRESS,Madhya Pradesh,Bhopal,View  registration details for INTEGRATED TRADE DEVELOPMENT CENTRE NEWS (MPHIN/2018/77221)
26714,INTELLECTUAL LAW TIMES,DELBIL/2016/67720,30-06-2016,"English, HINDI",Monthly,DR. MUKUT NATH VERMA,INTELLECTUAL LEGAL SERVICES PVT. LTD.,Delhi,New Delhi,View  registration details for INTELLECTUAL LAW TIMES (DELBIL/2016/67720)
26715,INTELLECTUAL LINK,RAJBIL/2013/52057,17-09-2013,"English, HINDI",Annual,RAJVEER SINGH SHEKHAWAT,RAJVEER SINGH SHEKHAWAT,Rajasthan,Bharatpur,View  registration details for INTELLECTUAL LINK (RAJBIL/2013/52057)
26716,INTELLECTUAL LOKMAIL,MAHMAR/2008/28390,17-07-2009,Marathi,Weekly,SUHAS DEVIDASRAO PANDIT,SUHAS DEVIDASRAO PANDIT,Maharashtra,Parbhani,View  registration details for INTELLECTUAL LOKMAIL (MAHMAR/2008/28390)
26717,INTELLIGENT GURU,MPHIN/2022/86466,15-02-2024,Hindi,Monthly,AJAY KUMAR DUBEY,AJAY KUMAR DUBEY,Madhya Pradesh,Singrauli,View  registration details for INTELLIGENT GURU (MPHIN/2022/86466)
26718,INTELLY JELLY,MPENG/2016/67408,09-06-2016,English,Monthly,ARUN TIWARI,ANIMESH TIWARI,Madhya Pradesh,Bhopal,View  registration details for INTELLY JELLY (MPENG/2016/67408)
26719,INTER CITY EXPRESS,ODIODI/2015/74132,11-12-2017,Oriya,Monthly,ASHOK KUMAR SAHOO,ASHOK KUMAR SAHOO,Odisha,Cuttack,View  registration details for INTER CITY EXPRESS (ODIODI/2015/74132)
26720,INTER NATIONAL MEDICAL NEWS,39804,07-12-1981,English,Monthly,,,Maharashtra,Mumbai,View  registration details for INTER NATIONAL MEDICAL NEWS (39804)
26721,INTER NOS,KARBIL/2007/20997,20-09-2007,"English, KONKANI",Monthly,FR. HENRY SEQUEIRA,MOST REV. DR. ALOYSIUS PAUL D SOUZA,Karnataka,Dakshina Kannada,View  registration details for INTER NOS (KARBIL/2007/20997)
26722,INTER RAJASTHAN NEWS,RAJHIN/2018/75872,16-08-2018,Hindi,Fortnightly,MANISH KUMAR SWAMI,MANISH KUMAR SWAMI,Rajasthan,Bikaner,View  registration details for INTER RAJASTHAN NEWS (RAJHIN/2018/75872)
26723,INTERACTIVE NEWS OF ASIA,UPHIN/2020/81197,25-04-2022,Hindi,Bimonthly (Once in two months),MOHAMMAD SHAHID,MOHAMMAD SHAHID,Uttar Pradesh,Agra,View  registration details for INTERACTIVE NEWS OF ASIA (UPHIN/2020/81197)
26724,INTERESTING LIFE,MPHIN/2023/86757,04-04-2024,Hindi,Quarterly,SHABEENA BEE,SHABEENA BEE,Madhya Pradesh,Bhopal,View  registration details for INTERESTING LIFE (MPHIN/2023/86757)
26725,INTERESTING LIFE,MPHIN/2021/80011,29-07-2021,Hindi,Monthly,SHABEENA BEE,SHABEENA BEE,Madhya Pradesh,Bhopal,View  registration details for INTERESTING LIFE (MPHIN/2021/80011)
26726,INTERIOR EXTERIOR,GUJENG/2019/77854,21-08-2019,English,Quarterly,JERAM S. PATEL,JERAM PATEL,Gujarat,Ahmedabad,View  registration details for INTERIOR EXTERIOR (GUJENG/2019/77854)
26727,INTERIOR NOWADAYS,MPBIL/2017/72042,02-06-2017,"English, HINDI",Monthly,MUKESH JAIN,MUKESH JAIN,Madhya Pradesh,Indore,View  registration details for INTERIOR NOWADAYS (MPBIL/2017/72042)
26728,INTERNAL NEWS,MPHIN/2015/61965,19-05-2015,Hindi,Daily,VINOD SINGH TOMAR,VINOD SINGH TOMAR,Madhya Pradesh,Bhopal,View  registration details for INTERNAL NEWS (MPHIN/2015/61965)
26729,INTERNAL NEWS,UPENG/2014/59179,24-12-2014,English,Daily,SANDEEP KUMAR,SANDEEP KUMAR,Uttar Pradesh,Lucknow,View  registration details for INTERNAL NEWS (UPENG/2014/59179)
26730,INTERNAL NEWS,MPHIN/2014/58411,19-11-2014,Hindi,Monthly,VINOD SINGH TOMAR,VINOD SINGH TOMAR,Madhya Pradesh,Bhopal,View  registration details for INTERNAL NEWS (MPHIN/2014/58411)
26731,INTERNAL NEWS,UPENG/2013/55326,16-04-2014,English,Weekly,SANDEEP KUMAR,SANDEEP KUMAR,Uttar Pradesh,Lucknow,View  registration details for INTERNAL NEWS (UPENG/2013/55326)
26732,INTERNAL NEWS,UPENG/2015/62597,15-06-2015,English,Monthly,SANDEEP KUMAR,SANDEEP KUMAR,Uttar Pradesh,Lucknow,View  registration details for INTERNAL NEWS (UPENG/2015/62597)
26733,INTERNATIONAL ACADEMIC JOURNAL OF APPLIED ECONOMICS,TNENG/2010/38366,27-07-2011,ENGLISH,Annual,B. SHYAMALA,"DEPARTMENT OF ECONOMICS, ETHIRAJ COLLEGE FOR WOMEN",Tamil Nadu,Chennai,View  registration details for INTERNATIONAL ACADEMIC JOURNAL OF APPLIED ECONOMICS (TNENG/2010/38366)
26734,INTERNATIONAL DIAMOND DAY,MAHENG/2013/50230,12-06-2013,English,Annual,HARDIK S. HUNDIYA,HARDIK S. HUNDIYA,Maharashtra,Mumbai,View  registration details for INTERNATIONAL DIAMOND DAY (MAHENG/2013/50230)
26735,INTERNATIONAL GALLERIE,70161,03-08-1999,English,Half Yearly,BINA SARKAR ELLIAS,GALLERIE PUBLISHERS,Maharashtra,Mumbai,View  registration details for INTERNATIONAL GALLERIE (70161)
26736,INTERNATIONAL JOURNAL OF ADVANCED AND INTEGRATED MEDICAL SCIENCES(RMCH),DELENG/2017/73694,06-11-2017,English,Quarterly,JITENDAR PAL VIJ,ROHILKHAND MEDICAL COLLEGE & HOSPITAL,Delhi,New Delhi,View  registration details for INTERNATIONAL JOURNAL OF ADVANCED AND INTEGRATED MEDICAL SCIENCES(RMCH) (DELENG/2017/73694)
26737,INTERNATIONAL JOURNAL OF AGRICULTURAL AND STATISTICAL SCIENCES,UPENG/2006/17819,29-01-2014,English,Half Yearly,KIRTI SHREE,KIRTI SHREE,Uttar Pradesh,Muzaffarnagar,View  registration details for INTERNATIONAL JOURNAL OF AGRICULTURAL AND STATISTICAL SCIENCES (UPENG/2006/17819)
26738,INTERNATIONAL JOURNAL OF AGRICULTURAL ENGINEERING,UPENG/2008/24310,19-06-2008,English,Half Yearly,DR. RAKESH KUMAR SINGH,DR. RAKESH KUMAR SINGH,Uttar Pradesh,Muzaffarnagar,View  registration details for INTERNATIONAL JOURNAL OF AGRICULTURAL ENGINEERING (UPENG/2008/24310)
26739,INTERNATIONAL JOURNAL OF AGRICULTURAL INVENTION,UPENG/2016/70091,24-01-2017,English,Half Yearly,DR. JOGINDER SINGH,AGRICULTURAL TECHNOLOGY DEVELOPMENT SOCIETY,Uttar Pradesh,Ghaziabad,View  registration details for INTERNATIONAL JOURNAL OF AGRICULTURAL INVENTION (UPENG/2016/70091)
26740,INTERNATIONAL JOURNAL OF AGRICULTURAL SCIENCES,UPENG/2006/17008,31-07-2006,English,Half Yearly,DR.RAKESH KUMAR SINGH,DR.RAKESH KUMARSINGH,Uttar Pradesh,Muzaffarnagar,View  registration details for INTERNATIONAL JOURNAL OF AGRICULTURAL SCIENCES (UPENG/2006/17008)
26741,INTERNATIONAL JOURNAL OF APPLIED AND BASIC MEDICAL RESEARCH,MAHENG/2011/38663,29-08-2011,English,Half Yearly,HEMANT R. MANJREKAR,BASIC MEDICAL SCIENTISTS ASSOCIATION,Maharashtra,Mumbai,View  registration details for INTERNATIONAL JOURNAL OF APPLIED AND BASIC MEDICAL RESEARCH (MAHENG/2011/38663)
26742,INTERNATIONAL JOURNAL OF CLINICAL PEDIATRIC DENTISTRY,DELENG/2016/72962,17-08-2017,English,Quarterly,JITENDAR PAL VIJ,JAYPEE BROTHERS MEDICAL PUBLISHERS PVT.LTD,Delhi,New Delhi,View  registration details for INTERNATIONAL JOURNAL OF CLINICAL PEDIATRIC DENTISTRY (DELENG/2016/72962)
26743,INTERNATIONAL JOURNAL OF COMMERCE AND BUSINESS MANAGEMENT,UPBIL/2008/24399,24-06-2008,"English, HINDI",Half Yearly,DR. RAKESH KUMAR SINGH,DR. RAKESH KUMAR SINGH,Uttar Pradesh,Muzaffarnagar,View  registration details for INTERNATIONAL JOURNAL OF COMMERCE AND BUSINESS MANAGEMENT (UPBIL/2008/24399)
26744,INTERNATIONAL JOURNAL OF COMPREHENSIVE MEDICAL RESEARCH,UPENG/2016/69409,07-12-2016,English,Half Yearly,DR. JAWAHAR LAL AGARWAL,SARASWATHI INSTITUTE OF MEDICIAL SCIENCES,Uttar Pradesh,Hapur,View  registration details for INTERNATIONAL JOURNAL OF COMPREHENSIVE MEDICAL RESEARCH (UPENG/2016/69409)
26745,INTERNATIONAL JOURNAL OF DYNAMIC EDUCATIONAL RESEARCH SOCIETY,UPENG/2020/79475,19-10-2022,English,Quarterly,DR. SANJAY PAL,DYNAMIC EDUCATIONAL RESEARCH SOCIETY,Uttar Pradesh,Bareilly,View  registration details for INTERNATIONAL JOURNAL OF DYNAMIC EDUCATIONAL RESEARCH SOCIETY (UPENG/2020/79475)
26746,INTERNATIONAL JOURNAL OF EDUCATION AND RESEARCH IN HEALTH SCIENCES,MAHENG/2018/75074,16-03-2018,English,Quarterly,SHIVANAND SAKHARAM TONDE,SAI AMRUT EDUCATIONAL AND MEDICAL RESEARCH FOUNDATION,Maharashtra,Nashik,View  registration details for INTERNATIONAL JOURNAL OF EDUCATION AND RESEARCH IN HEALTH SCIENCES (MAHENG/2018/75074)
26747,INTERNATIONAL JOURNAL OF FORESTRY AND CROP IMPROVEMENT,UPENG/2011/37232,13-05-2011,English,Half Yearly,R. K. SINGH,R.K.SINGH,Uttar Pradesh,Muzaffarnagar,View  registration details for INTERNATIONAL JOURNAL OF FORESTRY AND CROP IMPROVEMENT (UPENG/2011/37232)
26748,INTERNATIONAL JOURNAL OF GREEN PHARMACY,MPENG/2007/22273,26-12-2007,English,Quarterly,MR. NARENDRA NAHATA,B.R. NAHATA SMRITI SANSTHAN,Madhya Pradesh,Mandsaur,View  registration details for INTERNATIONAL JOURNAL OF GREEN PHARMACY (MPENG/2007/22273)
26749,INTERNATIONAL JOURNAL OF HEALTH & ALLIED SCIENCES,MAHENG/2013/48262,25-02-2013,English,Quarterly,SATISH PANDURANG SAWANT,JSS UNIVERSITY,Maharashtra,Mumbai,View  registration details for INTERNATIONAL JOURNAL OF HEALTH & ALLIED SCIENCES (MAHENG/2013/48262)
26750,INTERNATIONAL JOURNAL OF HOME SCIENCE EXTENSION AND COMMUNICATION MANAGEMENT,UPENG/2014/58318,18-11-2014,English,Half Yearly,ALKA SINGH,HIND AGRI-HORTUCULTURAL SOCIETY,Uttar Pradesh,Muzaffarnagar,View  registration details for INTERNATIONAL JOURNAL OF HOME SCIENCE EXTENSION AND COMMUNICATION MANAGEMENT (UPENG/2014/58318)
26751,INTERNATIONAL JOURNAL OF INFERTILITY & FETAL MEDICINE (ITRRH),DELENG/2017/74831,01-03-2018,English,Four Monthly,JITENDAR PAL VIJ,INTERNATIONAL INSTITUTE FOR TRAINING & RESEARCH IN REPRODUCTIVE HEALTH,Delhi,New Delhi,View  registration details for INTERNATIONAL JOURNAL OF INFERTILITY & FETAL MEDICINE (ITRRH) (DELENG/2017/74831)
26752,INTERNATIONAL JOURNAL OF INTERNATIONAL INSTITUTE OF MANAGEMENT STUDIES,MAHENG/2017/78415,20-01-2020,English,Half Yearly,DR. M. NADEEM KHAN,IIMS,Maharashtra,Pune,View  registration details for INTERNATIONAL JOURNAL OF INTERNATIONAL INSTITUTE OF MANAGEMENT STUDIES (MAHENG/2017/78415)
26753,INTERNATIONAL JOURNAL OF KERATOCONUS AND ECTATIC CORNEAL DISEASES JBMP,DELENG/2017/74819,22-02-2018,English,Half Yearly,JITENDAR PAL VIJ,M/S JAYPEE BROTHERS MEDICAL PUBLISHERS PVT. LTD.,Delhi,New Delhi,View  registration details for INTERNATIONAL JOURNAL OF KERATOCONUS AND ECTATIC CORNEAL DISEASES JBMP (DELENG/2017/74819)
26754,INTERNATIONAL JOURNAL OF LAW AND JURISPRUDENCE I.J.L.J CONSULTANT,MPENG/2020/79238,12-01-2021,English,Quarterly,VILAKSHAN SAXENA,I.J.L.J CONSULTANT,Madhya Pradesh,Bhopal,View  registration details for INTERNATIONAL JOURNAL OF LAW AND JURISPRUDENCE I.J.L.J CONSULTANT (MPENG/2020/79238)
26755,INTERNATIONAL JOURNAL OF MEDICAL SCIENCES,UPENG/2008/24395,24-06-2008,English,Half Yearly,DR. RAKESH KUMAR SINGH,DR. RAKESH KUMAR SINGH,Uttar Pradesh,Muzaffarnagar,View  registration details for INTERNATIONAL JOURNAL OF MEDICAL SCIENCES (UPENG/2008/24395)
26756,"INTERNATIONAL JOURNAL OF MINOR FRUITS, MEDICINAL AND AROMATIC PLANTS",WBENG/2017/76033,11-09-2018,English,Half Yearly,DR. SATYANARAYAN GHOSH,INTERNATIONAL SOCIETY FOR MINOR FRUITS MEDICINAL AND AROMATIC PLANT,West Bengal,Nadia,"View  registration details for INTERNATIONAL JOURNAL OF MINOR FRUITS, MEDICINAL AND AROMATIC PLANTS (WBENG/2017/76033)"
26757,INTERNATIONAL JOURNAL OF MUSLIM SCIENCES,WBMUL/2018/75949,31-08-2018,English,Half Yearly,ARIYAN SULTAN SHAH,AL JAMIAH CORDOVA ISLAMIC SCIENCE ACADEMY AND EDUCATIONAL TRUST,West Bengal,Birbhum,View  registration details for INTERNATIONAL JOURNAL OF MUSLIM SCIENCES (WBMUL/2018/75949)
26758,INTERNATIONAL JOURNAL OF NONCOMMUNICABLE DISEASES WNF,MAHENG/2017/74395,18-01-2018,English,Quarterly,TUSHAR MADHUKAR MAHAJAN,WORLD NCD FEDERATION,Maharashtra,Mumbai,View  registration details for INTERNATIONAL JOURNAL OF NONCOMMUNICABLE DISEASES WNF (MAHENG/2017/74395)
26759,INTERNATIONAL JOURNAL OF ORAL IMPLANTOLOGY AND CLINICAL RESEARCH,DELENG/2016/73427,25-10-2017,English,Four Monthly,JITENDAR PAL VIJ,JAYPEE BROTHERS MEDICAL PUBLISHERS PVT.LTD,Delhi,New Delhi,View  registration details for INTERNATIONAL JOURNAL OF ORAL IMPLANTOLOGY AND CLINICAL RESEARCH (DELENG/2016/73427)
26760,INTERNATIONAL JOURNAL OF PHONOSURGERY & LARYNGOLOGY API,DELENG/2017/74577,08-02-2018,English,Half Yearly,JITENDAR PAL VIJ,THE ASSOCIATION OF PHONOSURGEONS OF INDIA,Delhi,New Delhi,View  registration details for INTERNATIONAL JOURNAL OF PHONOSURGERY & LARYNGOLOGY API (DELENG/2017/74577)
26761,INTERNATIONAL JOURNAL OF PHYSICAL EDUCATION,UPENG/2008/24371,23-06-2008,English,Half Yearly,DR. RAKESH KUMAR SINGH,DR. RAKESH KUMAR SINGH,Uttar Pradesh,Muzaffarnagar,View  registration details for INTERNATIONAL JOURNAL OF PHYSICAL EDUCATION (UPENG/2008/24371)
26762,INTERNATIONAL JOURNAL OF PLANT PROTECTION,UPENG/2008/24354,11-06-2008,English,Half Yearly,DR. RAKESH KUMAR SINGH,DR. RAKESH KUMAR SINGH,Uttar Pradesh,Muzaffarnagar,View  registration details for INTERNATIONAL JOURNAL OF PLANT PROTECTION (UPENG/2008/24354)
26763,INTERNATIONAL JOURNAL OF PLANT SCIENCES,UPENG/2006/16373,03-04-2006,English,Half Yearly,R.K.SINGH,R.K.SINGH,Uttar Pradesh,Muzaffarnagar,View  registration details for INTERNATIONAL JOURNAL OF PLANT SCIENCES (UPENG/2006/16373)
26764,INTERNATIONAL JOURNAL OF POLICE SECURITY & CRIMINAL JUSTICE,RAJENG/2016/71674,18-05-2017,English,Half Yearly,ABHISHEK SHARMA,SARDAR PATEL UNIVERSITY OF POLICE SECURITY AND CRIMINAL JUSTICE,Rajasthan,Jodhpur,View  registration details for INTERNATIONAL JOURNAL OF POLICE SECURITY & CRIMINAL JUSTICE (RAJENG/2016/71674)
26765,INTERNATIONAL JOURNAL OF PROCESSING AND POST HARVEST TECHNOLOGY,UPENG/2011/37228,13-05-2011,English,Half Yearly,R. K. SINGH,R.K. SINGH,Uttar Pradesh,Muzaffarnagar,View  registration details for INTERNATIONAL JOURNAL OF PROCESSING AND POST HARVEST TECHNOLOGY (UPENG/2011/37228)
26766,INTERNATIONAL JOURNAL OF PROSTHODONTICS AND RESTORATIVE DENTISTRY (JBMP),DELENG/2018/76273,26-10-2018,English,Quarterly,JITENDAR PAL VIJ,M/S JAYPEE BROTHERS MEDICAL PUBLISHERS PVT. LTD.,Delhi,New Delhi,View  registration details for INTERNATIONAL JOURNAL OF PROSTHODONTICS AND RESTORATIVE DENTISTRY (JBMP) (DELENG/2018/76273)
26767,INTERNATIONAL JOURNAL OF RESEARCH FOUNDATION OF HOSPITAL AND HEALTHCARE ADMINISTRATION,DELENG/2018/75220,17-05-2018,English,Half Yearly,JITENDAR PAL VIJ,RESEARCH FOUNDATION OF HOSPITAL AND HEALTHCARE ADMINISTRATION,Delhi,New Delhi,View  registration details for INTERNATIONAL JOURNAL OF RESEARCH FOUNDATION OF HOSPITAL AND HEALTHCARE ADMINISTRATION (DELENG/2018/75220)
26768,INTERNATIONAL JOURNAL OF RESEARCH GRANTHAALAYAH,MPBIL/2017/74636,,"English, HINDI",Monthly,TINA PORWAL,GRANTHAALAYAH PUBLICATIONS AND PRINTERS,Madhya Pradesh,Indore,View  registration details for INTERNATIONAL JOURNAL OF RESEARCH GRANTHAALAYAH (MPBIL/2017/74636)
26769,INTERNATIONAL JOURNAL OF RESEARCH IN SCIENCE COMMERCE ARTS MANAGEMENT AND TECHNOLOGY OF NAKSH SOLUTIONS,MAHMUL/2022/85021,19-06-2023,"English, Marathi, Hindi",Monthly,SAPNA SACHIN AGRAWAL,NAKSH SOLUTIONS,Maharashtra,Akola,View  registration details for INTERNATIONAL JOURNAL OF RESEARCH IN SCIENCE COMMERCE ARTS MANAGEMENT AND TECHNOLOGY OF NAKSH SOLUTIONS (MAHMUL/2022/85021)
26770,INTERNATIONAL JOURNAL OF RURAL MANAGEMENT,DELENG/2008/26273,15-04-2014,English,Half Yearly,VIVEK MEHRA,SAGE PUBLICATIONS INDIA PVT. LTD,Delhi,New Delhi,View  registration details for INTERNATIONAL JOURNAL OF RURAL MANAGEMENT (DELENG/2008/26273)
26771,INTERNATIONAL JOURNAL OF SHANTARAM JANORKAR FOUNDATION OF MATHEMATICS SCIENCE & SPIRITUAL,MAHBIL/2015/67021,26-05-2016,"English, Marathi",Annual,DHANANJAY SHANTARAM JANORKAR,SHANTARAM JANORKAR FOUNDATION OF MATHEMATICS,Maharashtra,Akola,View  registration details for INTERNATIONAL JOURNAL OF SHANTARAM JANORKAR FOUNDATION OF MATHEMATICS SCIENCE & SPIRITUAL (MAHBIL/2015/67021)
26772,INTERNATIONAL JOURNAL OF TRICHOLOGY,MAHENG/2012/47357,08-01-2013,English,Half Yearly,HEMANT R. MANJREKAR,THE HAIR RESEARCH SOCIETY OF INDIA,Maharashtra,Mumbai,View  registration details for INTERNATIONAL JOURNAL OF TRICHOLOGY (MAHENG/2012/47357)
26773,INTERNATIONAL JOURNAL OF YOGA,MAHENG/2012/45745,15-10-2012,English,Half Yearly,HEMANT R. MANJREKAR,SWAMI VIVEKANANDA YOGA RESEARCH FOUNDATION,Maharashtra,Mumbai,View  registration details for INTERNATIONAL JOURNAL OF YOGA (MAHENG/2012/45745)
26774,INTERNATIONAL KING,38526,18-03-2011,Hindi,Weekly,KAILASH CHANDRA GUPTA,KAILASH CHANDER GUPTA,Madhya Pradesh,Bhopal,View  registration details for INTERNATIONAL KING (38526)
26775,INTERNATIONAL MUZRIM,50895,03-04-1991,Urdu,Monthly,S M ASIF,S M ASIF,Delhi,New Delhi,View  registration details for INTERNATIONAL MUZRIM (50895)
26776,INTERNATIONAL NEWSRELL,6576,15-02-1961,English,Fortnightly,SHRI DALJIT SINGH,DALJIT SINGH,Delhi,New Delhi,View  registration details for INTERNATIONAL NEWSRELL (6576)
26777,INTERNATIONAL OBSERVER,DELPUN/2002/08874,24-01-2003,Punjabi,Monthly,JASWINDER SINGH BHULLAR,DR. JASWINDER SINGH BHULLAR,Delhi,New Delhi,View  registration details for INTERNATIONAL OBSERVER (DELPUN/2002/08874)
26778,INTERNATIONAL PEACE TIMES,DELBIL/2015/61020,30-03-2015,"English, HINDI",Weekly,DR. RAMESH KUMAR PASSI,INTERNATIONAL PEACE MISSION,Delhi,New Delhi,View  registration details for INTERNATIONAL PEACE TIMES (DELBIL/2015/61020)
26779,INTERNATIONAL PLASTIC PRODUCT SOURCES,MAHENG/2000/01983,23-09-2000,English,Monthly,HANSA RUPAREL,HANSA PUBLICATIONS,Maharashtra,Mumbai,View  registration details for INTERNATIONAL PLASTIC PRODUCT SOURCES (MAHENG/2000/01983)
26780,INTERNATIONAL RESEARCH JOURNAL OF AGRICULTURAL ECONOMICS AND STATISTICS,UPENG/2010/50548,27-06-2013,English,Half Yearly,RAKESH KUMAR SINGH,RAKESH KUMAR SINGH,Uttar Pradesh,Muzaffarnagar,View  registration details for INTERNATIONAL RESEARCH JOURNAL OF AGRICULTURAL ECONOMICS AND STATISTICS (UPENG/2010/50548)
26781,INTERNATIONAL RESEARCH JOURNAL OF BASIC AND APPLIED SCIENCES,WBENG/2016/76189,10-10-2018,English,Annual,DR. JAYASREE LAHA,RAJA NARENDRALAL KHAN WOMENS COLLEGE,West Bengal,Paschim Medinipur,View  registration details for INTERNATIONAL RESEARCH JOURNAL OF BASIC AND APPLIED SCIENCES (WBENG/2016/76189)
26782,INTERNATIONAL RESEARCH JOURNAL OF SOCIO LEGAL STUDIES,MAHENG/2016/67210,03-06-2016,English,Quarterly,DR. RASHEED SHAIKH,A.K.K.NEW LAW ACADEMY PUNE,Maharashtra,Pune,View  registration details for INTERNATIONAL RESEARCH JOURNAL OF SOCIO LEGAL STUDIES (MAHENG/2016/67210)
26783,INTERNATIONAL TAXATION,DELENG/2009/32076,28-04-2010,English,Monthly,AMIT BHARGAVA,TAXMANN ALLIED SERVICES PVT. LTD.,Delhi,New Delhi,View  registration details for INTERNATIONAL TAXATION (DELENG/2009/32076)
26784,INTERNET MEDIA,UTTHIN/2023/86616,29-02-2024,Hindi,Weekly,NEETA DEVI,NEETA DEVI,Uttarakhand,Tehri Garhwal,View  registration details for INTERNET MEDIA (UTTHIN/2023/86616)
26785,INTERNET MEDIA,UPHIN/2013/52254,30-09-2013,Hindi,Daily,NEETA DEVI,NEETA DEVI,Uttar Pradesh,Lucknow,View  registration details for INTERNET MEDIA (UPHIN/2013/52254)
26786,INTERNET MEDIA,UPHIN/2018/76528,07-12-2018,Hindi,Monthly,NEETA DEVI,NEETA DEVI,Uttar Pradesh,Lucknow,View  registration details for INTERNET MEDIA (UPHIN/2018/76528)
26787,INTERPOL TIMES,50209,01-01-1986,Hindi,Weekly,,,,,View  registration details for INTERPOL TIMES (50209)
26788,INTERVAL EXPRESS,UPHIN/2006/19529,27-04-2007,Hindi,Daily,ANURAG SRIVASTAVA,ANURAG SRIVASTAVA,Uttar Pradesh,Lucknow,View  registration details for INTERVAL EXPRESS (UPHIN/2006/19529)
26789,INTESAB AALAMI,MPURD/2013/57358,19-09-2014,Urdu,Quarterly,AFAQ SAIFI,AFAQ SAIFI,Madhya Pradesh,Vidisha,View  registration details for INTESAB AALAMI (MPURD/2013/57358)
26790,INTHAVARA JOTHIDAM,TNTAM/2016/70060,19-01-2017,Tamil,Weekly,NAKKHEERANGOPAL,NAKKHEERAN PUBLICATIONS,Tamil Nadu,Chennai,View  registration details for INTHAVARA JOTHIDAM (TNTAM/2016/70060)
26791,INTINTA SUVARTHA VIGNAPANA,APTEL/2005/15103,09-08-2005,Telugu,Monthly,VIDUDHALA PRATAP KUMAR,INDIA EVERY HOME CRUSADE,Telangana,Hyderabad,View  registration details for INTINTA SUVARTHA VIGNAPANA (APTEL/2005/15103)
26792,INTOUCH,WBBEN/2016/75046,14-03-2018,Bengali,Monthly,JOYDEEP MUKHERJEE,JOYDEEP MUKHERJEE,West Bengal,South 24 Parganas,View  registration details for INTOUCH (WBBEN/2016/75046)
26793,INTOUCH MUTUALLY,MAHENG/2003/10804,25-02-2014,English,Monthly,SHAILENDRA SHARAD KALELKAR,BUSINESS STANDARD LTD,Maharashtra,Mumbai,View  registration details for INTOUCH MUTUALLY (MAHENG/2003/10804)
26794,INTQAM,22237,09-01-1970,Hindi,Weekly,RAGHUNATH DAS TYAGI,RAGHUNATH DAS TYAGI,Rajasthan,Jaipur,View  registration details for INTQAM (22237)
26795,INTRODUCTION TO HONESTY,MPHIN/2023/88384,12-08-2024,HINDI,Monthly,CHHAYA GUPTA,CHHAYA GUPTA,Madhya Pradesh,Bhopal,View  registration details for INTRODUCTION TO HONESTY (MPHIN/2023/88384)
26796,INVENTION INTELLIGENCE,10636,12-12-2005,English,Bimonthly (Once in two months),RADHA KANT ANTHWAL,NATIONAL RESEARCH DEVELOPMENT CORPORATION,Delhi,New Delhi,View  registration details for INVENTION INTELLIGENCE (10636)
26797,INVENTIVA,DELBIL/2018/76160,08-10-2018,"English, HINDI",Annual,NITIN NARESH,NINE NETWORK PRIVATE LIMITED,Delhi,New Delhi,View  registration details for INVENTIVA (DELBIL/2018/76160)
26798,INVERTIS JOURNAL OF SCIENCE AND TECHNOLOGY,DELENG/2008/26076,07-11-2008,English,Quarterly,SANJEEV GAUTAM,SANJEEV GAUTAM,Delhi,New Delhi,View  registration details for INVERTIS JOURNAL OF SCIENCE AND TECHNOLOGY (DELENG/2008/26076)
26799,INVEST EXPRESS,MAHENG/2016/66914,20-05-2016,English,Monthly,MUKESH PARSRAM RAMNANI,MUKESH PARSRAM RAMNANI,Maharashtra,Mumbai,View  registration details for INVEST EXPRESS (MAHENG/2016/66914)
26800,Invest Money,UPENG/25/A1130,06-06-2025,English,Monthly,Abhay Raj,Abhay Raj,Uttar Pradesh,Lucknow,View  registration details for Invest Money (UPENG/25/A1130)
26801,INVESTIGATION IMPACT,UPBIL/2015/70705,16-03-2017,"English, HINDI",Weekly,PARAS SHUKLA,PARAS SHUKLA,Uttar Pradesh,Kanpur Nagar,View  registration details for INVESTIGATION IMPACT (UPBIL/2015/70705)
26802,INVESTIGATION LINE,DELHIN/2002/08676,30-12-2002,HINDI,Fortnightly,PRAMOD KUMAR,PRAMOD KUMAR,Delhi,New Delhi,View  registration details for INVESTIGATION LINE (DELHIN/2002/08676)
26803,Investigation of Truth,UPHIN/26/A6598,10-08-2026,Hindi,Daily,KANCHAN,KANCHAN,Uttar Pradesh,Gautam Buddha Nagar,View  registration details for Investigation of Truth (UPHIN/26/A6598)
26804,INVESTIGATION REPORTER,TNTAM/2012/43629,30-06-2012,Tamil,Fortnightly,A. VELMURUGAN,A. VELMURUGAN,Tamil Nadu,Chennai,View  registration details for INVESTIGATION REPORTER (TNTAM/2012/43629)
26805,INVESTIGATION TIMES,UPHIN/2010/40722,13-02-2012,Hindi,Weekly,SHIVENDRA KUMAR PANDEY,SHIVENDRA KUMAR PANDEY,Uttar Pradesh,Lucknow,View  registration details for INVESTIGATION TIMES (UPHIN/2010/40722)
26806,INVESTIGATION TODAY,TNBIL/2013/50348,18-06-2013,"English, Tamil",Monthly,P. ALEXANDER VIJAY,P. ALEXANDER VIJAY,Tamil Nadu,Chennai,View  registration details for INVESTIGATION TODAY (TNBIL/2013/50348)
26807,INVESTIGATION TODAY,UPHIN/2013/54148,23-01-2014,Hindi,Monthly,SACHIN SHARMA,SACHIN SHARMA,Uttar Pradesh,Bareilly,View  registration details for INVESTIGATION TODAY (UPHIN/2013/54148)
26808,INVESTIGATOR OF CRIME,55619,17-11-1992,Hindi,Weekly,RAVI VERMA,RAVI VERMA,Delhi,New Delhi,View  registration details for INVESTIGATOR OF CRIME (55619)
26809,INVESTIME,MAHENG/2005/15140,25-01-2012,English,Monthly,ANANTH SUNDUR,ADITYA BIRLA MONEY MART LTD.,Maharashtra,Mumbai,View  registration details for INVESTIME (MAHENG/2005/15140)
26810,INVESTMENT AVENUES,MPBIL/2013/49052,08-04-2013,"English, HINDI",Weekly,PRADEEP KARAMBELKAR,VISION ADVISORY SERVICES PVT.LTD,Madhya Pradesh,Bhopal,View  registration details for INVESTMENT AVENUES (MPBIL/2013/49052)
26811,INVESTMENT BUILDERS MONTHLY,MAHENG/2023/91095,25-07-2025,English,Monthly,PRASHEEL HITESH SHAH,SNS MUTUAL FUND DISTRIBUTORS PRIVATE LIMITED,Maharashtra,Mumbai,View  registration details for INVESTMENT BUILDERS MONTHLY (MAHENG/2023/91095)
26812,INVESTMENT IDEAS,MAHENG/2017/73756,10-11-2017,English,Monthly,RAJCHANDRA HARIBHAI KOTHARI,RAJCHANDRA HARIBHAI KOTHARI,Maharashtra,Mumbai,View  registration details for INVESTMENT IDEAS (MAHENG/2017/73756)
26813,INVESTMENT MATTERS,JKENG/2018/77557,17-06-2019,English,Fortnightly,MIR YASIR AHMAD,MIR YASIR AHMAD,Jammu and Kashmir,Srinagar,View  registration details for INVESTMENT MATTERS (JKENG/2018/77557)
26814,INVESTMENT POINT,GUJGUJ/2010/35414,24-01-2011,Gujarati,Weekly,Bhatt Nikhil,Bhatt Nikhil,Gujarat,Jamnagar,View  registration details for INVESTMENT POINT (GUJGUJ/2010/35414)
26815,Investor Gain,RJENG/26/A1100,13-02-2026,English,Bi-Annual,Manish Kothari,Primish infotech PVT LTD,Rajasthan,Udaipur,View  registration details for Investor Gain (RJENG/26/A1100)
26816,INVESTORS INDIA,DELENG/2002/08543,27-02-2012,English,Monthly,Raghbendra Kumar Singh,BAJAJ CAPITAL LTD.,Delhi,New Delhi,View  registration details for INVESTORS INDIA (DELENG/2002/08543)
26817,INVOLVEMENT,UTTENG/2012/55092,27-03-2014,English,Weekly,T.N.SHARMA,T.N.SHARMA,Uttarakhand,Dehradun,View  registration details for INVOLVEMENT (UTTENG/2012/55092)
26818,IOS NEWSLETTER,59369,24-01-2011,English,Monthly,M.QAMAR ISHAQUE,M.QAMAR ISHAQUE,Delhi,New Delhi,View  registration details for IOS NEWSLETTER (59369)
26819,IP ANNALS OF PROSTHODONTICS & RESTORATIVE DENTISTRY,DELENG/2017/73890,22-11-2017,English,Quarterly,RAKESH KUMAR PANDIT,INNOVATIVE PUBLICATIONS,Delhi,New Delhi,View  registration details for IP ANNALS OF PROSTHODONTICS & RESTORATIVE DENTISTRY (DELENG/2017/73890)
26820,IP ARCHIVES OF CYTOLOGY AND HISTOPATHOLOGY RESEARCH,DELENG/2018/75180,10-05-2018,English,Quarterly,RAKESH KUMAR PANDIT,IP INNOVATIVE PUBLICATION PVT LTD,Delhi,New Delhi,View  registration details for IP ARCHIVES OF CYTOLOGY AND HISTOPATHOLOGY RESEARCH (DELENG/2018/75180)
26821,IP BAZZAAR,DLENG/25/A3741,06-11-2025,English,Quarterly,Medha Kaushik,IPBazzaar Technology Consultants Pvt. Ltd.,Delhi,New Delhi,View  registration details for IP BAZZAAR (DLENG/25/A3741)
26822,IP INDIAN JOURNAL OF ANATOMY AND SURGERY OF HEAD NECK AND BRAIN,DELENG/2018/74994,07-03-2018,English,Quarterly,RAKESH KUMAR PANDIT,IP INNOVATIVE PUBLICATION PVT.LIMITED.,Delhi,New Delhi,View  registration details for IP INDIAN JOURNAL OF ANATOMY AND SURGERY OF HEAD NECK AND BRAIN (DELENG/2018/74994)
26823,IP INDIAN JOURNAL OF CLINICAL AND EXPERIMENTAL DERMATOLOGY,DELENG/2018/74804,20-02-2018,English,Quarterly,RAKESH KUMAR PANDIT,IP INNOVATIVE PUBLICATION PVT.LIMITED.,Delhi,New Delhi,View  registration details for IP INDIAN JOURNAL OF CLINICAL AND EXPERIMENTAL DERMATOLOGY (DELENG/2018/74804)
26824,IP INDIAN JOURNAL OF CONSERVATIVE AND ENDODONTICS,DELENG/2018/76084,20-09-2018,English,Quarterly,RAKESH KUMAR PANDIT,IP INNOVATIVE PUBLICATION PVT LTD,Delhi,New Delhi,View  registration details for IP INDIAN JOURNAL OF CONSERVATIVE AND ENDODONTICS (DELENG/2018/76084)
26825,IP INDIAN JOURNAL OF IMMUNOLOGY AND RESPIRATORY MEDICINE,DELENG/2017/74539,02-02-2018,English,Quarterly,RAKESH KUMAR PANDIT,IP INNOVATIVE PUBLICATION PVT.LIMITED.,Delhi,New Delhi,View  registration details for IP INDIAN JOURNAL OF IMMUNOLOGY AND RESPIRATORY MEDICINE (DELENG/2017/74539)
26826,IP INDIAN JOURNAL OF LIBRARY SCIENCE AND INFORMATION TECHNOLOGY,DELENG/2019/77739,12-07-2019,English,Half Yearly,RAKESH KUMAR PANDIT,IP INNOVATIVE PUBLICATION PVT LTD,Delhi,New Delhi,View  registration details for IP INDIAN JOURNAL OF LIBRARY SCIENCE AND INFORMATION TECHNOLOGY (DELENG/2019/77739)
26827,IP INDIAN JOURNAL OF NEUROSCIENCES,DELENG/2018/76535,14-12-2018,English,Quarterly,RAKESH KUMAR PANDIT,IP INNOVATIVE PUBLICATION PVT. LTD.,Delhi,New Delhi,View  registration details for IP INDIAN JOURNAL OF NEUROSCIENCES (DELENG/2018/76535)
26828,IP INDIAN JOURNAL OF ORTHODONTICS AND DENTOFACIAL RESEARCH,DELENG/2018/76539,14-12-2018,English,Quarterly,RAKESH KUMAR PANDIT,IP INNOVATIVE PUBLICATION PVT. LTD.,Delhi,New Delhi,View  registration details for IP INDIAN JOURNAL OF ORTHODONTICS AND DENTOFACIAL RESEARCH (DELENG/2018/76539)
26829,IP INTERNATIONAL JOURNAL OF COMPREHENSIVE AND ADVANCED PHARMACOLOGY,DELENG/2018/75162,10-05-2018,English,Quarterly,RAKESH KUMAR PANDIT,IP INNOVATIVE PUBLICATION PVT LTD,Delhi,New Delhi,View  registration details for IP INTERNATIONAL JOURNAL OF COMPREHENSIVE AND ADVANCED PHARMACOLOGY (DELENG/2018/75162)
26830,IP INTERNATIONAL JOURNAL OF FORENSIC MEDICINE AND TOXICOLOGICAL SCIENCES,DELENG/2019/77147,08-04-2019,English,Quarterly,RAKESH KUMAR PANDIT,IP INNOVATIVE PUBLICATION PVT. LTD.,Delhi,New Delhi,View  registration details for IP INTERNATIONAL JOURNAL OF FORENSIC MEDICINE AND TOXICOLOGICAL SCIENCES (DELENG/2019/77147)
26831,IP INTERNATIONAL JOURNAL OF MAXILLOFACIAL IMAGING,DELENG/2017/73693,07-11-2017,English,Quarterly,RAKESH KUMAR PANDIT,INNOVATIVE PUBLICATIONS,Delhi,New Delhi,View  registration details for IP INTERNATIONAL JOURNAL OF MAXILLOFACIAL IMAGING (DELENG/2017/73693)
26832,IP INTERNATIONAL JOURNAL OF MEDICAL MICROBIOLOGY AND TROPICAL DISEASES,DELENG/2017/73692,06-11-2017,English,Quarterly,RAKESH KUMAR PANDIT,INNOVATIVE PUBLICATIONS,Delhi,New Delhi,View  registration details for IP INTERNATIONAL JOURNAL OF MEDICAL MICROBIOLOGY AND TROPICAL DISEASES (DELENG/2017/73692)
26833,IP INTERNATIONAL JOURNAL OF MEDICAL PAEDIATRICS AND ONCOLOGY,DELENG/2017/74985,07-03-2018,English,Quarterly,RAKESH KUMAR PANDIT,IP INNOVATIVE PUBLICATION PVT.LIMITED.,Delhi,New Delhi,View  registration details for IP INTERNATIONAL JOURNAL OF MEDICAL PAEDIATRICS AND ONCOLOGY (DELENG/2017/74985)
26834,IP INTERNATIONAL JOURNAL OF OCULAR ONCOLOGY AND OCULOPLASTY,DELENG/2017/73924,21-11-2017,English,Quarterly,RAKESH KUMAR PANDIT,INNOVATIVE PUBLICATIONS,Delhi,New Delhi,View  registration details for IP INTERNATIONAL JOURNAL OF OCULAR ONCOLOGY AND OCULOPLASTY (DELENG/2017/73924)
26835,IP INTERNATIONAL JOURNAL OF ORTHOPAEDIC RHEUMATOLOGY,DELENG/2018/76085,20-09-2018,English,Half Yearly,RAKESH KUMAR PANDIT,IP INNOVATIVE PUBLICATION PVT LTD,Delhi,New Delhi,View  registration details for IP INTERNATIONAL JOURNAL OF ORTHOPAEDIC RHEUMATOLOGY (DELENG/2018/76085)
26836,IP INTERNATIONAL JOURNAL OF PERIODONTOLOGY AND IMPLANTOLOGY,DELENG/2019/77146,08-04-2019,English,Quarterly,RAKESH KUMAR PANDIT,IP INNOVATIVE PUBLICATION PVT. LTD.,Delhi,New Delhi,View  registration details for IP INTERNATIONAL JOURNAL OF PERIODONTOLOGY AND IMPLANTOLOGY (DELENG/2019/77146)
26837,IP JOURNAL OF DIAGNOSTIC PATHOLOGY AND ONCOLOGY,DELENG/2017/74505,02-02-2018,English,Quarterly,RAKESH KUMAR PANDIT,IP INNOVATIVE PUBLICATION PVT.LIMITED.,Delhi,New Delhi,View  registration details for IP JOURNAL OF DIAGNOSTIC PATHOLOGY AND ONCOLOGY (DELENG/2017/74505)
26838,IP JOURNAL OF NUTRITION METABOLISM AND HEALTH SCIENCE,DELENG/2019/78542,20-03-2020,English,Quarterly,RAKESH KUMAR PANDIT,IP INNOVATIVE PUBLICATION PVT. LTD.,Delhi,New Delhi,View  registration details for IP JOURNAL OF NUTRITION METABOLISM AND HEALTH SCIENCE (DELENG/2019/78542)
26839,IP JOURNAL OF OTORHINOLARYNGOLOGY AND ALLIED SCIENCE,DELENG/2019/78070,24-10-2019,English,Quarterly,RAKESH KUMAR PANDIT,IP INNOVATIVE PUBLICATION PVT LIMITED,Delhi,New Delhi,View  registration details for IP JOURNAL OF OTORHINOLARYNGOLOGY AND ALLIED SCIENCE (DELENG/2019/78070)
26840,IP JOURNAL OF PAEDIATRICS AND NURSING SCIENCE,DELENG/2019/78051,15-10-2019,English,Quarterly,RAKESH KUMAR PANDIT,IP INNOVATIVE PUBLICATION PVT LIMITED,Delhi,New Delhi,View  registration details for IP JOURNAL OF PAEDIATRICS AND NURSING SCIENCE (DELENG/2019/78051)
26841,IP JOURNAL OF SURGERY AND ALLIED SCIENCES,DELENG/2019/78539,12-03-2020,English,Quarterly,RAKESH KUMAR PANDIT,IP INNOVATIVE PUBLICATION PVT. LTD.,Delhi,New Delhi,View  registration details for IP JOURNAL OF SURGERY AND ALLIED SCIENCES (DELENG/2019/78539)
26842,IPEM JOURNAL FOR INNOVATIONS IN TEACHER EDUCATION,UPBIL/2017/72949,11-08-2017,"English, HINDI",Annual,ANUPAM GOEL,LAKSH EDUCATIONAL SOCIETY,Uttar Pradesh,Ghaziabad,View  registration details for IPEM JOURNAL FOR INNOVATIONS IN TEACHER EDUCATION (UPBIL/2017/72949)
26843,IPEM JOURNAL OF COMPUTER APPLICATION & RESEARCH,UPENG/2017/72946,11-08-2017,English,Annual,ANUPAM GOEL,LAKSH EDUCATIONAL SOCIETY,Uttar Pradesh,Ghaziabad,View  registration details for IPEM JOURNAL OF COMPUTER APPLICATION & RESEARCH (UPENG/2017/72946)
26844,IPEM LAW JOURNAL,UPBIL/2017/72947,11-08-2017,"English, HINDI",Annual,ANUPAM GOEL,LAKSH EDUCATIONAL SOCIETY,Uttar Pradesh,Ghaziabad,View  registration details for IPEM LAW JOURNAL (UPBIL/2017/72947)
26845,IPI JOURNAL,MAHENG/2014/55469,29-04-2014,English,Bimonthly (Once in two months),E. NARAYANAN,INDIAN PLASTICS INSTITUTE,Maharashtra,Mumbai,View  registration details for IPI JOURNAL (MAHENG/2014/55469)
26846,IPO WORLD,DLBIL/26/A4451,01-06-2026,"English, Hindi",Monthly,PIYUSH AGARWAL,BMARKT TECAMAT PRIVATE LIMITED,Delhi,New Delhi,View  registration details for IPO WORLD (DLBIL/26/A4451)
26847,IPPUDU,APTEL/2009/29380,05-11-2009,Telugu,Daily,KARENATI LAXMI NARAYANA,KARENATI LAXMI NARAYANA,Andhra Pradesh,Tirupati,View  registration details for IPPUDU (APTEL/2009/29380)
26848,IPPUDU,APTEL/26/A3760,15-05-2026,Telugu,Monthly,Laxmi Narayana Karnati,Laxmi Narayana Karnati,Andhra Pradesh,Sri Potti Sriramulu Nellore,View  registration details for IPPUDU (APTEL/26/A3760)
26849,IPPUDU,APTEL/2009/28237,06-07-2009,Telugu,Daily,KARENTI LAXMI NARAYANA,KARENATI LAXMI NARAYANA,Telangana,Rangareddy,View  registration details for IPPUDU (APTEL/2009/28237)
26850,IPPUDU,52890,09-11-1994,Telugu,Daily,KARENATI LAXMI NARAYANA,KARENATI LAXMI NARAYANA,Telangana,Nalgonda,View  registration details for IPPUDU (52890)
26851,IQAAN EXPRESS,KARURD/2016/74210,20-12-2017,Urdu,Daily,HAMID AKMAL,HAMID AKMAL,Karnataka,Kalaburagi,View  registration details for IQAAN EXPRESS (KARURD/2016/74210)
26852,IQBAL E KASHMIR,58954,09-05-2018,English,Daily,MOHAMMAD IQBAL WANI,MOHAMMAD IQBAL WANI,Jammu and Kashmir,Srinagar,View  registration details for IQBAL E KASHMIR (58954)
26853,IQBAL HINDUSTANI,58807,12-12-1994,Hindi,Weekly,IQBAL HINDUSTANI,IQBAL HINDUSTANI,Madhya Pradesh,Bhopal,View  registration details for IQBAL HINDUSTANI (58807)
26854,IQBAL KI AWAZ,UPHIN/2016/70706,16-03-2017,Hindi,Weekly,MOHD. IQBAL,MOHAMMAD IQBAL,Uttar Pradesh,Moradabad,View  registration details for IQBAL KI AWAZ (UPHIN/2016/70706)
26855,IQBAL UJALA,MPHIN/2022/82686,10-11-2022,Hindi,Weekly,IQBAL AHMAD,IQBAL AHMAD,Madhya Pradesh,Gwalior,View  registration details for IQBAL UJALA (MPHIN/2022/82686)
26856,IQDAM,10814,10-06-1966,Urdu,Weekly,SHRI SHAKEEL ANWAR,SHRI SHAKEEL ANWAR,Telangana,Hyderabad,View  registration details for IQDAM (10814)
26857,IQDAM,45003,08-09-2010,Urdu,Daily,HAFEZ SYED IDRIS,HAFEZ SYED IDRIS,Telangana,Hyderabad,View  registration details for IQDAM (45003)
26858,IQDAM-E-NAU,UPURD/2008/26477,10-12-2008,Urdu,Weekly,AKHTAR ALI,AKHTAR ALI,Uttar Pradesh,Lucknow,View  registration details for IQDAM-E-NAU (UPURD/2008/26477)
26859,IQDAM-E-NAU,UPURD/2008/24978,13-08-2008,Urdu,Daily,AKHTAR ALI,AKHTAR ALI,Uttar Pradesh,Lucknow,View  registration details for IQDAM-E-NAU (UPURD/2008/24978)
26860,IQRA KI INAYAT,MPHIN/2014/59805,28-01-2015,Hindi,Monthly,SALMA B,SALMA B,Madhya Pradesh,Bhopal,View  registration details for IQRA KI INAYAT (MPHIN/2014/59805)
26861,IQRA BUREAU,UPENG/2007/21342,11-10-2007,English,Daily,mohd Inaam Khan,MOHD INAAM KHAN,Uttar Pradesh,Lucknow,View  registration details for IQRA BUREAU (UPENG/2007/21342)
26862,IQRA DARPAN,UPHIN/2014/66633,08-04-2016,Hindi,Weekly,DR.NASEEM AHMAD,DR.NASEEM AHMAD,Uttar Pradesh,Meerut,View  registration details for IQRA DARPAN (UPHIN/2014/66633)
26863,IQRA DARPAN,UPHIN/2000/04416,22-07-2001,Hindi,Daily,DR.NASEEM AHMAD,DR.NASEEM AHMAD,Uttar Pradesh,Meerut,View  registration details for IQRA DARPAN (UPHIN/2000/04416)
26864,IQRA EXPRESS MEHKAR,MAHBIL/2018/75329,28-05-2018,"Marathi, Hindi",Monthly,ASIF KHAN DILDAR KHAN PATHAN,ASIF KHAN DILDAR KHAN PATHAN,Maharashtra,Buldhana,View  registration details for IQRA EXPRESS MEHKAR (MAHBIL/2018/75329)
26865,IQRA KHABAR,BIHURD/2012/41059,13-03-2012,Urdu,Daily,MD. FAKHRUDDIN IDRISI,MD. FAKHRUDDIN IDRISI,Bihar,Patna,View  registration details for IQRA KHABAR (BIHURD/2012/41059)
26866,IQRA TIMES,DELHIN/2007/21859,27-11-2007,Hindi,Monthly,SAMIR AHMED,SHABAN AHMED,Delhi,New Delhi,View  registration details for IQRA TIMES (DELHIN/2007/21859)
26867,IQRAR TIMES,DELHIN/2011/47769,01-02-2013,Hindi,Weekly,RIYA GAUTAM,RIYA GAUTAM,Delhi,New Delhi,View  registration details for IQRAR TIMES (DELHIN/2011/47769)
26868,IRADO KI UDAN,MPHIN/2021/89955,04-11-2024,HINDI,Quarterly,NEELAM MEHAR,NEELAM MEHAR,Madhya Pradesh,Bhopal,View  registration details for IRADO KI UDAN (MPHIN/2021/89955)
26869,IRAI ANNAI,TNTAM/2014/60763,13-03-2015,Tamil,Quarterly,A. JOSEPH ANTONY,A. JOSEPH ANTONY,Tamil Nadu,Chennai,View  registration details for IRAI ANNAI (TNTAM/2014/60763)
26870,IRAI NESAR,TNBIL/2012/51307,06-08-2013,"English, Tamil",Monthly,S. ASHOK KUMAR,S.ASHOK KUMAR,Tamil Nadu,Chennai,View  registration details for IRAI NESAR (TNBIL/2012/51307)
26871,IRAIVAN PARVAI,TNTAM/2015/64225,12-10-2015,Tamil,Monthly,M. KARTHIKEYAN,M.KARTHIKEYAN,Tamil Nadu,Chennai,View  registration details for IRAIVAN PARVAI (TNTAM/2015/64225)
26872,IRAIVAZHI MARUTHUVAM,TNTAM/26/A3970,20-05-2026,Tamil,Monthly,Sajitha Fathima A,Sajitha Fathima A,Tamil Nadu,Kancheepuram,View  registration details for IRAIVAZHI MARUTHUVAM (TNTAM/26/A3970)
26873,IRAM AL HUDA TIMES,UPURD/2012/43722,04-07-2012,Urdu,Daily,MOHD. JUNAID FAROOQUI,MOHD. JUNAID FAROOQUI,Uttar Pradesh,Lucknow,View  registration details for IRAM AL HUDA TIMES (UPURD/2012/43722)
26874,IRAM AL HUDA TIMES,64721,10-12-1996,Urdu,Weekly,MOHD. JUNAID FAROOQUI,MOHD. JUNAID FAROOQUI,Uttar Pradesh,Lucknow,View  registration details for IRAM AL HUDA TIMES (64721)
26875,IRAM AL HUDA TIMES,65979,01-01-1997,Urdu,Daily,MOHD. JUNAID FAROOQUI,MOHD. JUNAID FAROOQUI,Uttar Pradesh,Bara Banki,View  registration details for IRAM AL HUDA TIMES (65979)
26876,IRATTAI PAATHAI,TNTAM/2011/45165,13-09-2012,Tamil,Monthly,SIVAPERUMAL v,SIVAPPERUMAL V,Tamil Nadu,Coimbatore,View  registration details for IRATTAI PAATHAI (TNTAM/2011/45165)
26877,IRD GIRD,50826,08-10-1990,English,Thrice a week,KUSUM LATA,KUSUM LATA,Delhi,New Delhi,View  registration details for IRD GIRD (50826)
26878,IREIBAK,MANMAN/2004/14847,22-06-2005,Manipuri,Daily,NGANGOM DEVENDRO MEETEI,NGANGOM DEVENDRO MEETEI,Manipur,Imphal East,View  registration details for IREIBAK (MANMAN/2004/14847)
26879,IRMA JOURNAL,34845,30-09-2010,English,Quarterly,ANIRBANDIP DASGUPTA,INDIAN REFRACTORY MAKERS ASSOCIATION,West Bengal,Kolkata,View  registration details for IRMA JOURNAL (34845)
26880,IRON CROSS,35033,29-08-1978,Hindi,Weekly,ABHINAYA ANIL SAINI,ABHINAYA ANIL SAINI,Rajasthan,Ganganagar,View  registration details for IRON CROSS (35033)
26881,IRON LADY,MAHMAR/2015/65824,01-02-2016,Marathi,Daily,ASHA DILIP SARKATE,ASHA DILIP SARKATE,Maharashtra,Buldhana,View  registration details for IRON LADY (MAHMAR/2015/65824)
26882,IRON LADY,MAHMAR/2015/67637,27-06-2016,Marathi,Weekly,ASHA DILIP SARKATE,ASHA DILIP SARKATE,Maharashtra,Buldhana,View  registration details for IRON LADY (MAHMAR/2015/67637)
26883,IRRIGATION TIMES,MAHMAR/2015/66096,10-02-2016,Marathi,Weekly,DIPAK GONDUJI INGALE,DIPAK GONDUJI INGALE,Maharashtra,Amravati,View  registration details for IRRIGATION TIMES (MAHMAR/2015/66096)
26884,IRSHAD VAKTA,MPHIN/2023/88300,02-08-2024,HINDI,Monthly,GUFARAN,GUFARAN,Madhya Pradesh,Bhopal,View  registration details for IRSHAD VAKTA (MPHIN/2023/88300)
26885,IRTESAAM,38926,06-09-1981,Urdu,Weekly,Noorjahan Mohammed Abdul Aleem,Noorjahan Mohammed Abdul Aleem,Maharashtra,Nanded,View  registration details for IRTESAAM (38926)
26886,IRUDHI ARIKKAI,TNTAM/2016/70408,13-02-2017,Tamil,Monthly,R. SENTHIL KUMAR,R. SENTHIL KUMAR,Tamil Nadu,Chennai,View  registration details for IRUDHI ARIKKAI (TNTAM/2016/70408)
26887,IRUKKIRAVAR NAAME,TNTAM/2016/74526,06-02-2018,Tamil,Monthly,A. ANTONYAMMAL,A.ANTONYAMMAL,Tamil Nadu,Chennai,View  registration details for IRUKKIRAVAR NAAME (TNTAM/2016/74526)
26888,IRULIN VELICHAM,TNTAM/2021/81073,27-12-2021,Tamil,Monthly,E.CHANDRASEKAR,E.CHANDRASEKAR,Tamil Nadu,Chennai,View  registration details for IRULIN VELICHAM (TNTAM/2021/81073)
26889,IRUMBU SIRAGUHAL,TNTAM/26/A5263,17-06-2026,Tamil,Fortnightly,D JoySathya Selvi,D JoySathya Selvi,Tamil Nadu,Viluppuram,View  registration details for IRUMBU SIRAGUHAL (TNTAM/26/A5263)
26890,IRUTHI THEERPPU,TNTAM/2021/86428,12-02-2024,Tamil,Monthly,S.SARAVANAN,S.SARAVANAN,Tamil Nadu,Chennai,View  registration details for IRUTHI THEERPPU (TNTAM/2021/86428)
26891,IRWIN TIMES,MAHMAR/2023/86340,06-02-2024,Marathi,Weekly,ASAWARI MACCHINDRA AINAPURE,ASAWARI MACCHINDRA AINAPURE,Maharashtra,Sangli,View  registration details for IRWIN TIMES (MAHMAR/2023/86340)
26892,IS SADI KI AWAJ,UTTHIN/2002/06961,24-06-2002,Hindi,Weekly,AMIT SHARMA,AMIT SHARMA,Uttarakhand,Haridwar,View  registration details for IS SADI KI AWAJ (UTTHIN/2002/06961)
26893,IS SADI KI AWAJ,UTTHIN/2005/14888,27-06-2005,Hindi,Weekly,AMIT SHARMA,AMIT SHARMA,Uttarakhand,Dehradun,View  registration details for IS SADI KI AWAJ (UTTHIN/2005/14888)
26894,ISAH INDIAN JOURNAL OF ARID HORTICULTURE,RAJENG/2020/79549,25-02-2021,English,Half Yearly,PROF. (DR.) P. L. SAROJ,INDIAN SOCIETY FOR ARID HORTICULTURE,Rajasthan,Bikaner,View  registration details for ISAH INDIAN JOURNAL OF ARID HORTICULTURE (RAJENG/2020/79549)
26895,ISAI INA MURASU,TNTAM/2002/11497,24-12-2003,Tamil,Monthly,SETHU CHOCKALINGAM,ISAI VELALAR MURPOKKUNALA SANGAM,Tamil Nadu,Chennai,View  registration details for ISAI INA MURASU (TNTAM/2002/11497)
26896,ISAI MUZHAKKAM,TNTAM/2019/79153,10-12-2020,Tamil,Monthly,K.R. KUKESH,K R KUKESH,Tamil Nadu,Chennai,View  registration details for ISAI MUZHAKKAM (TNTAM/2019/79153)
26897,ISAI VELALAR MURASU,TNTAM/2000/04689,03-07-2000,Tamil,Monthly,VAZHUVOOR RAVI,VAZHUVOOR RAVI,Tamil Nadu,Chennai,View  registration details for ISAI VELALAR MURASU (TNTAM/2000/04689)
26898,ISANPUR EXPRESS,GUJGUJ/2018/76425,16-11-2018,Gujarati,Daily,Jagadishbhai Motilal Parmar,Jagadishbhai Motilal Parmar,Gujarat,Ahmedabad,View  registration details for ISANPUR EXPRESS (GUJGUJ/2018/76425)
26899,ISDA JOURNAL,64437,31-10-1996,English,Quarterly,B.MOHANAN,INSTITUTE FOR THE STUDY OF DEVELOPING AREAS (I.S.D.A),Kerala,Thiruvananthapuram,View  registration details for ISDA JOURNAL (64437)
26900,ISHA ISHAAN TIMES,MPHIN/2011/39852,24-07-2012,Hindi,Weekly,MEENA KULPARIYA,MEENA KULPARIYA,Madhya Pradesh,Indore,View  registration details for ISHA ISHAAN TIMES (MPHIN/2011/39852)
26901,ISHA KIRAN Telugu Daily,TGTEL/25/A4820,05-12-2025,Telugu,Daily,BERI MAMATHA,BERI MAMATHA,Telangana,Nalgonda,View  registration details for ISHA KIRAN Telugu Daily (TGTEL/25/A4820)
26902,ISHA LAHAR,DELHIN/2012/46538,23-11-2012,Hindi,Monthly,PUNEET NANDA,ISHA FOUNDATION (TRUST),Delhi,New Delhi,View  registration details for ISHA LAHAR (DELHIN/2012/46538)
26903,ISHA TIMES,MPHIN/2016/70764,20-03-2017,Hindi,Weekly,MEERA TIWARI,MEERA TIWARI,Madhya Pradesh,Bhopal,View  registration details for ISHA TIMES (MPHIN/2016/70764)
26904,ISHA TIMES,MPHIN/2017/73630,25-10-2017,Hindi,Monthly,MEERA TIWARI,MEERA TIWARI,Madhya Pradesh,Bhopal,View  registration details for ISHA TIMES (MPHIN/2017/73630)
26905,ISHAAN MAIL,UTTHIN/2013/49120,10-04-2013,Hindi,Weekly,KAVITA KHAN,KAVITA KHAN,Uttarakhand,Dehradun,View  registration details for ISHAAN MAIL (UTTHIN/2013/49120)
26906,ISHAAT,UPURD/2021/83970,25-04-2023,Urdu,Daily,ABDUL ALI,ABDUL ALI,Uttar Pradesh,Lucknow,View  registration details for ISHAAT (UPURD/2021/83970)
26907,ISHAN,UPHIN/2008/29906,02-12-2009,Hindi,Weekly,Rajul Mishra,RAJUL MISHRA,Uttar Pradesh,Moradabad,View  registration details for ISHAN (UPHIN/2008/29906)
26908,Ishan Alert,WBBEN/25/A4477,28-11-2025,Bengali,Monthly,SOUMEN KUMAR CHAKRABORTY,SOUMEN KUMAR CHAKRABORTY,West Bengal,Paschim Bardhaman,View  registration details for Ishan Alert (WBBEN/25/A4477)
26909,ISHAN DARPAN,ASSENG/2019/77543,17-06-2019,English,Weekly,RAJESH JHUNJHUNWALA,PRAGJYOTISH PRAKASHAN TRUST,Assam,Kamrup Metropolitan,View  registration details for ISHAN DARPAN (ASSENG/2019/77543)
26910,ISHAN JOURNAL OF RESEARCH KNOWLEDGE & PRUDENCE,UPMUL/2019/77340,10-05-2019,English,Half Yearly,GIRIRAJ DEVI SINGH,"ISHAN PROMOTE ART, CULTURE AND IMPROVE SOCIETY",Uttar Pradesh,Pratapgarh,View  registration details for ISHAN JOURNAL OF RESEARCH KNOWLEDGE & PRUDENCE (UPMUL/2019/77340)
26911,ISHAN PATH,UPHIN/2003/09188,04-03-2003,Hindi,Monthly,RAMA TYAGI,RAMA TYAGI,Uttar Pradesh,Ghaziabad,View  registration details for ISHAN PATH (UPHIN/2003/09188)
26912,ISHAN TIMES,DELHIN/2007/27778,20-05-2009,Hindi,Daily,SANJAY RAI,SANJAY RAI,Delhi,New Delhi,View  registration details for ISHAN TIMES (DELHIN/2007/27778)
26913,ISHAN TIMES,HARBIL/2013/50098,03-06-2013,"English, HINDI",Weekly,SANJAY RAI,SANJAY RAI,Haryana,Panchkula,View  registration details for ISHAN TIMES (HARBIL/2013/50098)
26914,ISHAN TIMES,DELBIL/2006/17078,27-08-2006,"English, HINDI",Weekly,SANJAY RAI,SANJAY RAI,Delhi,New Delhi,View  registration details for ISHAN TIMES (DELBIL/2006/17078)
26915,ISHANVI EXPRESS,UPHIN/2022/84167,10-05-2023,Hindi,Monthly,VISHAL GUPTA,VISHAL GUPTA,Uttar Pradesh,Lucknow,View  registration details for ISHANVI EXPRESS (UPHIN/2022/84167)
26916,ISHANYA MUMBAI NEWS,MAHHIN/2015/61412,21-04-2015,Hindi,Daily,SHAGUFTA FIROZ KHAN,SHAGUFTA FIROZ KHAN,Maharashtra,Mumbai,View  registration details for ISHANYA MUMBAI NEWS (MAHHIN/2015/61412)
26917,ISHANYA MUMBAI NEWS,MAHHIN/2013/52936,04-11-2013,Hindi,Weekly,SHAGUFTA FIROZ KHAN,SHAGUFTA FIROZ KHAN,Maharashtra,Mumbai,View  registration details for ISHANYA MUMBAI NEWS (MAHHIN/2013/52936)
26918,ISHANYA VARTA,MAHMAR/2012/45108,11-09-2012,Marathi,Monthly,KONDVILKAR JAYWANT GANPAT,FRIENDS OF NORTH EAST SOCIETY,Maharashtra,Thane,View  registration details for ISHANYA VARTA (MAHMAR/2012/45108)
26919,ISHARA TIMES,DELHIN/2001/07672,10-09-2002,Hindi,Weekly,VINOD YADAV,VINOD YADAV,Delhi,New Delhi,View  registration details for ISHARA TIMES (DELHIN/2001/07672)
26920,ISHMEET,UTTHIN/2014/56183,10-07-2014,HINDI,Weekly,VIKRAM SINGH SIDHU,VIKRAM SINGH SIDHU,Uttarakhand,Haridwar,View  registration details for ISHMEET (UTTHIN/2014/56183)
26921,ISHT MITRA,63645,17-05-1996,Hindi,Weekly,PARAS NATH PATEL,PARAS NATH PATEL,Uttar Pradesh,Ambedkar Nagar,View  registration details for ISHT MITRA (63645)
26922,ISHUDHI,69453,24-11-1998,Kannada,Monthly,VEENA S BHAT,VEENA S.BHAT,Karnataka,Bengaluru,View  registration details for ISHUDHI (69453)
26923,ISHVAR BHAROSE,MPHIN/2016/68429,27-08-2016,Hindi,Monthly,SHEKH LAIK,SHEKH LAIK,Madhya Pradesh,Bhopal,View  registration details for ISHVAR BHAROSE (MPHIN/2016/68429)
26924,ISHWAR KI KRAPA,MPHIN/2021/82265,04-10-2022,Hindi,Monthly,MADHU SHARMA,MADHU SHARMA,Madhya Pradesh,Gwalior,View  registration details for ISHWAR KI KRAPA (MPHIN/2021/82265)
26925,ISHWAR KI KRAPA,MPHIN/2023/90909,17-06-2025,Hindi,Quarterly,MADHU SHARMA,MADHU SHARMA,Madhya Pradesh,Bhopal,View  registration details for ISHWAR KI KRAPA (MPHIN/2023/90909)
26926,ISHWAR KI KRAPA,MPHIN/2023/90913,17-06-2025,Hindi,Weekly,MADHU SHARMA,MADHU SHARMA,Madhya Pradesh,Bhopal,View  registration details for ISHWAR KI KRAPA (MPHIN/2023/90913)
26927,ISHWAR KI KRAPA,MPHIN/2023/90919,17-06-2025,Hindi,Daily,MADHU SHARMA,MADHU SHARMA,Madhya Pradesh,Bhopal,View  registration details for ISHWAR KI KRAPA (MPHIN/2023/90919)
26928,ISHWAR KI KRAPA,MPHIN/2023/90918,17-06-2025,Hindi,Monthly,MADHU SHARMA,MADHU SHARMA,Madhya Pradesh,Bhopal,View  registration details for ISHWAR KI KRAPA (MPHIN/2023/90918)
26929,ISHWAR KI KRAPA,MPHIN/2023/90920,17-06-2025,Hindi,Fortnightly,MADHU SHARMA,MADHU SHARMA,Madhya Pradesh,Bhopal,View  registration details for ISHWAR KI KRAPA (MPHIN/2023/90920)
26930,ISHWAR KI MAHIMA,MPHIN/2002/13266,29-09-2003,Hindi,Monthly,VIVEK AWASTHI,VIVEK AWASTHI,Madhya Pradesh,Bhopal,View  registration details for ISHWAR KI MAHIMA (MPHIN/2002/13266)
26931,ISHWAR KI MAHIMA,MPHIN/2021/81764,03-08-2022,Hindi,Weekly,VIVEK AWASTHI,VIVEK AWASTHI,Madhya Pradesh,Bhopal,View  registration details for ISHWAR KI MAHIMA (MPHIN/2021/81764)
26932,ISHWARIYE SATTA,UPHIN/2012/43596,30-06-2012,Hindi,Weekly,ASHOK KUMAR SARASWATI,ASHOK KUMAR SARASWATI,Uttar Pradesh,Jalaun,View  registration details for ISHWARIYE SATTA (UPHIN/2012/43596)
26933,ISLA HE SAMAJ,53452,11-12-1991,Hindi,Monthly,KHWAJA QUTUBUDDIN,MARKAZI JAMIAT AHLE-HADEES HIND,Delhi,New Delhi,View  registration details for ISLA HE SAMAJ (53452)
26934,ISLAH E ZINDAGI,MAHHIN/2018/79683,15-03-2021,Hindi,Monthly,TANVEER FATEMA M KHALEELODDIN SIDDIQUI,TANVEER FATEMA M KHALEELODDIN SIDDIQUI,Maharashtra,Latur,View  registration details for ISLAH E ZINDAGI (MAHHIN/2018/79683)
26935,ISLAH-E-MUASHERA,APURD/2012/46817,06-12-2012,Urdu,Daily,MOHAMMED VASEEM UDDIN,MOHAMMED VASEEM UDDIN,Andhra Pradesh,Hyderabad,View  registration details for ISLAH-E-MUASHERA (APURD/2012/46817)
26936,ISLAHEMASHRA IZALAH MUNKARAT,TGMUL/25/A0390,23-05-2025,"Urdu, English, Telugu",Monthly,Mohammed Abdul Nayeem,Mohammed Abdul Nayeem,Telangana,Hyderabad,View  registration details for ISLAHEMASHRA IZALAH MUNKARAT (TGMUL/25/A0390)
26937,ISLAM DIARY,TNTAM/2011/38367,27-07-2011,Tamil,Monthly,S. KAJA MOHIDEEN,S. KAJA MOHIDEEN,Tamil Nadu,Chennai,View  registration details for ISLAM DIARY (TNTAM/2011/38367)
26938,ISLAM DIARY,TNTAM/2009/28863,04-02-2011,Tamil,Monthly,S. KAJA MOHIDEEN,S. KAJA MOHIDEEN,Tamil Nadu,Dindigul,View  registration details for ISLAM DIARY (TNTAM/2009/28863)
26939,ISLAM KA PAIGAM,MPHIN/2010/35400,24-01-2011,Hindi,Monthly,MADIHA,MADIHA,Madhya Pradesh,Bhopal,View  registration details for ISLAM KA PAIGAM (MPHIN/2010/35400)
26940,ISLAM KANTHI,APTEL/2006/17878,11-12-2006,Telugu,Monthly,MOHAMMAD UBAIDUR RAHMAN,MOHAMMAD UBAIDUR RAHMAN,Andhra Pradesh,N T R,View  registration details for ISLAM KANTHI (APTEL/2006/17878)
26941,ISLAM PRABHAT,DELHIN/2019/79626,10-03-2021,Hindi,Monthly,ADEEL AKHTAR SHAMSI,TABLIGH-E-ISLAM FOUNDATION,Delhi,New Delhi,View  registration details for ISLAM PRABHAT (DELHIN/2019/79626)
26942,ISLAMI AASSAR,UPHIN/1999/03306,19-04-2001,Hindi,Weekly,MUKHTI MOHD. KHABIR NADALI,MUKHTI MOHD. KHABIR NADALI,Uttar Pradesh,Sitapur,View  registration details for ISLAMI AASSAR (UPHIN/1999/03306)
26943,ISLAMI AWAZ AL HIJAZ,MPHIN/2008/25833,10-10-2008,Hindi,Monthly,MOHAMMAD ZAFAR NOORI,MOHAMMED ZAFAR NOORI,Madhya Pradesh,Gwalior,View  registration details for ISLAMI AWAZ AL HIJAZ (MPHIN/2008/25833)
26944,ISLAMI EXPRESS,45815,28-10-1986,Urdu,Weekly,MIRZA MEHTAB BEG,MIRZA MEHTAB BEG,Delhi,New Delhi,View  registration details for ISLAMI EXPRESS (45815)
26945,ISLAMIA SCHOOL MAGAZINE,13688,01-01-1958,"English, Hindi, Urdu",Annual,MOHD. QAMAR FARSHORI,"ISLAMIS HIGH SCHOOL, DEOBAND",Uttar Pradesh,Saharanpur,View  registration details for ISLAMIA SCHOOL MAGAZINE (13688)
26946,ISLAMIC BANKING AND FINANCE INDIA,TNMUL/2017/76824,08-02-2019,"English, Urdu, Hindi",Monthly,SYED KHALID AHMED,ISLAMIC ECONOMIC FORUM OF INDIA,Tamil Nadu,Chennai,View  registration details for ISLAMIC BANKING AND FINANCE INDIA (TNMUL/2017/76824)
26947,ISLAMIC INSIGHT,KERENG/2016/70118,25-01-2017,English,Half Yearly,BAHAUDDEEN K,BAHAUDDEEN. K,Kerala,Malappuram,View  registration details for ISLAMIC INSIGHT (KERENG/2016/70118)
26948,ISLAMIYA INIYA THENDRAL,TNTAM/2016/68496,02-09-2016,Tamil,Monthly,M. SALAHUDEEN,M.SALAHUDEEN,Tamil Nadu,Kancheepuram,View  registration details for ISLAMIYA INIYA THENDRAL (TNTAM/2016/68496)
26949,ISLAND NEWS,ANDENG/2012/44362,11-12-2012,English,Fortnightly,SUCHITA SARKAR,MADHU SUDAN SARKAR,Andaman & Nicobar Islands,South Andaman,View  registration details for ISLAND NEWS (ANDENG/2012/44362)
26950,ISMA-TIMES,DELBIL/2000/02225,16-05-2011,"English, HINDI",Weekly,MOHAMMAD ISMAIL,MOHAMMAD ISMAIL,Delhi,New Delhi,View  registration details for ISMA-TIMES (DELBIL/2000/02225)
26951,ISMASO,UPHIN/2007/21220,25-09-2007,Hindi,Weekly,ABHILASHA,ABHILASHA,Uttar Pradesh,Lucknow,View  registration details for ISMASO (UPHIN/2007/21220)
26952,ISMAT E ADAB,MPURD/2017/73502,12-10-2017,Urdu,Weekly,MUMTAZ AHMED,MUMTAZ AHMED,Madhya Pradesh,Bhopal,View  registration details for ISMAT E ADAB (MPURD/2017/73502)
26953,ISPAT BALOY,48157,13-03-1990,Bengali,Fortnightly,PRASANTA KUMAR DAS,PRASANTA KUMAR DAS,West Bengal,Paschim Bardhaman,View  registration details for ISPAT BALOY (48157)
26954,ISPAT KI DHADKAN,CHHHIN/2010/37468,25-05-2011,Hindi,Weekly,R.P. SINGH,R.P. SINGH,Chhattisgarh,Durg,View  registration details for ISPAT KI DHADKAN (CHHHIN/2010/37468)
26955,ISPAT KIRAN,CHHHIN/2010/35025,03-01-2011,Hindi,Daily,ABDUL MAZEED,ABDUL MAZEED,Chhattisgarh,Durg,View  registration details for ISPAT KIRAN (CHHHIN/2010/35025)
26956,ISPAT TIMES,CHHHIN/2010/36638,05-04-2011,Hindi,Daily,NAVNEET JAGATRAMKA,NAVNEET JAGATRAMKA,Chhattisgarh,Raigarh,View  registration details for ISPAT TIMES (CHHHIN/2010/36638)
26957,ISPAT TIMES,CHHHIN/2007/24154,06-07-2012,Hindi,Daily,NAVNEET JAGATRAMKA,NAVNEET JAGATRAMKA,Chhattisgarh,Raipur,View  registration details for ISPAT TIMES (CHHHIN/2007/24154)
26958,ISRMTT NEWS,59446,16-12-1994,English,Quarterly,,,Delhi,,View  registration details for ISRMTT NEWS (59446)
26959,ISSUES AND IDEAS IN EDUCATION,CHAENG/2013/49611,13-05-2013,English,Annual,ASHOK K CHITKARA,ASHOK K CHITKARA,Chandigarh,Chandigarh,View  registration details for ISSUES AND IDEAS IN EDUCATION (CHAENG/2013/49611)
26960,ISSYOG SANDESH,DELBIL/2001/04505,04-04-2014,"English, HINDI",Quarterly,K.S. VERMA,ANTARRASHTRIYA ISSYOG SAMAJ,Delhi,New Delhi,View  registration details for ISSYOG SANDESH (DELBIL/2001/04505)
26961,ISTAHAR TIMES,UTTHIN/2012/43131,21-06-2012,Hindi,Weekly,AKHILESH NARAYAN,AKHILESH NARAYAN,Uttarakhand,Dehradun,View  registration details for ISTAHAR TIMES (UTTHIN/2012/43131)
26962,ISTAQBAAL-E-SAHAR,UPURD/2022/84278,12-05-2023,Urdu,Daily,MAHIMA PANDEY,MAHIMA PANDEY,Uttar Pradesh,Lucknow,View  registration details for ISTAQBAAL-E-SAHAR (UPURD/2022/84278)
26963,ISTAQLAL,WBURD/2014/66814,05-05-2016,Urdu,Fortnightly,NASIR AHMED,NASIR AHMED,West Bengal,North 24 Parganas,View  registration details for ISTAQLAL (WBURD/2014/66814)
26964,ISTATAPA,JHABEN/2013/56553,14-08-2014,Bengali,Monthly,HARI NARAYAN DAS,HARI NARAYAN DAS,Jharkhand,Deoghar,View  registration details for ISTATAPA (JHABEN/2013/56553)
26965,ISTIDARAK,UPBIL/2017/74382,18-01-2018,English,Bimonthly (Once in two months),ABUL HASHIM,AHALE HADEES TALEEMI & REFAHI SOCIETY,Uttar Pradesh,Sant Kabir Nagar,View  registration details for ISTIDARAK (UPBIL/2017/74382)
26966,ISTIKAPURI SANDESH,UPHIN/2023/89069,20-09-2024,HINDI,Daily,ANUPAM SHUKLA,ANUPAM SHUKLA,Uttar Pradesh,Etawah,View  registration details for ISTIKAPURI SANDESH (UPHIN/2023/89069)
26967,ISTIKAPURI SANDESH,UPHIN/2013/51958,12-09-2013,Hindi,Weekly,ANUPAM SHUKLA,ANUPAM SHUKLA,Uttar Pradesh,Etawah,View  registration details for ISTIKAPURI SANDESH (UPHIN/2013/51958)
26968,ISTM JOURNAL OF TRAINING RESEARCH AND GOVERNANCE,DELENG/2018/76803,28-01-2019,English,Half Yearly,K. GOVINDARAJULU,INSTITUTE OF SECRETARIAT TRAINING AND MANAGEMENT,Delhi,New Delhi,View  registration details for ISTM JOURNAL OF TRAINING RESEARCH AND GOVERNANCE (DELENG/2018/76803)
26969,ISU BOLAVE CHHE,TNGUJ/2013/56006,23-06-2014,Gujarati,Monthly,G.L.B. ERNEST,JESUS CALLS,Tamil Nadu,Chennai,View  registration details for ISU BOLAVE CHHE (TNGUJ/2013/56006)
26970,IT NEXT,DELENG/2010/33560,04-04-2012,English,Monthly,VIKAS GUPTA,NINE DOT NINE MEDIAWORX PVT. LTD.,Delhi,New Delhi,View  registration details for IT NEXT (DELENG/2010/33560)
26971,IT PARK TIMES,TNBIL/2013/49165,12-04-2013,"English, Tamil",Weekly,V.J. ANNANIYA PAUL RAJ,V.J. ANNANIYA PAUL RAJ,Tamil Nadu,Chennai,View  registration details for IT PARK TIMES (TNBIL/2013/49165)
26972,IT SOLUTION NEWS,UPHIN/2010/34721,14-12-2010,Hindi,Weekly,BHUPENDRA KUMAR,BHUPENDRA KUMAR,Uttar Pradesh,Lucknow,View  registration details for IT SOLUTION NEWS (UPHIN/2010/34721)
26973,IT WEB QUEST,DELENG/2007/19620,07-05-2007,English,Fortnightly,NIRMAL KUMAR HOTA,NIRMAL KUMAR HOTA,Delhi,New Delhi,View  registration details for IT WEB QUEST (DELENG/2007/19620)
26974,ITARASI REPORTER,47466,07-10-2013,Hindi,Weekly,VISHNU PRASAD TIWARI,VISHNU PRASAD TIWARI,Madhya Pradesh,Hoshangabad,View  registration details for ITARASI REPORTER (47466)
26975,ITARSI HOSHANGABAD BHASKAR,MPHIN/2016/68405,26-08-2016,Hindi,Daily,ANIL JAISWAL,D.B. CORP.LTD,Madhya Pradesh,Hoshangabad,View  registration details for ITARSI HOSHANGABAD BHASKAR (MPHIN/2016/68405)
26976,ITARSI JAI STAMBH,MPHIN/2011/41271,23-03-2012,Hindi,Weekly,MUKESH GANDHI,MUKESH GANDHI,Madhya Pradesh,Hoshangabad,View  registration details for ITARSI JAI STAMBH (MPHIN/2011/41271)
26977,ITARSI SAMACHAR,MPHIN/2012/48066,15-02-2013,Hindi,Weekly,N.KOHLI,ITARASI VIKAS MANCH,Madhya Pradesh,Hoshangabad,View  registration details for ITARSI SAMACHAR (MPHIN/2012/48066)
26978,ITARSI SANDESH,MPHIN/2020/87045,06-05-2024,Hindi,Weekly,KALPESH AGRAWAL,KALPESH AGRAWAL,Madhya Pradesh,Hoshangabad,View  registration details for ITARSI SANDESH (MPHIN/2020/87045)
26979,ITAUNJA TIMES,UPHIN/2019/86044,11-01-2024,Hindi,Daily,LALIT KUMAR SRIVASTAVA,ARJUN JOURNALIST WELFARE ASSOCIATION,Uttar Pradesh,Lucknow,View  registration details for ITAUNJA TIMES (UPHIN/2019/86044)
26980,ITELLA NAAMA,APURD/2012/42353,18-05-2012,Urdu,Weekly,MOHAMMED HAMED SHAHERYAR,MOHAMMED HAMED SHAHERYAR,Andhra Pradesh,Hyderabad,View  registration details for ITELLA NAAMA (APURD/2012/42353)
26981,ITELLA NAAMA,APURD/2012/47606,24-01-2013,Urdu,Daily,MOHAMMED HAMED SHAHERYAR,MOHAMMED HAMED SHAHERYAR,Andhra Pradesh,Hyderabad,View  registration details for ITELLA NAAMA (APURD/2012/47606)
26982,ITHA NINTE AMMA,KERMAL/2011/39461,05-11-2011,Malayalam,Monthly,TOM ZACHARIA,TOM ZACHARIA,Kerala,Idukki,View  registration details for ITHA NINTE AMMA (KERMAL/2011/39461)
26983,ITHAYAKKANI,TNTAM/2000/05908,07-12-2002,Tamil,Monthly,VIJAYAN,VIJAYAN,Tamil Nadu,Chennai,View  registration details for ITHAYAKKANI (TNTAM/2000/05908)
26984,ITHIHASA PRABHA,TELBIL/2021/81358,08-04-2022,"English, Telugu",Daily,MIDDELA SWETHA,MIDDELA SWETHA,Telangana,Warangal,View  registration details for ITHIHASA PRABHA (TELBIL/2021/81358)
26985,ITHUNAMMA OORUVOICE,TNTAM/26/A3676,13-05-2026,Tamil,Monthly,MAHALAKSHMI,MAHALAKSHMI,Tamil Nadu,Tiruppur,View  registration details for ITHUNAMMA OORUVOICE (TNTAM/26/A3676)
26986,ITHYADHI,KARKAN/2015/64544,05-11-2015,Kannada,Fortnightly,R. SRINIVAS,R.SRINIVAS,Karnataka,Bengaluru,View  registration details for ITHYADHI (KARKAN/2015/64544)
26987,ITIHAAS DIWAKAR,HPBIL/2008/26075,07-11-2008,"English, HINDI",Quarterly,CHET RAM,CHET RAM,Himachal Pradesh,Hamirpur,View  registration details for ITIHAAS DIWAKAR (HPBIL/2008/26075)
26988,ITIHAAS GAVAH,GUJHIN/2023/85340,11-09-2023,Hindi,Weekly,RAMBABU DINANATH MAHTO,RAMBABU DINANATH MAHTO,Gujarat,Surat,View  registration details for ITIHAAS GAVAH (GUJHIN/2023/85340)
26989,ITIHAAS KA PANNA,UPHIN/2023/90529,18-03-2025,HINDI,Monthly,RENU KUMARI,RENU KUMARI,Uttar Pradesh,Lucknow,View  registration details for ITIHAAS KA PANNA (UPHIN/2023/90529)
26990,ITIHAASH TIMES,UPHIN/2022/82769,17-11-2022,Hindi,Weekly,MOHAMMAD CHAND,MOHAMMAD CHAND,Uttar Pradesh,Lucknow,View  registration details for ITIHAASH TIMES (UPHIN/2022/82769)
26991,ITIHAS MAIL,UPHIN/2022/86311,05-02-2024,Hindi,Daily,RAVI SINGH CHAUDHARY,RAVI SINGH CHAUDHARY,Uttar Pradesh,Bareilly,View  registration details for ITIHAS MAIL (UPHIN/2022/86311)
26992,ITIHAS MANTHAN,MPHIN/2016/72060,02-06-2017,Hindi,Monthly,ANITA DWIVEDI,ANITA DWIVEDI,Madhya Pradesh,Bhopal,View  registration details for ITIHAS MANTHAN (MPHIN/2016/72060)
26993,ITIHAS PRAVAH,MPBIL/2018/75863,14-08-2018,"English, HINDI",Four Monthly,DR. HARSHVARDHAN SINGH,DR.HARSHVARDHAN SINGH,Madhya Pradesh,Ujjain,View  registration details for ITIHAS PRAVAH (MPBIL/2018/75863)
26994,ITIKATHA,13795,01-01-1959,English,,SASANKHA SEKHAR GHOSH,SASANKHA SEKHAR GHOSH,West Bengal,Kolkata,View  registration details for ITIKATHA (13795)
26995,Itish powar,MPHIN/25/A4985,10-12-2025,Hindi,Monthly,Geetanjali kakar,Geetanjali kakar,Madhya Pradesh,Bhopal,View  registration details for Itish powar (MPHIN/25/A4985)
26996,ITIVRUTTA,MAHMAR/2021/80828,28-12-2021,Marathi,Daily,DHANESH RAMCHANDRA PATIL,DHANESH RAMCHANDRA PATIL,Maharashtra,Thane,View  registration details for ITIVRUTTA (MAHMAR/2021/80828)
26997,ITRS TRIBUNAL TAX REPORTS,TNENG/2010/31415,17-03-2010,English,Weekly,S. AYYAPPAN,COMPANY LAW INSTITUTE OF INDIA PRIVATE LIMITED,Tamil Nadu,Chennai,View  registration details for ITRS TRIBUNAL TAX REPORTS (TNENG/2010/31415)
26998,ITS INDIA,RAJHIN/2012/50157,05-06-2013,Hindi,Weekly,PRAVEEN JAKHAR,PRAVEEN JAKHAR,Rajasthan,Jaipur,View  registration details for ITS INDIA (RAJHIN/2012/50157)
26999,ITS MY PAPER,MAHENG/2012/46358,14-11-2012,English,Monthly,SURAJ LOKARE,SURAJ LOKARE,Maharashtra,Pune,View  registration details for ITS MY PAPER (MAHENG/2012/46358)
27000,ITSEC INTERNATIONAL JOURNAL OF ENGINEERING SCIENCES,UPENG/2015/64597,06-11-2015,English,Half Yearly,ASHISH KUMAR,ITS ENGINEERING COLLEGE,Uttar Pradesh,Gautam Buddha Nagar,View  registration details for ITSEC INTERNATIONAL JOURNAL OF ENGINEERING SCIENCES (UPENG/2015/64597)
