SN.,Title,Registration Number,Registration Date,Language,Periodicity,Publisher,Owner,Publication State,Publication District,Action
38001,MAHARAJAGANJ TIMES,54308,26-12-1991,Hindi,Weekly,DEVENDER SHUKLA,DEVENDER SHUKLA,Uttar Pradesh,Mahrajganj,View  registration details for MAHARAJAGANJ TIMES (54308)
38002,MAHARAJAYAM,KERMAL/2022/85752,12-12-2023,Malayalam,Bimonthly (Once in two months),SREEKUMARAN P.S,ALL KERALA JOURNALIST AND MEDIA WORKERS ASSOCIATION MAKJAW,Kerala,Thiruvananthapuram,View  registration details for MAHARAJAYAM (KERMAL/2022/85752)
38003,MAHARAJGANJ EXPRESS,62904,22-12-1995,Hindi,Weekly,VINOD KUMAR,ASHOK KUMAR,Uttar Pradesh,Mahrajganj,View  registration details for MAHARAJGANJ EXPRESS (62904)
38004,MAHARAJGANJ KESHRI SAMACHAR,62532,03-11-1995,Hindi,Weekly,BABU LAL GUPTA,BABU LAL GUPTA,Uttar Pradesh,Gorakhpur,View  registration details for MAHARAJGANJ KESHRI SAMACHAR (62532)
38005,MAHARAJGANJ KESHRI SAMACHAR,64254,01-10-1996,Hindi,Weekly,BABULAL GUPTA,BABU LAL GUPTA,Uttar Pradesh,Deoria,View  registration details for MAHARAJGANJ KESHRI SAMACHAR (64254)
38006,MAHARAJGANJ KESHRI SAMACHAR,55810,07-07-1992,Hindi,Weekly,BABULAL GUPTA,BABU LAL GUPTA,Uttar Pradesh,Mahrajganj,View  registration details for MAHARAJGANJ KESHRI SAMACHAR (55810)
38007,MAHARAJGANJ KESHRI SAMACHAR,UPHIN/2010/32763,25-06-2010,Hindi,Daily,BABU LAL GUPTA,BABU LAL GUPTA,Uttar Pradesh,Mahrajganj,View  registration details for MAHARAJGANJ KESHRI SAMACHAR (UPHIN/2010/32763)
38008,MAHARAJGANJ KI YAD,66452,05-07-1997,Hindi,Weekly,PRAMOD GUPTA,PRAMOD GUPAT,Uttar Pradesh,Mahrajganj,View  registration details for MAHARAJGANJ KI YAD (66452)
38009,MAHARAJGANJ SAMAYIK,UPHIN/2015/75696,18-07-2018,Hindi,Monthly,BAL GOVIND VARMA,BALGOVIND VARMA,Uttar Pradesh,Mahrajganj,View  registration details for MAHARAJGANJ SAMAYIK (UPHIN/2015/75696)
38010,MAHARAJYA TIMES,MAHMAR/2015/62088,25-05-2015,Marathi,Weekly,ANAND NARAYAN DHONGADE,ANAND NARAYAN DHONGADE,Maharashtra,Pune,View  registration details for MAHARAJYA TIMES (MAHMAR/2015/62088)
38011,MAHARAJYA VARTA,MAHMAR/2023/90090,12-11-2024,MARATHI,Weekly,JAMEEL HAMEED DESHMUKH,JAMEEL HAMEED DESHMUKH,Maharashtra,Chhatrapati Sambhaji Nagar,View  registration details for MAHARAJYA VARTA (MAHMAR/2023/90090)
38012,MAHARANA RAJPUT,MAHMAR/2015/62781,22-06-2015,Marathi,Weekly,YOGENDRA DEVISING PATIL,YOGENDRA DEVISING PATIL,Maharashtra,Dhule,View  registration details for MAHARANA RAJPUT (MAHMAR/2015/62781)
38013,MAHARANA TIMES,MAHBIL/1994/09847,14-05-2003,"Marathi, Hindi",Weekly,THAKUR LALITKUMAR J.BACHHIL,THAKUR LALITKUMAR J.BACHHIL,Maharashtra,Bhandara,View  registration details for MAHARANA TIMES (MAHBIL/1994/09847)
38014,MAHARANI LAXMI BAI,20335,18-12-1969,Hindi,Weekly,ANAND KUMAR SHARMA,ANAND KUMAR SHARMA,Uttar Pradesh,Jhansi,View  registration details for MAHARANI LAXMI BAI (20335)
38015,MAHARASHTRA AARAMBH,MAHMAR/2023/83965,24-04-2023,Marathi,Daily,DIPAK INDAR THORAT,DIPAK INDAR THORAT,Maharashtra,Beed,View  registration details for MAHARASHTRA AARAMBH (MAHMAR/2023/83965)
38016,MAHARASHTRA ABHIMAN,MAHMAR/2012/42479,25-05-2012,Marathi,Weekly,PATIL SHALIK VITTHAL,PATIL SHALIK VITTHAIL,Maharashtra,Thane,View  registration details for MAHARASHTRA ABHIMAN (MAHMAR/2012/42479)
38017,MAHARASHTRA AGE,MAHMAR/2008/26728,05-01-2009,Marathi,Weekly,VENKATESH LAKSHMANRAO PATIL,PATIL VENKATESH LAKSHMANRAO,Maharashtra,Chhatrapati Sambhaji Nagar,View  registration details for MAHARASHTRA AGE (MAHMAR/2008/26728)
38018,MAHARASHTRA AHEAD,MAHENG/2011/75502,08-06-2018,English,Monthly,MEENAL SHASHIKANT JOGLEKAR,"DIRECTORATE GENERAL OF INFORMATION & PUBLIC RELATIONS, GOVT. OF MAHARASHTRA",Maharashtra,Mumbai,View  registration details for MAHARASHTRA AHEAD (MAHENG/2011/75502)
38019,MAHARASHTRA AROGYA PATRIKA,MAHMAR/2000/01736,25-08-2000,MARATHI,Monthly,KAILAS BUTA BAVISKAR,GOVERNMENT OF MAHARASHTRA PUBLIC HEALTH DEPARTMENT,Maharashtra,Pune,View  registration details for MAHARASHTRA AROGYA PATRIKA (MAHMAR/2000/01736)
38020,MAHARASHTRA BANDHU,MAHHIN/2019/78510,26-02-2020,Hindi,Monthly,ILYAS AZIZ KHAN,ILYAS A KHAN,Maharashtra,Mumbai,View  registration details for MAHARASHTRA BANDHU (MAHHIN/2019/78510)
38021,Maharashtra Bar Bench,MHBIL/26/A5129,15-06-2026,"English, Marathi",Weekly,Vijay Prabhakar Chavan,Vijay Prabhakar Chavan,Maharashtra,Pune,View  registration details for Maharashtra Bar Bench (MHBIL/26/A5129)
38022,MAHARASHTRA BHUMIPUTRA,MHMAR/26/A4946,11-06-2026,Marathi,Weekly,ATMARAM KHANDUJI SUTAR,ATMARAM KHANDUJI SUTAR,Maharashtra,Washim,View  registration details for MAHARASHTRA BHUMIPUTRA (MHMAR/26/A4946)
38023,MAHARASHTRA BULAND TIMES,MAHMAR/2003/16954,30-08-2010,Marathi,Daily,ASHOK SONI,SONI ASHOK,Maharashtra,Thane,View  registration details for MAHARASHTRA BULAND TIMES (MAHMAR/2003/16954)
38024,MAHARASHTRA CHALLENGE,MAHMAR/2015/62544,12-06-2015,Marathi,Weekly,MAHENDRA SAMBHAJI CHAVHAN,MAHENDRA SAMBHAJI CHAVHAN,Maharashtra,Nandurbar,View  registration details for MAHARASHTRA CHALLENGE (MAHMAR/2015/62544)
38025,Maharashtra Chaufher,MHMAR/25/A2032,31-07-2025,Marathi,Weekly,Abarar beg saravar beg mirza,Abarar beg saravar beg mirza,Maharashtra,Jalgaon,View  registration details for Maharashtra Chaufher (MHMAR/25/A2032)
38026,MAHARASHTRA CHEMIST,MAHMUL/2016/71138,21-04-2017,"English, Marathi, Hindi",Monthly,JAGANNATH SAKHARAM SHINDE,THE MAHARASHTRA STATE CHEMISTS & DRUGGISTS ASSOCIATION,Maharashtra,Mumbai,View  registration details for MAHARASHTRA CHEMIST (MAHMUL/2016/71138)
38027,MAHARASHTRA CHOUPHER,MAHMAR/2021/82127,12-09-2022,Marathi,Daily,DEVRAJ PRALHAD YAADAV,DEVRAJ PRALHAD YAADAV,Maharashtra,Thane,View  registration details for MAHARASHTRA CHOUPHER (MAHMAR/2021/82127)
38028,MAHARASHTRA CHOUPHER,MAHMAR/2010/35173,10-01-2011,Marathi,Weekly,DEVRAJ PRALHAD YAADAV,DEVRAJ PRALHAD YAADAV,Maharashtra,Mumbai,View  registration details for MAHARASHTRA CHOUPHER (MAHMAR/2010/35173)
38029,MAHARASHTRA CITY HOTLINE,MHMAR/25/A2557,16-09-2025,Marathi,Weekly,AKSHAY DHIRAJ WANJARI,AKSHAY DHIRAJ WANJARI,Maharashtra,Amravati,View  registration details for MAHARASHTRA CITY HOTLINE (MHMAR/25/A2557)
38030,MAHARASHTRA CO-OPERATIVE HOUSING SOCIETY TIMES,MAHENG/2006/19473,26-04-2007,ENGLISH,Monthly,SANJAY MURARI CHATURVEDI,SAPTAKALA MEDIA PVT. LTD.,Maharashtra,Mumbai,View  registration details for MAHARASHTRA CO-OPERATIVE HOUSING SOCIETY TIMES (MAHENG/2006/19473)
38031,MAHARASHTRA CO.OP CREDIT NEWS,MAHMAR/2010/31493,19-03-2010,Marathi,Monthly,SUREKHA VIJAY LAWANDE,MAHARASHTRA RAJYA SAHAKARI PATSANSTHA FEDERATION LTD.,Maharashtra,Pune,View  registration details for MAHARASHTRA CO.OP CREDIT NEWS (MAHMAR/2010/31493)
38032,MAHARASHTRA CORNER,MAHMAR/2021/84066,01-05-2023,Marathi,Weekly,YOGESH RAMBHAU THAKARE,YOGESH RAMBHAU THAKARE,Maharashtra,Amravati,View  registration details for MAHARASHTRA CORNER (MAHMAR/2021/84066)
38033,MAHARASHTRA COVERAGE,MAHHIN/2023/84695,30-05-2023,Hindi,Weekly,ABDUL HUSSAIN CHAUDHARY,ABDUL HUSSAIN CHAUDHARY,Maharashtra,Mumbai,View  registration details for MAHARASHTRA COVERAGE (MAHHIN/2023/84695)
38034,MAHARASHTRA CRIME NEWS,MAHMAR/2011/40116,26-12-2011,Marathi,Weekly,ADSUL EKNATH SHIVRAM,ADSUL EKNATH SHIVRAM,Maharashtra,Mumbai Suburban,View  registration details for MAHARASHTRA CRIME NEWS (MAHMAR/2011/40116)
38035,MAHARASHTRA CRIME PATHAK,MAHMAR/2014/58612,27-11-2014,Marathi,Monthly,ANIL KHANDUSING RAJPUT,RAJPUT ANIL KHANDUSING,Maharashtra,Dhule,View  registration details for MAHARASHTRA CRIME PATHAK (MAHMAR/2014/58612)
38036,MAHARASHTRA CRIME TIMES,MAHMAR/2016/71569,05-05-2017,MARATHI,Weekly,RAKESH SHANKAR GORE,RAKESH SHANKAR GORE,Maharashtra,Mumbai,View  registration details for MAHARASHTRA CRIME TIMES (MAHMAR/2016/71569)
38037,MAHARASHTRA CRIME TIMES,MAHMAR/2010/33301,16-08-2010,Marathi,Weekly,RAKESH SHANKAR GORE,RAKESH SHANKAR GORE,Maharashtra,Mumbai,View  registration details for MAHARASHTRA CRIME TIMES (MAHMAR/2010/33301)
38038,MAHARASHTRA CRIME WATCH,MAHMAR/2014/58667,29-11-2014,Marathi,Weekly,VINAYAK KALURAM JAGTAP,JAGTAP VINAYAK KALURAM,Maharashtra,Pune,View  registration details for MAHARASHTRA CRIME WATCH (MAHMAR/2014/58667)
38039,MAHARASHTRA CRIMES,MAHHIN/1998/02261,04-11-2000,Hindi,Monthly,SIRAJ CHOUDHARI,SIRAJ CHOUDHARI,Maharashtra,Mumbai,View  registration details for MAHARASHTRA CRIMES (MAHHIN/1998/02261)
38040,MAHARASHTRA DARPAN,MAHMAR/2006/19851,23-05-2007,Marathi,Weekly,SHIVKANT KRISHNATHRAO PURAMWAR,SHIVKANT KRISHNATHRAO PURAMWAR,Maharashtra,Nanded,View  registration details for MAHARASHTRA DARPAN (MAHMAR/2006/19851)
38041,MAHARASHTRA DASTAK,MAHMUL/2021/81546,10-06-2022,"English, Marathi, Hindi",Weekly,BHUSHAN DHANANJAY DAYALKAR,BHUSHAN DHANANJAY DAYALKAR,Maharashtra,Amravati,View  registration details for MAHARASHTRA DASTAK (MAHMUL/2021/81546)
38042,MAHARASHTRA DIN SANKET,MAHMAR/2010/34705,14-12-2010,Marathi,Weekly,DINKAR SHANKAR BHOIR,DINKAR SHANKAR BHOIR,Maharashtra,Thane,View  registration details for MAHARASHTRA DIN SANKET (MAHMAR/2010/34705)
38043,MAHARASHTRA DINMAN,MHMAR/24/A0004,18-10-2024,Marathi,Daily,AJINKYA VIJAY CHORMARE,AMOGH ARUN ACHAREKAR,Maharashtra,Kolhapur,View  registration details for MAHARASHTRA DINMAN (MHMAR/24/A0004)
38044,MAHARASHTRA DINMAN,MAHMAR/2001/11443,17-12-2003,MARATHI,Daily,ASHOK SHIVRAM DANGADI,AMOGH ARUN ACHAREKAR,Maharashtra,Thane,View  registration details for MAHARASHTRA DINMAN (MAHMAR/2001/11443)
38045,MAHARASHTRA EKTA NEWS,MAHMUL/2022/82548,25-10-2022,"English, Marathi, Hindi",Weekly,NAGESH DNYNOBA KALASGAUNDE,NAGESH DNYNOBA KALASGAUNDE,Maharashtra,Mumbai,View  registration details for MAHARASHTRA EKTA NEWS (MAHMUL/2022/82548)
38046,MAHARASHTRA EXPRESS NEWS,MHBIL/25/A2687,18-09-2025,"Marathi, English",Weekly,PIYUSH PRADIP BHATE,PIYUSH PRADIP BHATE,Maharashtra,Sangli,View  registration details for MAHARASHTRA EXPRESS NEWS (MHBIL/25/A2687)
38047,MAHARASHTRA FAST NEWS,MAHMAR/2023/88878,10-09-2024,MARATHI,Daily,NARAYAN TUKARAM KOKANE,NARAYAN TUKARAM KOKANE,Maharashtra,Pune,View  registration details for MAHARASHTRA FAST NEWS (MAHMAR/2023/88878)
38048,MAHARASHTRA GRAM WARTA,MHMAR/25/A2245,21-08-2025,Marathi,Weekly,Vaibhav gorakhrao sonavane,Vaibhav gorakhrao sonavane,Maharashtra,Pune,View  registration details for MAHARASHTRA GRAM WARTA (MHMAR/25/A2245)
38049,MAHARASHTRA GRANTHALAYA PARIWAR,MAHMAR/2023/88786,30-08-2024,MARATHI,Monthly,DHANANJAY VIKRAM BAJGUDE,DHANANJAY VIKRAM BAJGUDE,Maharashtra,Beed,View  registration details for MAHARASHTRA GRANTHALAYA PARIWAR (MAHMAR/2023/88786)
38050,MAHARASHTRA GUNEHE TAPAS,MAHMAR/2012/42987,18-06-2012,Marathi,Weekly,SUBHASH FAKIRA JADHAV,SUBHASH FAKIRA JADHAV,Maharashtra,Mumbai,View  registration details for MAHARASHTRA GUNEHE TAPAS (MAHMAR/2012/42987)
38051,MAHARASHTRA GUNHE REPORTER,MAHMAR/2012/44403,21-08-2012,Marathi,Weekly,DILIP SITARAM CHAVAN,DILIP SITARAM CHAVAN,Maharashtra,Mumbai,View  registration details for MAHARASHTRA GUNHE REPORTER (MAHMAR/2012/44403)
38052,MAHARASHTRA GUNHE SAMACHAR,MAHMAR/2012/57757,16-10-2014,MARATHI,Weekly,TUKARAM NEEVRUTEE DEVAKTE,TUKARAM NEEVRUTEE DEVAKTE,Maharashtra,Mumbai,View  registration details for MAHARASHTRA GUNHE SAMACHAR (MAHMAR/2012/57757)
38053,MAHARASHTRA GUNHE TIMES,MAHMAR/2010/33296,17-08-2010,Marathi,Weekly,NAVNATH VITHAL SALUNKE,NAVNATH VITHAL SALUNKE,Maharashtra,Mumbai,View  registration details for MAHARASHTRA GUNHE TIMES (MAHMAR/2010/33296)
38054,MAHARASHTRA HERALD,9328,06-09-1994,English,Daily,ABHIJEET PRATAP PAWAR,A.P.HOLDINGS PVT.LTD,Maharashtra,Pune,View  registration details for MAHARASHTRA HERALD (9328)
38055,MAHARASHTRA HIRA,MAHMAR/2010/39176,10-10-2011,Marathi,Weekly,SAU. VASUNDHARA RAJU KUKADE,SAU. VASUNDHARA RAJU KUKADE,Maharashtra,Chandrapur,View  registration details for MAHARASHTRA HIRA (MAHMAR/2010/39176)
38056,MAHARASHTRA JAIN WARTA,MAHMUL/2016/67570,22-06-2016,"English, Marathi, Hindi",Weekly,MINAL ABHIJIT DUNGARWAL,MINAL ABHIJIT DUNGARWAL,Maharashtra,Pune,View  registration details for MAHARASHTRA JAIN WARTA (MAHMUL/2016/67570)
38057,MAHARASHTRA JANMAT,MAHMAR/2011/42560,24-05-2012,Marathi,Daily,SHAH BHARATKUMAR HIRALAL,SHAH BHARATKUMAR HIRALAL,Maharashtra,Raigad,View  registration details for MAHARASHTRA JANMAT (MAHMAR/2011/42560)
38058,MAHARASHTRA JANMAT,MAHMAR/2014/56762,28-08-2014,Marathi,Daily,SHAH BHARATKUMAR HIRALAL,SHAH BHARATKUMAR HIRALAL,Maharashtra,Mumbai,View  registration details for MAHARASHTRA JANMAT (MAHMAR/2014/56762)
38059,MAHARASHTRA JANMUDRA,MAHMAR/2000/03093,20-03-2001,Marathi,Daily,DEEPAK MAHIPAT DALVI,DEEPAK MAHIPAT DALVI,Maharashtra,Thane,View  registration details for MAHARASHTRA JANMUDRA (MAHMAR/2000/03093)
38060,MAHARASHTRA JIVAN,MHMAR/26/A5820,16-07-2026,Marathi,Weekly,Khayyum Rajjaksab Shaikh,Khayyum Rajjaksab Shaikh,Maharashtra,Latur,View  registration details for MAHARASHTRA JIVAN (MHMAR/26/A5820)
38061,MAHARASHTRA JIVAN,MAHMAR/2014/59356,31-12-2014,Marathi,Daily,SHAIKH KHAYYUM RAZZAKSAB,SHAIKH KHAYYUM RAZZAKSAB,Maharashtra,Latur,View  registration details for MAHARASHTRA JIVAN (MAHMAR/2014/59356)
38062,MAHARASHTRA KA AANCHAL,MAHHIN/2024/89819,24-10-2024,HINDI,Weekly,PRAVESH RAMSINGH SINGH,PRAVESH RAMSINGH SINGH,Maharashtra,Thane,View  registration details for MAHARASHTRA KA AANCHAL (MAHHIN/2024/89819)
38063,MAHARASHTRA KA MANBINDU,MAHHIN/2015/64430,27-10-2015,Hindi,Weekly,SUSHIL SADARAM LADE,SUSHIL SADARAM LADE,Maharashtra,Gondia,View  registration details for MAHARASHTRA KA MANBINDU (MAHHIN/2015/64430)
38064,MAHARASHTRA KA NAYA DAUR,MAHHIN/2014/57837,21-10-2014,Hindi,Weekly,FIROZ LATIF KHAN,FIROZ LATIF KHAN,Maharashtra,Mumbai,View  registration details for MAHARASHTRA KA NAYA DAUR (MAHHIN/2014/57837)
38065,MAHARASHTRA KI SHAAN,MAHHIN/2022/86089,11-01-2024,Hindi,Weekly,SAPNA GULABCHANDRA YADAV,SAPNA GULABCHANDRA YADAV,Maharashtra,Thane,View  registration details for MAHARASHTRA KI SHAAN (MAHHIN/2022/86089)
38066,MAHARASHTRA KI SUBAH,MAHHIN/2010/39096,05-10-2011,Hindi,Weekly,RAVINDRA BABANRAO THAKRE,RAVINDRA BABANRAO THAKARE,Maharashtra,Amravati,View  registration details for MAHARASHTRA KI SUBAH (MAHHIN/2010/39096)
38067,MAHARASHTRA LAW JOURNAL,9077,14-03-1963,English,Monthly,P N CHANDURKAR,P N CHANDURKAR,Maharashtra,Nagpur,View  registration details for MAHARASHTRA LAW JOURNAL (9077)
38068,MAHARASHTRA LEGAL TIMES,MPENG/2009/28968,22-09-2009,English,Monthly,LAL C. SAHITA,LAL C. SAHITA,Madhya Pradesh,Indore,View  registration details for MAHARASHTRA LEGAL TIMES (MPENG/2009/28968)
38069,MAHARASHTRA LOK DOOT,MAHMAR/2011/40214,28-12-2011,Marathi,Weekly,KHWAJA MEHBOOB SHAIKH,KHWAJA MEHBOOB SHAIKH,Maharashtra,Thane,View  registration details for MAHARASHTRA LOK DOOT (MAHMAR/2011/40214)
38070,MAHARASHTRA MATADAR,MHMAR/26/A2556,15-04-2026,Marathi,Weekly,DILIP LAXMANRAO YEDATKAR,DILIP LAXMANRAO YEDATKAR,Maharashtra,Amravati,View  registration details for MAHARASHTRA MATADAR (MHMAR/26/A2556)
38071,MAHARASHTRA MERI JAAN,MAHBIL/2011/39549,14-11-2011,"Marathi, Hindi",Weekly,GEETA HULWAN,GEETA HULWAN,Maharashtra,Thane,View  registration details for MAHARASHTRA MERI JAAN (MAHBIL/2011/39549)
38072,MAHARASHTRA MIRROR,MAHMAR/2017/76279,30-10-2018,Marathi,Weekly,MUBARAK AKHTAR JINERI,MUBARAK AKHTAR JINERI,Maharashtra,Pune,View  registration details for MAHARASHTRA MIRROR (MAHMAR/2017/76279)
38073,MAHARASHTRA MISSION,MAHMAR/2023/89105,24-09-2024,MARATHI,Weekly,SWATI DATTATRAY SAVATE,SWATI DATTATRAY SAVATE,Maharashtra,Pune,View  registration details for MAHARASHTRA MISSION (MAHMAR/2023/89105)
38074,MAHARASHTRA NABHIK,MAHMAR/2008/28051,19-06-2009,Marathi,Weekly,RAJENDRA SHRAWAN VAKHARE,RAJENDRA SHRAWAN VAKHARE,Maharashtra,Thane,View  registration details for MAHARASHTRA NABHIK (MAHMAR/2008/28051)
38075,MAHARASHTRA NAMA,MAHMAR/2003/11138,07-11-2003,Marathi,Annual,PUSHKAR GAJWANI,PUSHKAR GAJWANI,Maharashtra,Kolhapur,View  registration details for MAHARASHTRA NAMA (MAHMAR/2003/11138)
38076,MAHARASHTRA NAVNIRMAN SAMACHAR,MAHMAR/2012/42040,08-05-2012,Marathi,Weekly,RAVINDRA RAMPAT MISHRA,RAVINDRA RAMPAT MISHRA,Maharashtra,Mumbai,View  registration details for MAHARASHTRA NAVNIRMAN SAMACHAR (MAHMAR/2012/42040)
38077,MAHARASHTRA NAYAK,MAHMAR/2012/46547,23-11-2012,Marathi,Daily,AMOL VISHWANATH WAGHMARE,AMOL VISHWANATH WAGHMARE,Maharashtra,Pune,View  registration details for MAHARASHTRA NAYAK (MAHMAR/2012/46547)
38078,MAHARASHTRA NEWS NETWORK,MAHMAR/2023/88387,12-08-2024,MARATHI,Weekly,ABHIJIT TARACHAND DUNGARWAL,ABHIJIT TARACHAND DUNGARWAL,Maharashtra,Pune,View  registration details for MAHARASHTRA NEWS NETWORK (MAHMAR/2023/88387)
38079,MAHARASHTRA NIRNAY,MAHMAR/2022/84528,26-05-2023,Marathi,Monthly,ANIL SHANKARRAO SHIRALKAR,ANIL SHANKARRAO SHIRALKAR,Maharashtra,Solapur,View  registration details for MAHARASHTRA NIRNAY (MAHMAR/2022/84528)
38080,MAHARASHTRA NIROPYA,MAHMAR/2012/43643,30-06-2012,Marathi,Daily,SUNIL S. KULKARNI,SUNIL S.KULKARNI,Maharashtra,Nashik,View  registration details for MAHARASHTRA NIROPYA (MAHMAR/2012/43643)
38081,MAHARASHTRA NIROPYA,MAHMAR/2015/67241,02-06-2016,Marathi,Daily,SUNIL S. KULKARNI,SUNIL S.KULKARNI,Maharashtra,Chhatrapati Sambhaji Nagar,View  registration details for MAHARASHTRA NIROPYA (MAHMAR/2015/67241)
38082,MAHARASHTRA NIROPYA,62147,11-09-1995,Marathi,Daily,SUNIL S KULKARNI,SUNIL S.KULKARNI,Maharashtra,Ahilyanagar,View  registration details for MAHARASHTRA NIROPYA (62147)
38083,MAHARASHTRA NIROPYA,MAHMAR/2023/89906,28-10-2024,MARATHI,Daily,SUNIL S. KULKARNI,SUNIL S.KULKARNI,Maharashtra,Thane,View  registration details for MAHARASHTRA NIROPYA (MAHMAR/2023/89906)
38084,MAHARASHTRA NIROPYA,MAHMAR/2011/43639,30-06-2012,Marathi,Daily,SUNIL S. KULKARNI,SUNIL S.KULKARNI,Maharashtra,Pune,View  registration details for MAHARASHTRA NIROPYA (MAHMAR/2011/43639)
38085,MAHARASHTRA OFFICER,MAHMAR/2010/32544,07-06-2010,Marathi,Weekly,SUNITA SUBHASH RANDHIR,SUNITA SUBHASH RANDHIR,Maharashtra,Ahilyanagar,View  registration details for MAHARASHTRA OFFICER (MAHMAR/2010/32544)
38086,MAHARASHTRA PAILU,MAHMAR/2012/44949,30-08-2012,Marathi,Daily,AVINASH GOPAL GHODKE,AVINASH GOPAL GHODKE,Maharashtra,Ahilyanagar,View  registration details for MAHARASHTRA PAILU (MAHMAR/2012/44949)
38087,MAHARASHTRA PRABHAT,MAHMAR/2020/79041,11-11-2020,Marathi,Weekly,CHETAN DEVILAL BAJAJ,CHETAN DEVILAL BAJAJ,Maharashtra,Jalna,View  registration details for MAHARASHTRA PRABHAT (MAHMAR/2020/79041)
38088,MAHARASHTRA PRABODHAN,MAHMAR/2007/19388,15-05-2012,MARATHI,Monthly,ARCHANA SANDEEP MALVI,ARCHANA SANDEEP MALVI,Maharashtra,Thane,View  registration details for MAHARASHTRA PRABODHAN (MAHMAR/2007/19388)
38089,maharashtra pragatidoot,MHBIL/26/A1144,17-02-2026,"Marathi, Hindi",Daily,Mohammad Rakib Mohammad Usman Bagwan,Mohammad Rakib Mohammad Usman Bagwan,Maharashtra,Buldhana,View  registration details for maharashtra pragatidoot (MHBIL/26/A1144)
38090,MAHARASHTRA PRATIMA,MAHMAR/2013/53897,07-01-2014,Marathi,Daily,SURVASE DNYANOBA NAMDEO,SURVASE NAMDEO DNYANOBA,Maharashtra,Beed,View  registration details for MAHARASHTRA PRATIMA (MAHMAR/2013/53897)
38091,MAHARASHTRA PRAVAHA,MAHMAR/2012/44632,13-08-2012,Marathi,Weekly,PARSHURAM MALLAPPA GANGANOR,PARSHURAM MALLAPPA GANGANOR,Maharashtra,Pune,View  registration details for MAHARASHTRA PRAVAHA (MAHMAR/2012/44632)
38092,MAHARASHTRA PRERNA,MAHMAR/2023/88826,06-09-2024,MARATHI,Weekly,GAURI NARAYAN KOKANE,GAURI NARAYAN KOKANE,Maharashtra,Pune,View  registration details for MAHARASHTRA PRERNA (MAHMAR/2023/88826)
38093,MAHARASHTRA PUBLIC TIMES,MHMAR/25/A1410,25-06-2025,Marathi,Monthly,SATISH GEMA RATHOD,SATISH GEMA RATHOD,Maharashtra,Raigad,View  registration details for MAHARASHTRA PUBLIC TIMES (MHMAR/25/A1410)
38094,MAHARASHTRA QUARTERLY BULLETIN OF ECONOMICS AND STATISTICS,18740,01-01-1967,"English, Marathi",Quarterly,M. A. TELANG,"DIRECTORATE OF ECONOMICS AND STATISTICS, GOVT OF MAHARASHTRA",Maharashtra,Mumbai,View  registration details for MAHARASHTRA QUARTERLY BULLETIN OF ECONOMICS AND STATISTICS (18740)
38095,MAHARASHTRA RANGER,MAHMAR/2023/88827,06-09-2024,MARATHI,Monthly,SONALI MANGESH TATE,SONALI MANGESH TATE,Maharashtra,Satara,View  registration details for MAHARASHTRA RANGER (MAHMAR/2023/88827)
38096,MAHARASHTRA RASHTRABHASHA SABHA SAMACHAR,MAHHIN/2001/05684,16-01-2002,Hindi,Monthly,VEENA MANCHANDA,MAHARASHTRA RASHTRABHASHA SABHA,Maharashtra,Pune,View  registration details for MAHARASHTRA RASHTRABHASHA SABHA SAMACHAR (MAHHIN/2001/05684)
38097,MAHARASHTRA RATNA,MAHMAR/2010/39290,13-10-2011,Marathi,Daily,YOGESH NAGNATH PAWAR,YOGESH NAGNATH PAWAR,Maharashtra,Solapur,View  registration details for MAHARASHTRA RATNA (MAHMAR/2010/39290)
38098,MAHARASHTRA RAVI,27736,01-01-1973,Marathi,Weekly,UMA SHANKAR,"BENNET COLEMAN & CO. LTD, MUMBAI",Maharashtra,Mumbai,View  registration details for MAHARASHTRA RAVI (27736)
38099,MAHARASHTRA ROJNAMA,MAHBIL/2023/89168,25-09-2024,BILINGUAL,Weekly,MOHAMMAD RIYAZ SHAIKH KADAR,MOHAMMAD RIYAZ SHAIKH KADAR,Maharashtra,Buldhana,View  registration details for MAHARASHTRA ROJNAMA (MAHBIL/2023/89168)
38100,MAHARASHTRA ROSHNI NEWS,MAHBIL/2014/57574,01-10-2014,"Marathi, Hindi",Weekly,VINOD RAMRAO DESHMUKH,VINOD RAMRAO DESHMUKH,Maharashtra,Thane,View  registration details for MAHARASHTRA ROSHNI NEWS (MAHBIL/2014/57574)
38101,MAHARASHTRA SAMACHAR,MAHHIN/2013/53656,27-12-2013,Hindi,Daily,AKBAR KHAN,AKBAR KHAN,Maharashtra,Mumbai,View  registration details for MAHARASHTRA SAMACHAR (MAHHIN/2013/53656)
38102,MAHARASHTRA SAMACHAR,MAHBIL/2010/33743,27-12-2013,"Hindi, Urdu",Weekly,AKBAR KHAN,AKBAR KHAN,Maharashtra,Mumbai,View  registration details for MAHARASHTRA SAMACHAR (MAHBIL/2010/33743)
38103,MAHARASHTRA SAMACHAR,MAHURD/2013/53657,27-12-2013,Urdu,Daily,AKBAR KHAN,AKBAR KHAN,Maharashtra,Mumbai,View  registration details for MAHARASHTRA SAMACHAR (MAHURD/2013/53657)
38104,MAHARASHTRA SAMIKSHAK,MHMAR/25/A3375,21-10-2025,Marathi,Weekly,GANESH NANDKUMAR NAIK,GANESH NANDKUMAR NAIK,Maharashtra,Pune,View  registration details for MAHARASHTRA SAMIKSHAK (MHMAR/25/A3375)
38105,MAHARASHTRA SAMRAT,MAHMAR/2012/44140,18-07-2012,Marathi,Daily,CHANDRAKANT SHANKARRAO BHOITE,CHANDRAKANT SHANKARRAO BHOITE,Maharashtra,Thane,View  registration details for MAHARASHTRA SAMRAT (MAHMAR/2012/44140)
38106,MAHARASHTRA SANCHAR,54791,02-09-1992,Marathi,Weekly,Ashvini Vithalrao Jadhav,Ashvini Vithalrao Jadhav,Maharashtra,Nanded,View  registration details for MAHARASHTRA SANCHAR (54791)
38107,MAHARASHTRA SANKLP,MAHMAR/2021/80326,11-10-2021,Marathi,Daily,DILIP NAMDEVRAO KHANDEKAR,DILIP NAMDEVRAO KHANDEKAR,Maharashtra,Amravati,View  registration details for MAHARASHTRA SANKLP (MAHMAR/2021/80326)
38108,MAHARASHTRA SANSKAR,MAHMAR/2013/53420,06-12-2013,Marathi,Daily,KHWAJA MEHBOOB SHAIKH,KHWAJA MEHBOOB SHAIKH,Maharashtra,Thane,View  registration details for MAHARASHTRA SANSKAR (MAHMAR/2013/53420)
38109,MAHARASHTRA SAPOOT,MAHBIL/2013/53471,11-12-2013,"Marathi, Hindi",Weekly,PRAVIN WAMANRAO ADAGALE,PRAVIN WAMANRAO ADAGALE,Maharashtra,Nagpur,View  registration details for MAHARASHTRA SAPOOT (MAHBIL/2013/53471)
38110,MAHARASHTRA SARTHI,MAHMAR/2021/80336,11-10-2021,Marathi,Daily,SANDEEP PANDURANG PATIL,SANDEEP PANDURANG PATIL,Maharashtra,Jalgaon,View  registration details for MAHARASHTRA SARTHI (MAHMAR/2021/80336)
38111,MAHARASHTRA SARVANCHA,MAHMAR/2015/61404,21-04-2015,Marathi,Daily,SHAIKH MOHAMMAD RAEES,SHAIKH MOHAMMAD RAEES,Maharashtra,Chhatrapati Sambhaji Nagar,View  registration details for MAHARASHTRA SARVANCHA (MAHMAR/2015/61404)
38112,MAHARASHTRA SARVANCHA,MAHMAR/2015/61371,20-04-2015,Marathi,Weekly,SHAIKH MOHAMMAD SAJJAD,SHAIKH MOHAMMAD RAEES,Maharashtra,Jalna,View  registration details for MAHARASHTRA SARVANCHA (MAHMAR/2015/61371)
38113,MAHARASHTRA SARVANCHA,MAHMAR/2015/61405,21-04-2015,Marathi,Weekly,SAYED ASHFAQUE MUSHTAQUE,SHAIKH MOHAMMAD RAEES,Maharashtra,Nashik,View  registration details for MAHARASHTRA SARVANCHA (MAHMAR/2015/61405)
38114,MAHARASHTRA SARVANCHA,MAHMAR/2015/61406,21-04-2015,Marathi,Weekly,MOHAMMAD SADIQ NABI INAMDAR,SHAIKH MOHAMMAD RAEES,Maharashtra,Parbhani,View  registration details for MAHARASHTRA SARVANCHA (MAHMAR/2015/61406)
38115,MAHARASHTRA SARVANCHA,MAHMAR/2015/62203,27-05-2015,Marathi,Weekly,SHAIKH MOHAMMAD RAEES,SHAIKH MOHAMMAD RAEES,Maharashtra,Mumbai,View  registration details for MAHARASHTRA SARVANCHA (MAHMAR/2015/62203)
38116,MAHARASHTRA SARVANCHA,MAHMAR/2011/39399,02-11-2011,Marathi,Weekly,SHAIKH MOHAMMAD RAEES,SHAIKH MOHAMMAD RAEES,Maharashtra,Chhatrapati Sambhaji Nagar,View  registration details for MAHARASHTRA SARVANCHA (MAHMAR/2011/39399)
38117,MAHARASHTRA SATTAKARAN,MAHMAR/2021/80300,11-10-2021,Marathi,Weekly,MAHADEV SAMBHAJI DOMBE,MAHADEV SAMBHAJI DOMBE,Maharashtra,Latur,View  registration details for MAHARASHTRA SATTAKARAN (MAHMAR/2021/80300)
38118,MAHARASHTRA SHAHEER TIMES,MAHHIN/2024/89928,05-11-2024,HINDI,Weekly,MOHD NATIQUE AHMAD MOHD SHAFIQUE,MOHD NATIQUE AHMAD MOHD SHAFIQUE,Maharashtra,Akola,View  registration details for MAHARASHTRA SHAHEER TIMES (MAHHIN/2024/89928)
38119,MAHARASHTRA SHAKTISHALI EXPRESS,MAHHIN/2007/19512,04-05-2007,Hindi,Weekly,MRS. GEETA HULWAN,GEETA HULWAN,Maharashtra,Thane,View  registration details for MAHARASHTRA SHAKTISHALI EXPRESS (MAHHIN/2007/19512)
38120,MAHARASHTRA SHASAN RAJPATRA BHAG-EK-A-NASHIK VIBHAGIYA PURAVNI,MAHBIL/2012/72704,26-07-2017,"English, Marathi",Weekly,NARESH MAHADEVRAO GOTE,"GOVERMENT PRINTING , STATIONERY AND PUBLICATION",Maharashtra,Pune,View  registration details for MAHARASHTRA SHASAN RAJPATRA BHAG-EK-A-NASHIK VIBHAGIYA PURAVNI (MAHBIL/2012/72704)
38121,MAHARASHTRA SHASHAN RAJPATRA ASADHARAN BHAG AATH,MAHENG/2009/35528,01-02-2011,English,Daily,PARSHURAM JAGANNATH GOSAVI,"GOVERNMENT PRINTING, STATIONERY AND PUBLICATION",Maharashtra,Mumbai,View  registration details for MAHARASHTRA SHASHAN RAJPATRA ASADHARAN BHAG AATH (MAHENG/2009/35528)
38122,MAHARASHTRA SHASHAN RAJPATRA ASADHARAN BHAG CHAR,MAHBIL/2009/35530,01-02-2011,"English, Marathi",Daily,PARSHURAM JAGANNATH GOSAVI,"GOVERNMENT PRINTING, STATIONERY AND PUBLICATION",Maharashtra,Mumbai,View  registration details for MAHARASHTRA SHASHAN RAJPATRA ASADHARAN BHAG CHAR (MAHBIL/2009/35530)
38123,MAHARASHTRA SHASHAN RAJPATRA ASADHARAN BHAG CHAR KA,MAHBIL/2009/35527,01-02-2011,"English, Marathi",Daily,PARSHURAM JAGANNATH GOSAVI,"GOVERNMENT PRINTING, STATIONERY AND PUBLICATION",Maharashtra,Mumbai,View  registration details for MAHARASHTRA SHASHAN RAJPATRA ASADHARAN BHAG CHAR KA (MAHBIL/2009/35527)
38124,MAHARASHTRA SHASHAN RAJPATRA ASADHARAN BHAG CHAR-A,MAHBIL/2009/31733,01-04-2010,"English, Marathi",Daily,PARSHURAM JAGANNATH GOSAVI,"GOVERNMENT PRINTING, STATIONERY AND PUBLICATION",Maharashtra,Mumbai,View  registration details for MAHARASHTRA SHASHAN RAJPATRA ASADHARAN BHAG CHAR-A (MAHBIL/2009/31733)
38125,MAHARASHTRA SHASHAN RAJPATRA ASADHARAN BHAG CHAR-B,MAHBIL/2009/37831,15-06-2011,"English, Marathi",Daily,PARSHURAM JAGANNATH GOSAVI,"GOVERNMENT PRINTING, STATIONERY AND PUBLICATION",Maharashtra,Mumbai,View  registration details for MAHARASHTRA SHASHAN RAJPATRA ASADHARAN BHAG CHAR-B (MAHBIL/2009/37831)
38126,MAHARASHTRA SHASHAN RAJPATRA ASADHARAN BHAG DON,MAHBIL/2012/46121,01-11-2012,"English, Marathi",Daily,PARSHURAM JAGANNATH GOSAVI,"GOVERNMENT PRINTING, STATIONERY AND PUBLICATION",Maharashtra,Mumbai,View  registration details for MAHARASHTRA SHASHAN RAJPATRA ASADHARAN BHAG DON (MAHBIL/2012/46121)
38127,MAHARASHTRA SHASHAN RAJPATRA ASADHARAN BHAG EK A KOKAN VIBHAGIYA PURAVANI,MAHBIL/2009/35574,03-02-2011,"English, Marathi",Daily,PARSHURAM JAGANNATHA GOSAVI,"GOVERNMENT PRINTING, STATIONERY AND PUBLICATION",Maharashtra,Mumbai,View  registration details for MAHARASHTRA SHASHAN RAJPATRA ASADHARAN BHAG EK A KOKAN VIBHAGIYA PURAVANI (MAHBIL/2009/35574)
38128,MAHARASHTRA SHASHAN RAJPATRA ASADHARAN BHAG EK A MADHYA UP VIBHAG,MAHBIL/2009/31748,01-04-2010,"English, Marathi",Daily,PARSHURAM JAGANNATH GOSAVI,"GOVERNMENT PRINTING, STATIONERY AND PUBLICATION",Maharashtra,Mumbai,View  registration details for MAHARASHTRA SHASHAN RAJPATRA ASADHARAN BHAG EK A MADHYA UP VIBHAG (MAHBIL/2009/31748)
38129,MAHARASHTRA SHASHAN RAJPATRA ASADHARAN BHAG EK LA,MAHBIL/2009/31747,01-04-2010,"English, Marathi",Daily,PARSHURAM JAGANNATH GOSAVI,"GOVERNMENT PRINTING, STATIONERY AND PUBLICATION",Maharashtra,Mumbai,View  registration details for MAHARASHTRA SHASHAN RAJPATRA ASADHARAN BHAG EK LA (MAHBIL/2009/31747)
38130,MAHARASHTRA SHASHAN RAJPATRA ASADHARAN BHAG EK MADHYA UP VIBHAG,MAHBIL/2009/31745,01-04-2010,"English, Marathi",Daily,PARSHURAM JAGANNATH GOSAVI,"GOVERNMENT PRINTING, STATIONERY AND PUBLICATION",Maharashtra,Mumbai,View  registration details for MAHARASHTRA SHASHAN RAJPATRA ASADHARAN BHAG EK MADHYA UP VIBHAG (MAHBIL/2009/31745)
38131,MAHARASHTRA SHASHAN RAJPATRA ASADHARAN BHAG PANCH,MAHBIL/2009/40124,26-12-2011,"English, Marathi",Daily,PARSHURAM JAGANNATH GOSAVI,"GOVERNMENT PRINTING, STATIONERY AND PUBLICATION",Maharashtra,Mumbai,View  registration details for MAHARASHTRA SHASHAN RAJPATRA ASADHARAN BHAG PANCH (MAHBIL/2009/40124)
38132,MAHARASHTRA SHASHAN RAJPATRA ASADHARAN BHAG PANCH-A,MAHBIL/2009/40123,26-12-2011,"English, Marathi",Daily,PARSHURAM JAGANNATH GOSAVI,"GOVERNMENT PRINTING, STATIONERY AND PUBLICATION",Maharashtra,Mumbai,View  registration details for MAHARASHTRA SHASHAN RAJPATRA ASADHARAN BHAG PANCH-A (MAHBIL/2009/40123)
38133,MAHARASHTRA SHASHAN RAJPATRA ASADHARAN BHAG SAAT,MAHBIL/2009/31730,01-04-2010,"English, HINDI",Daily,PARSHURAM JAGANNATH GOSAVI,"GOVERNMENT PRINTING, STATIONERY AND PUBLICATION",Maharashtra,Mumbai,View  registration details for MAHARASHTRA SHASHAN RAJPATRA ASADHARAN BHAG SAAT (MAHBIL/2009/31730)
38134,MAHARASHTRA SHASHAN RAJPATRA ASADHARAN BHAG-EK KOKAN VIBHAGIYA PURAVANI,MAHBIL/2009/36619,05-04-2011,"English, Marathi",Daily,PARSHURAM JAGANNATH GOSAVI,"GOVERNMENT PRINTING, STATIONERY AND PUBLICATION",Maharashtra,Mumbai,View  registration details for MAHARASHTRA SHASHAN RAJPATRA ASADHARAN BHAG-EK KOKAN VIBHAGIYA PURAVANI (MAHBIL/2009/36619)
38135,MAHARASHTRA SHASHAN RAJPATRA BHAG AATH,MAHBIL/2012/46122,01-11-2012,"English, Marathi",Weekly,PARSHURAM JAGANNATH GOSAVI,"GOVERNMENT PRINTING, STATIONERY AND PUBLICATION",Maharashtra,Mumbai,View  registration details for MAHARASHTRA SHASHAN RAJPATRA BHAG AATH (MAHBIL/2012/46122)
38136,MAHARASHTRA SHASHAN RAJPATRA BHAG CHAR,MAHBIL/2012/46124,01-11-2012,"English, Marathi",Weekly,PARSHURAM JAGANNATH GOSAVI,"GOVERNMENT PRINTING, STATIONERY AND PUBLICATION",Maharashtra,Mumbai,View  registration details for MAHARASHTRA SHASHAN RAJPATRA BHAG CHAR (MAHBIL/2012/46124)
38137,MAHARASHTRA SHASHAN RAJPATRA BHAG CHAR B,MAHBIL/2009/31743,01-04-2010,"English, Marathi",Weekly,PARSHURAM JAGANNATH GOSAVI,"GOVERNMENT PRINTING, STATIONERY AND PUBLICATION",Maharashtra,Mumbai,View  registration details for MAHARASHTRA SHASHAN RAJPATRA BHAG CHAR B (MAHBIL/2009/31743)
38138,MAHARASHTRA SHASHAN RAJPATRA BHAG CHAR KA,MAHBIL/2009/35526,01-02-2011,"English, Marathi",Weekly,PARSHURAM JAGANNATH GOSAVI,"GOVERNMENT PRINTING, STATIONERY AND PUBLICATION",Maharashtra,Mumbai,View  registration details for MAHARASHTRA SHASHAN RAJPATRA BHAG CHAR KA (MAHBIL/2009/35526)
38139,MAHARASHTRA SHASHAN RAJPATRA BHAG CHAR-A,MAHBIL/2009/31732,01-04-2010,"English, Marathi",Weekly,PARSHURAM JAGANNATH GOSAVI,"GOVERNMENT PRINTING, STATIONERY AND PUBLICATION",Maharashtra,Mumbai,View  registration details for MAHARASHTRA SHASHAN RAJPATRA BHAG CHAR-A (MAHBIL/2009/31732)
38140,MAHARASHTRA SHASHAN RAJPATRA BHAG DON SANKIRN SUCHANA VA JAHIRATI,MAHBIL/2009/35827,21-02-2011,"English, Marathi",Weekly,PARSHURAM JAGANNATH GOSAVI,"GOVERNMENT PRINTING, STATIONERY AND PUBLICATION",Maharashtra,Mumbai,View  registration details for MAHARASHTRA SHASHAN RAJPATRA BHAG DON SANKIRN SUCHANA VA JAHIRATI (MAHBIL/2009/35827)
38141,"MAHARASHTRA SHASHAN RAJPATRA BHAG DON-NAV,VAY AANI DHARMA BADALNYACHYA JAHIRATINCHA VIBHAG",MAHBIL/2009/31874,16-04-2010,"English, Marathi",Weekly,PARSHURAM JAGANNATH GOSAVI,"GOVERNMENT PRINTING, STATIONERY AND PUBLICATION",Maharashtra,Mumbai,"View  registration details for MAHARASHTRA SHASHAN RAJPATRA BHAG DON-NAV,VAY AANI DHARMA BADALNYACHYA JAHIRATINCHA VIBHAG (MAHBIL/2009/31874)"
38142,MAHARASHTRA SHASHAN RAJPATRA BHAG DON-PURVANI,MAHBIL/2009/31731,01-04-2010,"English, Marathi",Weekly,PARSHURAM JAGANNATH GOSAVI,"GOVERNMENT PRINTING, STATIONERY AND PUBLICATION",Maharashtra,Mumbai,View  registration details for MAHARASHTRA SHASHAN RAJPATRA BHAG DON-PURVANI (MAHBIL/2009/31731)
38143,MAHARASHTRA SHASHAN RAJPATRA BHAG EK A KOKAN VIBHAGIYA PURAVANI,MAHBIL/2009/39966,13-12-2011,"English, Marathi",Weekly,PARSHURAM JAGANNATH GOSAVI,"GOVERNMENT PRINTING, STATIONERY AND PUBLICATION",Maharashtra,Mumbai,View  registration details for MAHARASHTRA SHASHAN RAJPATRA BHAG EK A KOKAN VIBHAGIYA PURAVANI (MAHBIL/2009/39966)
38144,MAHARASHTRA SHASHAN RAJPATRA BHAG EK LA,MAHBIL/2009/31744,01-04-2010,"English, Marathi",Weekly,PARSHURAM JAGANNATH GOSAVI,"GOVERNMENT PRINTING, STATIONERY AND PUBLICATION",Maharashtra,Mumbai,View  registration details for MAHARASHTRA SHASHAN RAJPATRA BHAG EK LA (MAHBIL/2009/31744)
38145,MAHARASHTRA SHASHAN RAJPATRA BHAG EK MADHYA UP VIBHAG,MAHBIL/2009/29236,21-10-2009,"English, Marathi",Weekly,PARSHURAM JAGANNATH GOSAVI,"GOVERNMENT PRINTING, STATIONERY AND PUBLICATION",Maharashtra,Mumbai,View  registration details for MAHARASHTRA SHASHAN RAJPATRA BHAG EK MADHYA UP VIBHAG (MAHBIL/2009/29236)
38146,MAHARASHTRA SHASHAN RAJPATRA BHAG EK-A-MADHYA UP VIBHAG,MAHBIL/2012/46052,29-10-2012,"English, Marathi",Weekly,PARSHURAM JAGANNATH GOSAVI,"GOVERNMENT PRINTING, STATIONERY AND PUBLICATION",Maharashtra,Mumbai,View  registration details for MAHARASHTRA SHASHAN RAJPATRA BHAG EK-A-MADHYA UP VIBHAG (MAHBIL/2012/46052)
38147,MAHARASHTRA SHASHAN RAJPATRA BHAG PANCH,MAHBIL/2012/46129,01-11-2012,"English, Marathi",Weekly,PARSHURAM JAGANNATH GOSAVI,"GOVERNMENT PRINTING, STATIONERY AND PUBLICATION",Maharashtra,Mumbai,View  registration details for MAHARASHTRA SHASHAN RAJPATRA BHAG PANCH (MAHBIL/2012/46129)
38148,MAHARASHTRA SHASHAN RAJPATRA BHAG PANCH-A,MAHBIL/2012/46123,01-11-2012,"English, Marathi",Weekly,PARSHURAM JAGANNATH GOSAVI,"GOVERNMENT PRINTING, STATIONERY AND PUBLICATION",Maharashtra,Mumbai,View  registration details for MAHARASHTRA SHASHAN RAJPATRA BHAG PANCH-A (MAHBIL/2012/46123)
38149,MAHARASHTRA SHASHAN RAJPATRA BHAG SAAT,MAHBIL/2009/31746,01-04-2010,"English, HINDI",Weekly,PARSHURAM JAGANNATH GOSAVI,"GOVERNMENT PRINTING, STATIONERY AND PUBLICATION",Maharashtra,Mumbai,View  registration details for MAHARASHTRA SHASHAN RAJPATRA BHAG SAAT (MAHBIL/2009/31746)
38150,MAHARASHTRA SHASHAN RAJPATRA BHAG SAHA,MAHBIL/2012/46128,01-11-2012,"English, Marathi",Weekly,PARSHURAM JAGANNATH GOSAVI,"GOVERNMENT PRINTING, STATIONERY AND PUBLICATION",Maharashtra,Mumbai,View  registration details for MAHARASHTRA SHASHAN RAJPATRA BHAG SAHA (MAHBIL/2012/46128)
38151,MAHARASHTRA SHASHAN RAJPATRA BHAG-EK KOKAN VIBHAGIYA PURAVANI,MAHBIL/2009/35529,01-02-2011,"English, Marathi",Weekly,PARSHURAM JAGANNATH GOSAVI,"GOVERNMENT PRINTING, STATIONERY AND PUBLICATION",Maharashtra,Mumbai,View  registration details for MAHARASHTRA SHASHAN RAJPATRA BHAG-EK KOKAN VIBHAGIYA PURAVANI (MAHBIL/2009/35529)
38152,MAHARASHTRA SHIROMANI,MAHMAR/2022/84799,12-06-2023,Marathi,Monthly,ALKESH PRAMOD JADHAV,ALKESH PRAMOD JADHAV,Maharashtra,Raigad,View  registration details for MAHARASHTRA SHIROMANI (MAHMAR/2022/84799)
38153,MAHARASHTRA SHODHYATRA,MAHMAR/2008/26092,02-12-2008,Marathi,Daily,SAMPRATI AVCHIT BALSANE,SAMPRATI AVCHIT BALSANE,Maharashtra,Dhule,View  registration details for MAHARASHTRA SHODHYATRA (MAHMAR/2008/26092)
38154,MAHARASHTRA SHOSHAN,MAHMAR/2007/24491,24-06-2008,Marathi,Weekly,BHUPENDRA D. CHAUDHARI,BHUPENDRA D. CHAUDHARY,Maharashtra,Thane,View  registration details for MAHARASHTRA SHOSHAN (MAHMAR/2007/24491)
38155,MAHARASHTRA SINCHAN VIKAS,68361,20-03-1998,Marathi,Quarterly,KANHAYYA MADHUKAR SHAH,"GOVT. OF MAHARASHTRA IRRIGATION DEPARTMENT, MANTRALAY BOMBAY",Maharashtra,Pune,View  registration details for MAHARASHTRA SINCHAN VIKAS (68361)
38156,MAHARASHTRA SUGAVA,MAHMAR/2012/49804,22-05-2013,Marathi,Weekly,BAGUL ASHOK NIVRUTTI,BAGUL ASHOK NIVRUTTI,Maharashtra,Ahilyanagar,View  registration details for MAHARASHTRA SUGAVA (MAHMAR/2012/49804)
38157,MAHARASHTRA SURYODAY,MAHMAR/2014/54581,11-02-2014,Marathi,Daily,GANGADHAR SITARAM KALKUTE,GANGADHAR SITARAM KALKUTE,Maharashtra,Beed,View  registration details for MAHARASHTRA SURYODAY (MAHMAR/2014/54581)
38158,Maharashtra Swadeshi Batmya,MHBIL/25/A0883,03-06-2025,"Marathi, Hindi",Weekly,Salman Younus Sayyed,Salman Younus Sayyed,Maharashtra,Jalna,View  registration details for Maharashtra Swadeshi Batmya (MHBIL/25/A0883)
38159,MAHARASHTRA TIMES,MAHMAR/2011/42045,08-05-2012,Marathi,Daily,RANJIT JAGDALE,"BENNETT, COLEMAN & CO.LTD",Maharashtra,Chhatrapati Sambhaji Nagar,View  registration details for MAHARASHTRA TIMES (MAHMAR/2011/42045)
38160,MAHARASHTRA TIMES,MAHMAR/2013/61289,15-04-2015,Marathi,Daily,RANJIT JAGDALE,"BENNETT, COLEMAN & CO.LTD",Maharashtra,Ahilyanagar,View  registration details for MAHARASHTRA TIMES (MAHMAR/2013/61289)
38161,MAHARASHTRA TIMES,MAHMAR/2012/45340,21-09-2012,Marathi,Daily,Maneesh Animesh Goswami,"BENNETT, COLEMAN & CO.LTD",Maharashtra,Nagpur,View  registration details for MAHARASHTRA TIMES (MAHMAR/2012/45340)
38162,MAHARASHTRA TIMES,9249,19-07-1962,Marathi,Daily,R. Krishnamurthy,"BENNETT, COLEMAN & CO.LTD",Maharashtra,Mumbai,View  registration details for MAHARASHTRA TIMES (9249)
38163,MAHARASHTRA TIMES,MAHMAR/2013/54417,04-02-2014,Marathi,Daily,R. KRISHNAMURTHY,"BENNETT, COLEMAN & CO.LTD",Maharashtra,Jalgaon,View  registration details for MAHARASHTRA TIMES (MAHMAR/2013/54417)
38164,MAHARASHTRA TIMES,MAHMAR/2012/46508,22-11-2012,Marathi,Daily,R. Krishnamurthy,"BENNETT, COLEMAN & CO.LTD",Maharashtra,Nashik,View  registration details for MAHARASHTRA TIMES (MAHMAR/2012/46508)
38165,MAHARASHTRA TIMES,MAHMAR/2011/41569,12-04-2012,Marathi,Daily,Maneesh Animesh Goswami,"BENNETT, COLEMAN & CO.LTD",Maharashtra,Pune,View  registration details for MAHARASHTRA TIMES (MAHMAR/2011/41569)
38166,MAHARASHTRA TIMES ANNUAL,27741,07-01-1978,Marathi,Annual,SREEKRISHNA GOVIND JOSHI,"BENNETT, COLEMAN & CO.LTD",Maharashtra,Mumbai,View  registration details for MAHARASHTRA TIMES ANNUAL (27741)
38167,MAHARASHTRA TIMES PUNE PLUS,MAHMAR/2018/75634,25-06-2018,Marathi,Daily,Maneesh Animesh Goswami,"BENNETT, COLEMAN & CO LTD",Maharashtra,Pune,View  registration details for MAHARASHTRA TIMES PUNE PLUS (MAHMAR/2018/75634)
38168,MAHARASHTRA TIMES SAMVAD,MAHMAR/2011/42760,11-06-2012,Marathi,Weekly,R. Krishnamurthy,"BENNETT, COLEMAN & CO.LTD",Maharashtra,Mumbai,View  registration details for MAHARASHTRA TIMES SAMVAD (MAHMAR/2011/42760)
38169,MAHARASHTRA TODAY,MAHMAR/2013/53147,23-12-2013,Marathi,Monthly,JITENDRA PANDHARINATH PAKHARE,JITENDRA PANDHARINATH PAKHRE,Maharashtra,Mumbai,View  registration details for MAHARASHTRA TODAY (MAHMAR/2013/53147)
38170,MAHARASHTRA TOP LINE,MAHHIN/2007/23586,09-10-2013,Hindi,Weekly,MR. DEV BALDEV SINGH,DEV BALDEV SINGH,Maharashtra,Mumbai,View  registration details for MAHARASHTRA TOP LINE (MAHHIN/2007/23586)
38171,MAHARASHTRA TOP NEWS,MAHMAR/2010/32772,29-06-2010,Marathi,Weekly,PATHAN MASUMKHAN ISMAILKHAN,PATHAN MASUMKHAN ISMAILKHAN,Maharashtra,Latur,View  registration details for MAHARASHTRA TOP NEWS (MAHMAR/2010/32772)
38172,MAHARASHTRA UDYOG VYAPARI MITRA,69309,06-11-1998,Marathi,Weekly,CHANDRAKANT SHANKARRAO BHOITE,CHANDRAKANT SHANKARRAO BHOITE,Maharashtra,Thane,View  registration details for MAHARASHTRA UDYOG VYAPARI MITRA (69309)
38173,MAHARASHTRA UPDATES,MAHMAR/2023/89406,10-10-2024,MARATHI,Weekly,FIROJ KHAN RAHIMKHAN PATHAN,FIROJ KHAN RAHIMKHAN PATHAN,Maharashtra,Chhatrapati Sambhaji Nagar,View  registration details for MAHARASHTRA UPDATES (MAHMAR/2023/89406)
38174,MAHARASHTRA VADI,MAHMAR/2021/82738,16-11-2022,Marathi,Weekly,MANDAR SATYEN TANNU,MANDAR SATYEN TANNU,Maharashtra,Pune,View  registration details for MAHARASHTRA VADI (MAHMAR/2021/82738)
38175,MAHARASHTRA VAIBHAV,MAHMUL/2009/33761,24-09-2010,"English, Marathi, Hindi",Daily,MOHAN MADHUKAR MULHERKAR,MOHAN MADHUKAR MULHERKAR,Maharashtra,Kolhapur,View  registration details for MAHARASHTRA VAIBHAV (MAHMUL/2009/33761)
38176,MAHARASHTRA VANI YUVA MANCH,MAHMAR/2015/72702,20-07-2017,Marathi,Weekly,RAJENDRA PARSHURAM PACHPUTE,RAJENDRA PARSHURAM PACHPUTE,Maharashtra,Dhule,View  registration details for MAHARASHTRA VANI YUVA MANCH (MAHMAR/2015/72702)
38177,MAHARASHTRA VEDH,MHMAR/26/A6567,10-08-2026,Marathi,Weekly,Yogesh Suresh Nerkar,Yogesh Suresh Nerkar,Maharashtra,Thane,View  registration details for MAHARASHTRA VEDH (MHMAR/26/A6567)
38178,MAHARASHTRA VIJAY,MAHMAR/2023/88106,25-07-2024,Marathi,Weekly,VIJAY RAMESH KUCHE,VIJAY RAMESH KUCHE,Maharashtra,Akola,View  registration details for MAHARASHTRA VIJAY (MAHMAR/2023/88106)
38179,MAHARASHTRA VRUTANT,MAHMAR/2022/86384,12-02-2024,Marathi,Daily,VIKAS SHIVRAM PATIL,VIKAS SHIVRAM PATIL,Maharashtra,Thane,View  registration details for MAHARASHTRA VRUTANT (MAHMAR/2022/86384)
38180,MAHARASHTRA VYASPEETH,MAHMAR/2007/23932,15-05-2008,Marathi,Weekly,AVINASH GOPAL GHODKE,AVINASH GOPAL GHODKE,Maharashtra,Ahilyanagar,View  registration details for MAHARASHTRA VYASPEETH (MAHMAR/2007/23932)
38181,Maharashtra Warta Sankalp,MHMAR/26/A4701,04-06-2026,Marathi,Weekly,Rushikesh Santosh Adhikari,Rushikesh Santosh Adhikari,Maharashtra,Raigad,View  registration details for Maharashtra Warta Sankalp (MHMAR/26/A4701)
38182,MAHARASHTRABHOOMI,MHBIL/26/A0330,14-01-2026,"English, Hindi",Weekly,MONIKA ROHIT SALVI,prashant prakashrao bhosale,Maharashtra,Thane,View  registration details for MAHARASHTRABHOOMI (MHBIL/26/A0330)
38183,MAHARASHTRACHE NETRUTVA,MAHMAR/2023/84579,29-05-2023,Marathi,Fortnightly,GAURAV RANDHIR AHIWALE,GAURAV RANDHIR AHIWALE,Maharashtra,Pune,View  registration details for MAHARASHTRACHE NETRUTVA (MAHMAR/2023/84579)
38184,MAHARASHTRACHE SAMAJKARAN,MAHMAR/2023/89138,24-09-2024,MARATHI,Fortnightly,SAJAN BHAGWAN ADSUL,SAJAN BHAGWAN ADSUL,Maharashtra,Pune,View  registration details for MAHARASHTRACHE SAMAJKARAN (MAHMAR/2023/89138)
38185,MAHARASHTRACHI CHALVAL,MAHMAR/2024/89606,15-10-2024,MARATHI,Weekly,SIMA ATUL CHOPADE,SIMA ATUL CHOPADE,Maharashtra,Pune,View  registration details for MAHARASHTRACHI CHALVAL (MAHMAR/2024/89606)
38186,MAHARASHTRACHI HAK,MAHMAR/2016/71421,04-05-2017,Marathi,Daily,ASHRUBA BHAGWANT SHEWALE,ASHRUBA BHAGWANT SHEWALE,Maharashtra,Buldhana,View  registration details for MAHARASHTRACHI HAK (MAHMAR/2016/71421)
38187,MAHARASHTRACHI LEKHANI,MAHMAR/2023/87547,22-07-2024,MARATHI,Daily,MAHENDRA MURLIDHAR SARODE,MAHENDRA MURLIDHAR SARODE,Maharashtra,Chhatrapati Sambhaji Nagar,View  registration details for MAHARASHTRACHI LEKHANI (MAHMAR/2023/87547)
38188,MAHARASHTRACHI SHAN,MAHMAR/2019/90657,23-04-2025,MARATHI,Weekly,SUNIL PRABHU DHIMDHIME,SUNIL PRABHU DHIMDHIME,Maharashtra,Beed,View  registration details for MAHARASHTRACHI SHAN (MAHMAR/2019/90657)
38189,MAHARASHTRACHI UNNATI,MAHMAR/2023/88584,20-08-2024,MARATHI,Daily,SHAIKH FARHA NAAZ RAZEQ,SHAIKH FARHA NAAZ RAZEQ,Maharashtra,Chhatrapati Sambhaji Nagar,View  registration details for MAHARASHTRACHI UNNATI (MAHMAR/2023/88584)
38190,MAHARASHTRANITI,MHMAR/25/A5246,17-12-2025,Marathi,Weekly,Vinod Krushanaji Bhokare,Vinod Krushanaji Bhokare,Maharashtra,Buldhana,View  registration details for MAHARASHTRANITI (MHMAR/25/A5246)
38191,maharashtrapanch,MHMAR/25/A1408,25-06-2025,Marathi,Weekly,Mohammad Nazim Mohammad Kasim siddiqui,Mohammad Nazim Mohammad Kasim siddiqui,Maharashtra,Parbhani,View  registration details for maharashtrapanch (MHMAR/25/A1408)
38192,MAHARASTARA JEET,MHMUL/25/A0788,02-06-2025,"Hindi, Marathi, English",Daily,Sagar Ramdas Ambhore,Sagar Ramdas Ambhore,Maharashtra,Washim,View  registration details for MAHARASTARA JEET (MHMUL/25/A0788)
38193,MAHARASTRA NANDAN,MAHMAR/2017/73360,21-09-2017,Marathi,Weekly,SUNIL PANDIT PATIL,SUNIL PANDIT PATIL,Maharashtra,Jalgaon,View  registration details for MAHARASTRA NANDAN (MAHMAR/2017/73360)
38194,maharastra varta bhumi,MHMAR/26/A3861,18-05-2026,Marathi,Weekly,AMOL BABASAHEB BADE,AMOL BABASAHEB BADE,Maharashtra,Beed,View  registration details for maharastra varta bhumi (MHMAR/26/A3861)
38195,MAHARISHI DAYANAND SMRITI PRAKASH,RAJHIN/2015/60530,04-03-2015,Hindi,Monthly,VIJAY SINGH BHATI,MAHARISHI DAYANAND SARASWATI SMRITI BHAWAN NYAS,Rajasthan,Jodhpur,View  registration details for MAHARISHI DAYANAND SMRITI PRAKASH (RAJHIN/2015/60530)
38196,MAHARISHI JOURNAL OF LAW AND SOCIETY,UPENG/2018/76324,29-10-2018,English,Half Yearly,DR. CHIRANJI LAL,MAHARISHI UNIVERSITY OF INFORMATION TECHNOLOGY,Uttar Pradesh,Gautam Buddha Nagar,View  registration details for MAHARISHI JOURNAL OF LAW AND SOCIETY (UPENG/2018/76324)
38197,MAHARO RAJASTHAN,MAHHIN/2012/42478,20-01-2014,Hindi,Weekly,KRUPA SHANKAR B. DAVE,KRUPA SHANKAR B. DAVE,Maharashtra,Mumbai,View  registration details for MAHARO RAJASTHAN (MAHHIN/2012/42478)
38198,MAHARSHI,MAHMAR/2002/09808,09-05-2003,Marathi,Weekly,SAGAR SANJAY KHARAT,SAGAR SANJAY KHARAT,Maharashtra,Solapur,View  registration details for MAHARSHI (MAHMAR/2002/09808)
38199,MAHARSHI TIMES,UPHIN/26/A5467,23-06-2026,Hindi,Weekly,SUDHA SINGH,SUDHA SINGH,Uttar Pradesh,Ballia,View  registration details for MAHARSHI TIMES (UPHIN/26/A5467)
38200,MAHARSHI VALMIKI DARPAN,MAHMAR/2016/66919,10-05-2016,Marathi,Monthly,ARUN RAOSAHEB KORE,ARUN RAOSAHEB KORE,Maharashtra,Sangli,View  registration details for MAHARSHI VALMIKI DARPAN (MAHMAR/2016/66919)
38201,MAHARSHIMARGAM,APTEL/26/A3427,11-05-2026,Telugu,Monthly,LAKKIREDDY SRINIVASA REDDY,LAKKIREDDY SRINIVASA REDDY,Andhra Pradesh,Guntur,View  registration details for MAHARSHIMARGAM (APTEL/26/A3427)
38202,MAHARSHTRA KHABAR,MAHBIL/2000/05229,05-12-2000,"Marathi, Hindi",Weekly,NATHMAL R. SONI,NATHMAL RAMCHANDRA SONI,Maharashtra,Chandrapur,View  registration details for MAHARSHTRA KHABAR (MAHBIL/2000/05229)
38203,MAHARSI TIMES,APTEL/2022/81863,26-08-2022,Telugu,Monthly,T MADDULETI,T MADDULETI,Andhra Pradesh,Kurnool,View  registration details for MAHARSI TIMES (APTEL/2022/81863)
38204,Maharudra,MHHIN/25/A1885,21-07-2025,Hindi,Weekly,Sushil Tulsiram Hathithele,Sushil Tulsiram Hathithele,Maharashtra,Nagpur,View  registration details for Maharudra (MHHIN/25/A1885)
38205,MAHASAGAR,46975,01-11-2013,Marathi,Daily,SHRIKRISHNA TANSUKHDAS CHANDAK,SHRIKRISHNA TANSUKHDAS CHANDAK,Maharashtra,Amravati,View  registration details for MAHASAGAR (46975)
38206,MAHASAGAR,MAHMAR/2014/62313,01-06-2015,Marathi,Daily,SHRIKRISHNA TANSUKHDAS CHANDAK,SHRIKRISHNA TANSUKHDAS CHANDAK,Maharashtra,Palghar,View  registration details for MAHASAGAR (MAHMAR/2014/62313)
38207,MAHASAGAR,MAHMAR/2010/35799,18-02-2011,MARATHI,Daily,SHRIKRISHNA TANSUKHDAS CHANDAK,SHRIKRISHNA TANSUKHDAS CHANDAK,Maharashtra,Yavatmal,View  registration details for MAHASAGAR (MAHMAR/2010/35799)
38208,MAHASAGAR,MAHMAR/2010/35857,21-02-2011,MARATHI,Daily,SHRIKRISHNA TANSUKHDAS CHANDAK,SHRIKRISHNA TANSUKHDAS CHANDAK,Maharashtra,Buldhana,View  registration details for MAHASAGAR (MAHMAR/2010/35857)
38209,MAHASAGAR,MAHMAR/2010/35844,21-02-2011,MARATHI,Daily,SHRIKRISHNA TANSUKHDAS CHANDAK,SHRIKRISHNA TANSUKHDAS CHANDAK,Maharashtra,Washim,View  registration details for MAHASAGAR (MAHMAR/2010/35844)
38210,MAHASAGAR,46973,07-03-2011,Marathi,Daily,SHRIKRISHNA TANSUKHDAS CHANDAK,SHRIKRISHNA TANSUKHDAS CHANDAK,Maharashtra,Akola,View  registration details for MAHASAGAR (46973)
38211,MAHASAGAR,MAHMAR/2016/79101,20-11-2020,Marathi,Daily,SHRIKRISHNA TANSUKHDAS CHANDAK,SHRIKRISHNA TANSUKHDAS CHANDAK,Maharashtra,Mumbai,View  registration details for MAHASAGAR (MAHMAR/2016/79101)
38212,MAHASAGAR,MHMAR/25/A0219,16-05-2025,Marathi,Daily,Shrikrishna Tansukhdas Chandak,Shrikrishna Tansukhdas Chandak,Maharashtra,Nashik,View  registration details for MAHASAGAR (MHMAR/25/A0219)
38213,MAHASAGAR,MAHMAR/2010/35845,21-02-2011,MARATHI,Daily,SHRIKRISHNA TANSUKHDAS CHANDAK,SHRIKRISHNA TANSUKHDAS CHANDAK,Maharashtra,Gadchiroli,View  registration details for MAHASAGAR (MAHMAR/2010/35845)
38214,MAHASAGAR,66032,01-11-2013,Marathi,Daily,SHRIKRISHNA TANSUKHDAS CHANDAK,SHRIKRISHNA TANSUKHDAS CHANDAK,Maharashtra,Wardha,View  registration details for MAHASAGAR (66032)
38215,MAHASAGAR,MAHMAR/2011/40516,04-11-2013,MARATHI,Daily,SHRIKRISHNA TANSUKHDAS CHANDAK,SHRIKRISHNA TANSUKHDAS CHANDAK,Maharashtra,Gondia,View  registration details for MAHASAGAR (MAHMAR/2011/40516)
38216,MAHASAGAR,20789,01-03-2011,Marathi,Daily,SHRIKRISHNA TANSUKHDAS CHANDAK,SHRIKRISHNA TANSUKHDAS CHANDAK,Maharashtra,Nagpur,View  registration details for MAHASAGAR (20789)
38217,MAHASAGAR,MAHMAR/2010/35801,01-11-2013,MARATHI,Daily,SHRIKRISHNA TANSUKHDAS CHANDAK,SHRIKRISHNA TANSUKHDAS CHANDAK,Maharashtra,Bhandara,View  registration details for MAHASAGAR (MAHMAR/2010/35801)
38218,MAHASAGAR SAMACHAR,47160,13-07-1989,Marathi,Daily,N. M. BENDRIKAR,N. M. BENDRIKAR,Maharashtra,Nanded,View  registration details for MAHASAGAR SAMACHAR (47160)
38219,MAHASAMAR,MAHMAR/2018/77491,17-06-2019,Marathi,Daily,SHYAMSUNDAR AADHAR PATIL,SHYAMSUNDAR AADHAR PATIL,Maharashtra,Dhule,View  registration details for MAHASAMAR (MAHMAR/2018/77491)
38220,MAHASAMUND BHASKAR,CHHHIN/2016/68862,06-10-2016,Hindi,Daily,MADHAB PRASAD SINGH,D.B. CORP.LTD,Chhattisgarh,Raipur,View  registration details for MAHASAMUND BHASKAR (CHHHIN/2016/68862)
38221,MAHASAMUND NEWS SERVICE,CTHIN/26/A6266,30-07-2026,Hindi,Monthly,Mo. Moin Hushain Qurashi,Mo. Moin Hushain Qurashi,Chhattisgarh,Mahasamund,View  registration details for MAHASAMUND NEWS SERVICE (CTHIN/26/A6266)
38222,MAHASAMUND TIMES,CHHHIN/2022/83879,25-04-2023,Hindi,Weekly,RAVINDRA KUMAR VIDANI,RAVINDRA KUMAR VIDANI,Chhattisgarh,Mahasamund,View  registration details for MAHASAMUND TIMES (CHHHIN/2022/83879)
38223,MAHASAMUND VANI,CHHMUL/2021/82838,22-11-2022,"English, Chhattisgarhi, Hindi",Bimonthly (Once in two months),ANURAG SHARMA,MAHASAMUND DIARY,Chhattisgarh,Raipur,View  registration details for MAHASAMUND VANI (CHHMUL/2021/82838)
38224,MAHASANGHARSH NEWS,MAHMAR/2013/51551,21-08-2013,Marathi,Weekly,GANESH KESHAV JAGTAP,GANESH KESHAV JAGTAP,Maharashtra,Raigad,View  registration details for MAHASANGHARSH NEWS (MAHMAR/2013/51551)
38225,MAHASANGRAM VARTA,MAHMAR/2015/60070,06-02-2015,Marathi,Weekly,SAYED GOUS AMIR,SAYED GOUS AMIR,Maharashtra,Parbhani,View  registration details for MAHASANGRAM VARTA (MAHMAR/2015/60070)
38226,MAHASANSKRUTI,MAHMAR/2013/47909,08-02-2013,Marathi,Daily,DIPAKE PARMESHWAR,DIPAKE PARMESHWAR,Maharashtra,Parbhani,View  registration details for MAHASANSKRUTI (MAHMAR/2013/47909)
38227,MAHASATTA,48562,24-11-1989,Gujarati,Weekly,NARENDRA TULSIDAS PITHADIA,NARENDRA TULSIDAS PITHADIA,Gujarat,Jamnagar,View  registration details for MAHASATTA (48562)
38228,MAHASATTA,63119,08-02-1996,Marathi,Daily,VASANT KRISHNAJI DATTAWADE,VASANT KRISHNAJI DATTAWADE,Maharashtra,Kolhapur,View  registration details for MAHASATTA (63119)
38229,MAHASATTA BHARAT,MAHBIL/2015/65572,11-01-2016,"English, HINDI",Monthly,SUMITRA MAHESHWAR BHOPI,SUMITRA MAHESHWAR BHOPI,Maharashtra,Sangli,View  registration details for MAHASATTA BHARAT (MAHBIL/2015/65572)
38230,MAHASATTA MAHARASHTRA,MAHHIN/2012/45035,20-02-2013,Hindi,Weekly,OM SHANKAR PANDEY,OM SHANKAR PANDEY,Maharashtra,Mumbai,View  registration details for MAHASATTA MAHARASHTRA (MAHHIN/2012/45035)
38231,MAHASATTA TIMES,MAHMAR/2013/54493,06-02-2014,Marathi,Weekly,SOMNATH DATTATRY AHIRE,SOMNATH DATTATRY AHIRE,Maharashtra,Solapur,View  registration details for MAHASATTA TIMES (MAHMAR/2013/54493)
38232,MAHASATYE,MAHMAR/2008/27595,28-04-2009,Marathi,Weekly,SANJAY GOPALRAO SONKHEDE,SANJAY GOPALRAO SONKHEDE,Maharashtra,Chhatrapati Sambhaji Nagar,View  registration details for MAHASATYE (MAHMAR/2008/27595)
38233,MAHASHAKTI EDUCATION TIMES,MPBIL/2012/47994,13-02-2013,"English, HINDI",Monthly,ANOKHE LAL DWIVEDI,ANOKHE LAL DWIVEDI,Madhya Pradesh,Bhopal,View  registration details for MAHASHAKTI EDUCATION TIMES (MPBIL/2012/47994)
38234,MAHASHAKTI EDUCATION TIMES,MPHIN/26/A1510,16-03-2026,HINDI,Weekly,ANOKHE LAL DWIVEDI,ANOKHE LAL DWIVEDI,Madhya Pradesh,Bhopal,View  registration details for MAHASHAKTI EDUCATION TIMES (MPHIN/26/A1510)
38235,MAHASHAKTI MISSION,UPHIN/2014/58004,29-10-2014,Hindi,Daily,Mohd Asif,Bidrawati Devi Patel,Uttar Pradesh,Lucknow,View  registration details for MAHASHAKTI MISSION (UPHIN/2014/58004)
38236,MAHASHAKTI RATNA,MAHMAR/2011/41637,18-04-2012,Marathi,Weekly,RAJARAM MAHADEV NIKAM,RAJARAM MAHADEO NIKAM,Maharashtra,Mumbai,View  registration details for MAHASHAKTI RATNA (MAHMAR/2011/41637)
38237,MAHASHAY DEHAT BULLETIN,UPHIN/2002/08360,27-11-2002,Hindi,Weekly,MAHASHAY RANVIR SINGH,MAHASHAY RANVIR SINGH,Uttar Pradesh,Muzaffarnagar,View  registration details for MAHASHAY DEHAT BULLETIN (UPHIN/2002/08360)
38238,MAHASHIKHAR,MPHIN/2020/79492,17-02-2021,Hindi,Monthly,SANJAY JAIN,SANJAY JAIN,Madhya Pradesh,Indore,View  registration details for MAHASHIKHAR (MPHIN/2020/79492)
38239,MAHASHU SANDESH,UTTHIN/2011/41099,13-03-2012,Hindi,Weekly,MADAN SINGH,MADAN SINGH,Uttarakhand,Dehradun,View  registration details for MAHASHU SANDESH (UTTHIN/2011/41099)
38240,MAHASIDDHI POSITIVE NEWS,GUJGUJ/1999/03114,23-03-2001,Gujarati,Fortnightly,VIJAY KUMAR HARIKRISHNA RAVAL,VIJAY KUMAR HARIKRUSHNA RAVAL,Gujarat,Sabar Kantha,View  registration details for MAHASIDDHI POSITIVE NEWS (GUJGUJ/1999/03114)
38241,MAHASIDDHI(COSMO ARTAURA KENDRA PRERIT),GUJGUJ/1995/03115,23-03-2001,Gujarati,Monthly,VIJAY KUMAR HARIKRUSHNA RAVAL,VIJAY KUMAR HARIKRUSHNA RAVAL,Gujarat,Sabar Kantha,View  registration details for MAHASIDDHI(COSMO ARTAURA KENDRA PRERIT) (GUJGUJ/1995/03115)
38242,MAHASOOL MITRA,MAHMAR/2009/27912,04-06-2009,Marathi,Quarterly,ABHAY RAMLAL LALWANI,ABHAY RAMLAL LALWANI,Maharashtra,Ahilyanagar,View  registration details for MAHASOOL MITRA (MAHMAR/2009/27912)
38243,Mahasul Varta,MHMAR/25/A4665,03-12-2025,Marathi,Quarterly,Tushar Shaila Kulkarni,Tushar Shaila Kulkarni,Maharashtra,Pune,View  registration details for Mahasul Varta (MHMAR/25/A4665)
38244,MAHATARI,CHHBIL/2017/72723,27-07-2017,"Chhattisgarhi, Hindi",Quarterly,SMITA SHARMA,SMITA SHARMA,Chhattisgarh,Raipur,View  registration details for MAHATARI (CHHBIL/2017/72723)
38245,MAHATEJ,MHBIL/25/A4182,20-11-2025,"Hindi, Marathi",Weekly,ANIKET VIJAY PATIL,ANIKET VIJAY PATIL,Maharashtra,Jalgaon,View  registration details for MAHATEJ (MHBIL/25/A4182)
38246,MAHATEJAY MARGDARSHIKA,MHBIL/25/A3180,13-10-2025,"Marathi, Hindi",Monthly,Pushand Ulhas Dhake,Pushand Ulhas Dhake,Maharashtra,Jalgaon,View  registration details for MAHATEJAY MARGDARSHIKA (MHBIL/25/A3180)
38247,MAHATHI,APTEL/2006/18657,09-03-2007,Telugu,Monthly,A. RAGHU,A. RAGHU,Andhra Pradesh,Hyderabad,View  registration details for MAHATHI (APTEL/2006/18657)
38248,MAHATIRTH PALITANA,GUJGUJ/2016/69361,16-11-2016,Gujarati,Weekly,ANKUR VIPULBHAI MEHTA,ANKUR VIPULBHAI MEHTA,Gujarat,Bhavnagar,View  registration details for MAHATIRTH PALITANA (GUJGUJ/2016/69361)
38249,MAHATMA PHOOLE SATYASHODHAK,57900,08-01-1994,Hindi,Fortnightly,SMT GOVINDI PAWAR,SMT.GOVINDI PANWAR,Rajasthan,Jodhpur,View  registration details for MAHATMA PHOOLE SATYASHODHAK (57900)
38250,MAHATMA PHULE DARSHAN,MPHIN/2001/11542,30-12-2003,Hindi,Monthly,P N AMBEDKAR,P N AMBEDKAR,Madhya Pradesh,Bhopal,View  registration details for MAHATMA PHULE DARSHAN (MPHIN/2001/11542)
38251,MAHATMYAM,KERMAL/2015/63922,26-08-2015,Malayalam,Monthly,RAJESH T.K.,MAHATMA JANSEVANA KENDRAM,Kerala,Pathanamthitta,View  registration details for MAHATMYAM (KERMAL/2015/63922)
38252,MAHATVA SAMBODHAN,45338,17-04-1988,Hindi,Weekly,RAFI AHMAD,RAFI AHMAD,Madhya Pradesh,Bhopal,View  registration details for MAHATVA SAMBODHAN (45338)
38253,MAHATVAKANSHA,UPHIN/2015/64660,09-11-2015,Hindi,Weekly,ABHISHEK KUMAR,ABHISHEK KUMAR,Uttar Pradesh,Lucknow,View  registration details for MAHATVAKANSHA (UPHIN/2015/64660)
38254,MAHATVAPOORNA,KARHIN/2014/59135,23-12-2014,Hindi,Monthly,JODH SINGH RAJ PUROHIT,JODH SINGH RAJ PUROHIT,Karnataka,Bengaluru,View  registration details for MAHATVAPOORNA (KARHIN/2014/59135)
38255,MAHAUR GWAREN VAISHY JAGARAN,67437,29-06-2018,Hindi,Monthly,PRAKASHCHANDRA MANDIL,AKHIL BHARTIYA MAHORE GWARE VAISH MAHASHABHA,Madhya Pradesh,Morena,View  registration details for MAHAUR GWAREN VAISHY JAGARAN (67437)
38256,MAHAVEER KI RAAH,47744,01-01-1989,Hindi,,,VENU GOPAL RAO JAIN,,,View  registration details for MAHAVEER KI RAAH (47744)
38257,MAHAVEER SANDESH,MPHIN/2013/48697,20-03-2013,Hindi,Monthly,PRADEEP JAIN,PRADEEP JAIN,Madhya Pradesh,Indore,View  registration details for MAHAVEER SANDESH (MPHIN/2013/48697)
38258,MAHAVIDARBH,49933,31-05-1991,Hindi,Daily,KALPANA PRADEEPRAO PALIKUNDWAR,KALPANA PRADEEPRAO PALIKUNDWAR,Maharashtra,Chandrapur,View  registration details for MAHAVIDARBH (49933)
38259,MAHAVIDARBHA,24155,28-02-1974,Marathi,Daily,KALPANA P. PALIKUNDWAR,KALPANA PRADEEPRAO PALIKUNDWAR,Maharashtra,Chandrapur,View  registration details for MAHAVIDARBHA (24155)
38260,MAHAVIDARBHA,43649,01-04-1985,Marathi,Daily,KRANTI K. NALAMWAR,A.K.NALAMWAR,Maharashtra,Nagpur,View  registration details for MAHAVIDARBHA (43649)
38261,MAHAVIDARBHA,43648,07-10-1988,Marathi,Daily,KRANTI K. NALAMWAR,A. K. NALAMWAR,Maharashtra,Nagpur,View  registration details for MAHAVIDARBHA (43648)
38262,Mahavidyalay Khabarbaat,MHMAR/26/A2042,27-03-2026,Marathi,Weekly,RAJKUMAR MAROTRAO KOLHE,RAJKUMAR MAROTRAO KOLHE,Maharashtra,Thane,View  registration details for Mahavidyalay Khabarbaat (MHMAR/26/A2042)
38263,MAHAVIJAY,39768,28-04-1984,Hindi,Twice a week,,,,,View  registration details for MAHAVIJAY (39768)
38264,MAHAVIR,GUJGUJ1996/00062,11-01-2000,Gujarati,Weekly,OSWAL VIDI UPDESH KUMAR,OSWAL VIDI UPDESH KUMAR,Gujarat,Bhavnagar,View  registration details for MAHAVIR (GUJGUJ1996/00062)
38265,MAHAVIR ARJUN,51885,12-11-1991,Hindi,Daily,RAJKUMAR GOYAL,RAJKUMAR GOYAL,Uttar Pradesh,Hapur,View  registration details for MAHAVIR ARJUN (51885)
38266,MAHAVIR DESH,GJGUJ/25/A3954,13-11-2025,Gujarati,Daily,Amit Mayurkumar Doshi,Amit Mayurkumar Doshi,Gujarat,Sabar Kantha,View  registration details for MAHAVIR DESH (GJGUJ/25/A3954)
38267,MAHAVIR MISSION,26766,02-06-2011,Hindi,Monthly,SURESH KUMAR JAIN,"VARDHMAN STHANAKWASI, JAIN MAHA SANGH",Delhi,New Delhi,View  registration details for MAHAVIR MISSION (26766)
38268,MAHAVIR PRAVAH,RAJBIL/2013/53515,12-12-2013,"English, HINDI",Monthly,MAHENDRA KUMAR CHOPRA,MAHAVIR INTERNATIONAL FOUNDATION TRUST,Rajasthan,Jaipur,View  registration details for MAHAVIR PRAVAH (RAJBIL/2013/53515)
38269,MAHAVIR SAMNTA SANDESH,56132,23-09-1992,Hindi,Fortnightly,HIMMAT SETH,HIMMAT SETH,Rajasthan,Udaipur,View  registration details for MAHAVIR SAMNTA SANDESH (56132)
38270,MAHAVIR TIMES,MPHIN/2013/53632,18-12-2013,Hindi,Monthly,HEMANT JAIN,HEMANT JAIN,Madhya Pradesh,Indore,View  registration details for MAHAVIR TIMES (MPHIN/2013/53632)
38271,MAHAVIR VACHAN SABKE LIYE,CHHBIL/2018/76725,25-01-2019,"English, HINDI",Monthly,NEELU,NEELU,Chhattisgarh,Raipur,View  registration details for MAHAVIR VACHAN SABKE LIYE (CHHBIL/2018/76725)
38272,MAHAVIR VANI,RAJHIN/2016/75868,16-08-2018,Hindi,Monthly,ANAND SALECHA,ANAND SALECHA,Rajasthan,Chittorgarh,View  registration details for MAHAVIR VANI (RAJHIN/2016/75868)
38273,MAHAVIR VICHAR,MAHHIN/1997/02147,13-10-2000,Hindi,Monthly,NAVRATAN PARAKH,MAHAVIR INTERNATIONAL TRUST,Maharashtra,Mumbai,View  registration details for MAHAVIR VICHAR (MAHHIN/1997/02147)
38274,MAHAVIR VISION,DEBIL/2002/07023,23-05-2003,"English, HINDI",Monthly,ANIL JAIN,MAHAVIR INTERNATIONAL,Delhi,New Delhi,View  registration details for MAHAVIR VISION (DEBIL/2002/07023)
38275,MAHAVITRAN TIMES,MAHMAR/2015/64098,11-09-2015,Marathi,Weekly,PARMESHWAR (NANA) VISHNU PALVADE,PARMESHWAR (NANA) VISHNU PALVADE,Maharashtra,Chhatrapati Sambhaji Nagar,View  registration details for MAHAVITRAN TIMES (MAHMAR/2015/64098)
38276,MAHAVNESH TIMES DOT COM,UPHIN/26/A5982,25-07-2026,Hindi,Monthly,Suvarn Rekha Upadhaya,Suvarn Rekha Upadhaya,Uttar Pradesh,Lucknow,View  registration details for MAHAVNESH TIMES DOT COM (UPHIN/26/A5982)
38277,MAHAVNESH TIMES DOT COM,UPHIN/2007/22805,04-02-2008,Hindi,Weekly,SUVARN REKHA UPADHAYA,SUVARN REKHA UPADHAYA,Uttar Pradesh,Lucknow,View  registration details for MAHAVNESH TIMES DOT COM (UPHIN/2007/22805)
38278,MAHAWAR VAISHYA SANDESH,RAJHIN/2022/82236,12-10-2022,Hindi,Monthly,SURENDRA KUMAR GUPTA,MAHAWAR VAISHYA SEVA SANSTHA,Rajasthan,Jaipur,View  registration details for MAHAWAR VAISHYA SANDESH (RAJHIN/2022/82236)
38279,MAHAZ MALEGAON,MAHURD/2009/29418,05-11-2009,Urdu,Weekly,MUSHTAQUE AHMED KAMALUDDIN,MUSHTAQUE AHMED KAMALUDDIN,Maharashtra,Nashik,View  registration details for MAHAZ MALEGAON (MAHURD/2009/29418)
38280,MAHAZ TIMES,MAHBIL/2013/49178,12-04-2013,"Hindi, Urdu",Weekly,SHAIKH MUNAF ABDUL MAJID,SHAIKH MUNAF ABDUL MAJID,Maharashtra,Pune,View  registration details for MAHAZ TIMES (MAHBIL/2013/49178)
38281,MAHAZ-E-HIND,UPURD/2012/49554,09-05-2013,Urdu,Daily,MOHD BILAL SHEKH,MOHD BILAL SHEKH,Uttar Pradesh,Lucknow,View  registration details for MAHAZ-E-HIND (UPURD/2012/49554)
38282,MAHBOOB E HIND,DELHIN/2003/11510,24-12-2003,Hindi,Monthly,NASIRUDDIN GAURI,NASIRUDDIN GAURI,Delhi,New Delhi,View  registration details for MAHBOOB E HIND (DELHIN/2003/11510)
38283,MAHBOOB E WATAN,UPURD/2016/67165,03-06-2016,Urdu,Daily,SADIA BUSHRA,SADIA BUSHRA,Uttar Pradesh,Lucknow,View  registration details for MAHBOOB E WATAN (UPURD/2016/67165)
38284,MAHE-TAIBA,54591,28-05-1992,Hindi,Monthly,MOHAMMED FAYYAZ AHMED,MOHAMMED FAYYAZ AHMED,Rajasthan,Jodhpur,View  registration details for MAHE-TAIBA (54591)
38285,MAHEDVIAS NEWS,GUJGUJ/2018/77845,21-08-2019,Gujarati,Monthly,SAMIULLA RUHULLAMIYAN SAIYAD,SAMIULLA RUHULLAMIYAN SAIYAD,Gujarat,Banaskantha,View  registration details for MAHEDVIAS NEWS (GUJGUJ/2018/77845)
38286,MAHEKA SANSAR,RAJHIN/2012/46411,14-11-2012,Hindi,Daily,IMTIYAZ AHMED,IMTIYAZ AHMED,Rajasthan,Jodhpur,View  registration details for MAHEKA SANSAR (RAJHIN/2012/46411)
38287,MAHEKIYA GYAN SANGBAD,ASSASS/2019/90243,02-12-2024,ASSAMESE,Monthly,YAHYA AHMED BARBHUYAN,YAHYA AHMED BARBHUYAN,Assam,Hojai,View  registration details for MAHEKIYA GYAN SANGBAD (ASSASS/2019/90243)
38288,MAHENDR SANDESH,MPHIN/26/A3036,30-04-2026,Hindi,Monthly,pushpa bai,pushpa bai,Madhya Pradesh,Bhopal,View  registration details for MAHENDR SANDESH (MPHIN/26/A3036)
38289,MAHENDR SANDESH,MPHIN/2022/86766,04-04-2024,Hindi,Fortnightly,PUSHPA BAI,PUSHPA BAI,Madhya Pradesh,Bhopal,View  registration details for MAHENDR SANDESH (MPHIN/2022/86766)
38290,MAHER,9280,02-09-2013,Marathi,Monthly,ANAND LAKSHMAN AGASHE,MEDIA NEXT INFOPROCESSORS PVT. LTD.,Maharashtra,Pune,View  registration details for MAHER (9280)
38291,MAHER AKTA,GUJGUJ/2007/23727,02-05-2008,Gujarati,Fortnightly,RAMBHAI BHIKHABHAI KADCHHA,RAMBHAI BHIKHABHAI KADCHHA,Gujarat,Junagadh,View  registration details for MAHER AKTA (GUJGUJ/2007/23727)
38292,MAHER TIMES,MAHMAR/2016/72743,,Marathi,Monthly,ISHWAR DAYARAM MORE,JAWAN FOUNDATION,Maharashtra,Jalgaon,View  registration details for MAHER TIMES (MAHMAR/2016/72743)
38293,MAHESH DARSHAN,MHMAR/25/A2613,17-09-2025,Marathi,Weekly,MAHESH SUDHAKAR KULKARNI,MAHESH SUDHAKAR KULKARNI,Maharashtra,Pune,View  registration details for MAHESH DARSHAN (MHMAR/25/A2613)
38294,MAHESH JYOTI,46457,15-10-1987,Hindi,Fortnightly,DHANROOP LAHOTI,DHANROOP LAHOTI,Rajasthan,Nagaur,View  registration details for MAHESH JYOTI (46457)
38295,MAHESH MANTRA,MAHHIN/2010/41560,12-04-2012,Hindi,Monthly,NANDLAL GOPIKISHAN RATHI,NAND LAL G RATHI,Maharashtra,Jalna,View  registration details for MAHESH MANTRA (MAHHIN/2010/41560)
38296,MAHESH PRABHAT,MPHIN/2014/59434,07-01-2015,Hindi,Monthly,PRATIKSHA MAHESHWARI,PRATIKSHA MAHESHWARI,Madhya Pradesh,Indore,View  registration details for MAHESH PRABHAT (MPHIN/2014/59434)
38297,MAHESHAR,44825,13-02-1986,Urdu,Daily,MOHIUDDIN FAROOQUI,MOHIUDDIN FAROOQUI,Telangana,Hyderabad,View  registration details for MAHESHAR (44825)
38298,MAHESHWARI,49951,05-08-1991,Hindi,Fortnightly,BHAGWAN DAS BISANI,ALL INDIA MAHESHWARI MAHASABHA,Chhattisgarh,Raipur,View  registration details for MAHESHWARI (49951)
38299,MAHESHWARI ANUKRAM,UPHIN/2008/24055,16-05-2008,Hindi,Fortnightly,MUKESH MAHESHWARI,MUKESH MAHESHWARI,Uttar Pradesh,Amroha,View  registration details for MAHESHWARI ANUKRAM (UPHIN/2008/24055)
38300,MAHESHWARI PARICHAY SANDESH,MPHIN/2007/20403,18-07-2007,Hindi,Monthly,RAMBALLABH GUPTA,SRI MAHESHWARI VIVAH SEWA PRAKOSTH SEWA TRUST,Madhya Pradesh,Indore,View  registration details for MAHESHWARI PARICHAY SANDESH (MPHIN/2007/20403)
38301,MAHESHWARI SANSKAR,MPHIN/2004/14250,31-03-2005,Hindi,Fortnightly,ASHOK KUMAR SARADA,ASHOK KUMAR SARADA,Madhya Pradesh,Indore,View  registration details for MAHESHWARI SANSKAR (MPHIN/2004/14250)
38302,MAHESHWARI SEWAK,3971,18-02-1956,HINDI,Monthly,SUJIT BIHANI,SUJIT BIHANI,Rajasthan,Bikaner,View  registration details for MAHESHWARI SEWAK (3971)
38303,MAHESHWARI SHAKTI,RAJHIN/2009/28885,10-09-2009,Hindi,Monthly,HARISH CHANDAK,HARISH CHANDAK,Rajasthan,Barmer,View  registration details for MAHESHWARI SHAKTI (RAJHIN/2009/28885)
38304,MAHESHWARI WARTA,MAHHIN/2016/68349,17-08-2016,Hindi,Monthly,SMITA DINESH BHUTADA,SMITA DINESH BHUTADA,Maharashtra,Parbhani,View  registration details for MAHESHWARI WARTA (MAHHIN/2016/68349)
38305,MAHI KI GUNJ,MPHIN/2018/76422,16-11-2018,Hindi,Weekly,ALKA BHATEWARA,ALKA BHATEWARA,Madhya Pradesh,Jhabua,View  registration details for MAHI KI GUNJ (MPHIN/2018/76422)
38306,Mahi Network,MHHIN/25/A0659,29-05-2025,Hindi,Fortnightly,Rakhi Ravikant Pandey,Rakhi Ravikant Pandey,Maharashtra,Mumbai,View  registration details for Mahi Network (MHHIN/25/A0659)
38307,MAHI NEWS,APTEL/26/A3560,13-05-2026,Telugu,Daily,Neeli Ramasubbaiah,Neeli Ramasubbaiah,Andhra Pradesh,Kurnool,View  registration details for MAHI NEWS (APTEL/26/A3560)
38308,MAHI NEWS,APTEL/25/A0108,11-04-2025,Telugu,Daily,Neeli Rama Subbaiah,Neeli Rama Subbaiah,Andhra Pradesh,Y.S.R.,View  registration details for MAHI NEWS (APTEL/25/A0108)
38309,MAHI NEWS,APTEL/26/A5325,19-06-2026,Telugu,Daily,Neeli Rama Subbaiah,Neeli Rama Subbaiah,Andhra Pradesh,Chittoor,View  registration details for MAHI NEWS (APTEL/26/A5325)
38310,MAHI PRAVAH,RAJHIN/2000/03994,05-12-2012,Hindi,Weekly,RAMESH CHANDRA PANDYA,RAMESH CHANDRA PANDY,Rajasthan,Dungarpur,View  registration details for MAHI PRAVAH (RAJHIN/2000/03994)
38311,MAHI SANDESH,RAJHIN/2018/75539,15-06-2018,Hindi,Monthly,ROHIT KRISHNA NANDAN,ROHIT KRISHNA NANDAN,Rajasthan,Jaipur,View  registration details for MAHI SANDESH (RAJHIN/2018/75539)
38312,mahikavatichi lokwani,MHMAR/25/A3442,27-10-2025,Marathi,Monthly,Yogesh Prabhakar Champanerkar,Yogesh Prabhakar Champanerkar,Maharashtra,Palghar,View  registration details for mahikavatichi lokwani (MHMAR/25/A3442)
38313,MAHILA,9183,20-07-2012,Gujarati,Weekly,GOSHASP PHIROZ LIMKI,GOSHASP PHIROZ LIMKI,Maharashtra,Mumbai,View  registration details for MAHILA (9183)
38314,MAHILA SANVAD,MHMAR/25/A1224,12-06-2025,Marathi,Daily,Jyoti Madhukar Adekar,Jyoti Madhukar Adekar,Maharashtra,Pune,View  registration details for MAHILA SANVAD (MHMAR/25/A1224)
38315,MAHILA SANVAD,MAHMAR/2022/86430,12-02-2024,Marathi,Weekly,JYOTI MADHUKAR ADEKAR,JYOTI MADHUKAR ADEKAR,Maharashtra,Jalna,View  registration details for MAHILA SANVAD (MAHMAR/2022/86430)
38316,MAHILA ABHIMAT,MPHIN/2018/76201,11-10-2018,Hindi,Monthly,HEMLATA KHICHI,HEMLATA KHICHI,Madhya Pradesh,Bhopal,View  registration details for MAHILA ABHIMAT (MPHIN/2018/76201)
38317,MAHILA ADHIKAR,58556,06-07-1994,Hindi,Weekly,AKASH CHAUDHARY,AKASH CHAUDHARY,Uttar Pradesh,Meerut,View  registration details for MAHILA ADHIKAR (58556)
38318,MAHILA ADHIKAR,GUJGUJ/2013/53287,05-12-2013,Gujarati,Weekly,PARMAR VIJAYBHAI BAKULBHAI,PARMAR VIJAYBHAI BAKULBHAI,Gujarat,Surendranagar,View  registration details for MAHILA ADHIKAR (GUJGUJ/2013/53287)
38319,MAHILA ADHIKAR ABHIYAAN,DELHIN/2010/34563,02-09-2013,Hindi,Monthly,KULINA KUMARI,KULINA KUMARI,Delhi,New Delhi,View  registration details for MAHILA ADHIKAR ABHIYAAN (DELHIN/2010/34563)
38320,MAHILA ATYACHAR,GUJGUJ/2016/74915,23-02-2018,Gujarati,Weekly,SANGITA K. RATHOD,SANGITA.K.RATHOD,Gujarat,Gandhinagar,View  registration details for MAHILA ATYACHAR (GUJGUJ/2016/74915)
38321,MAHILA AYOG,71722,25-09-1999,Hindi,Fortnightly,SAVITRI SHARMA,SAVITRI SHARMA,Rajasthan,Hanumangarh,View  registration details for MAHILA AYOG (71722)
38322,MAHILA BAL VIKAS,MPHIN/2015/64310,15-10-2015,Hindi,Monthly,AARTI SHRIVASTAVA,AARTI SHRIVASTAVA,Madhya Pradesh,Gwalior,View  registration details for MAHILA BAL VIKAS (MPHIN/2015/64310)
38323,MAHILA BANDHAB,5233,27-04-1954,Bengali,Monthly,NARENDRA NATH ROY,METHODIST CHURCH OF SOUTH ASIA,West Bengal,Kolkata,View  registration details for MAHILA BANDHAB (5233)
38324,MAHILA BANDHU,MPHIN/26/A3219,07-05-2026,Hindi,Quarterly,Madhu Pal,Madhu Pal,Madhya Pradesh,Datia,View  registration details for MAHILA BANDHU (MPHIN/26/A3219)
38325,MAHILA BANDHU,MPHIN/26/A0301,13-01-2026,Hindi,Quarterly,Madhu Pal,Madhu Pal,Madhya Pradesh,Harda,View  registration details for MAHILA BANDHU (MPHIN/26/A0301)
38326,MAHILA BANDHU,MPHIN/26/A5603,30-06-2026,Hindi,Daily,Madhu Pal,Madhu Pal,Madhya Pradesh,Datia,View  registration details for MAHILA BANDHU (MPHIN/26/A5603)
38327,MAHILA BANDHU,MPHIN/2018/76864,20-02-2019,Hindi,Monthly,MADHU PAL,MADHU PAL,Madhya Pradesh,Bhopal,View  registration details for MAHILA BANDHU (MPHIN/2018/76864)
38328,MAHILA BANDHU,MPHIN/26/A0299,13-01-2026,Hindi,Quarterly,Madhu Pal,Madhu Pal,Madhya Pradesh,Sagar,View  registration details for MAHILA BANDHU (MPHIN/26/A0299)
38329,MAHILA BANDHU,MPHIN/26/A5322,19-06-2026,Hindi,Quarterly,Madhu Pal,Madhu Pal,Madhya Pradesh,Gwalior,View  registration details for MAHILA BANDHU (MPHIN/26/A5322)
38330,MAHILA BANDHU,MPHIN/26/A5321,19-06-2026,Hindi,Quarterly,Madhu Pal,Madhu Pal,Madhya Pradesh,Tikamgarh,View  registration details for MAHILA BANDHU (MPHIN/26/A5321)
38331,MAHILA BANDHU,MPHIN/26/A2631,16-04-2026,Hindi,Quarterly,Madhu Pal,Madhu Pal,Madhya Pradesh,Vidisha,View  registration details for MAHILA BANDHU (MPHIN/26/A2631)
38332,MAHILA CHAKRAVYUH,GJGUJ/24/A0007,19-11-2024,Gujarati,Weekly,Patel Sharmila Vijaykumar,Patel Sharmila Vijaykumar,Gujarat,Ahmedabad,View  registration details for MAHILA CHAKRAVYUH (GJGUJ/24/A0007)
38333,MAHILA CHANDRIKA,KERMAL/2012/46715,05-06-2013,Malayalam,Monthly,P.K.K. BAVA,MUSLIM PRINTING AND PUBLISHING CO. LTD.,Kerala,Kozhikode,View  registration details for MAHILA CHANDRIKA (KERMAL/2012/46715)
38334,MAHILA CHETNA,MAHMAR/2011/45827,19-10-2012,Marathi,Weekly,SUREKHA CHANDRAVARDHAN PATIL,SUREKHA CHANDRAVARDHAN PATIL,Maharashtra,Dhule,View  registration details for MAHILA CHETNA (MAHMAR/2011/45827)
38335,MAHILA CHETNA,CHHHIN/2013/55128,01-04-2014,Hindi,Monthly,PRIYANKA KHARE,PRIYANKA KHARE,Chhattisgarh,Raipur,View  registration details for MAHILA CHETNA (CHHHIN/2013/55128)
38336,MAHILA CHOUPAL,MPHIN/2016/68540,05-09-2016,Hindi,Monthly,MOHD ZUBER SHAREEF,MOHD ZUBER SHAREEF,Madhya Pradesh,Bhopal,View  registration details for MAHILA CHOUPAL (MPHIN/2016/68540)
38337,MAHILA CITIZEN,MPHIN/2017/75347,29-05-2018,Hindi,Monthly,DINESH KUSHWAH,DINESH KUSHWAH,Madhya Pradesh,Indore,View  registration details for MAHILA CITIZEN (MPHIN/2017/75347)
38338,MAHILA CRIME RAKSHAK,UPHIN/2007/21743,06-11-2007,Hindi,Weekly,AMAN DIXIT,AMAN DIXIT,Uttar Pradesh,Lucknow,View  registration details for MAHILA CRIME RAKSHAK (UPHIN/2007/21743)
38339,MAHILA DEEPAM,APTEL/2011/40380,12-01-2012,Telugu,Monthly,AMMINENI NIRANJAN,AMMINENI NIRANJAN,Andhra Pradesh,Chittoor,View  registration details for MAHILA DEEPAM (APTEL/2011/40380)
38340,MAHILA DHWANI,KARKAN/2008/26581,23-12-2008,Kannada,Fortnightly,M.H. SHIVAYOGISHWARA SWAMY,M.H. SHIVAYOGISHWARA SWAMY,Karnataka,Davanagere,View  registration details for MAHILA DHWANI (KARKAN/2008/26581)
38341,MAHILA EKJOOT,69952,15-02-1999,Marathi,Daily,SOW. KAMAL VENKETRAO SAGAR,"SOW.KAMAL SAGAR,SAGA",Maharashtra,Latur,View  registration details for MAHILA EKJOOT (69952)
38342,MAHILA EKTA,MAHMAR/2017/70935,12-04-2017,Marathi,Monthly,RUCHITA RAMAN MALBARI,RUCHITA RAMAN MALBARI,Maharashtra,Raigad,View  registration details for MAHILA EKTA (MAHMAR/2017/70935)
38343,MAHILA GARJANE,KARKAN/2014/63989,01-09-2015,Kannada,Monthly,RADHA K. VAIDYA,RADHA K. VAIDYA,Karnataka,Bengaluru,View  registration details for MAHILA GARJANE (KARKAN/2014/63989)
38344,Mahila Gaurav,GJGUJ/25/A1485,01-07-2025,Gujarati,Weekly,THAKOR ANKITA VIKRAMKUMAR,THAKOR ANKITA VIKRAMKUMAR,Gujarat,Ahmedabad,View  registration details for Mahila Gaurav (GJGUJ/25/A1485)
38345,MAHILA GHOSHNA,DELHIN/2001/04334,14-07-2001,Hindi,Quarterly,PRITAM KUMARI JATAV,PRITAM KUMARI JATAV,Delhi,New Delhi,View  registration details for MAHILA GHOSHNA (DELHIN/2001/04334)
38346,MAHILA GHOSNA,GUJGUJ/2000/02113,29-09-2000,Gujarati,Monthly,DESAI YAMINIBEN MOGHJIBHAI,BHAGINI SAMAJ PATAN,Gujarat,Patan,View  registration details for MAHILA GHOSNA (GUJGUJ/2000/02113)
38347,MAHILA GONTUKA MATRUKA,TELTEL/2014/59091,22-12-2014,Telugu,Monthly,CHOPPARA PADMA,CHOPPARA PADMA,Telangana,Hyderabad,View  registration details for MAHILA GONTUKA MATRUKA (TELTEL/2014/59091)
38348,mahila hakk prahari,MHMAR/26/A4752,05-06-2026,Marathi,Weekly,Vandana Amol Shinde,Vandana Amol Shinde,Maharashtra,Hingoli,View  registration details for mahila hakk prahari (MHMAR/26/A4752)
38349,MAHILA HERALD,54196,30-04-1992,Hindi,Weekly,R. K. PRAJAPATI,SHARDA LADUNA,Madhya Pradesh,Ujjain,View  registration details for MAHILA HERALD (54196)
38350,MAHILA JAGAR,MAHMAR/2013/52965,06-11-2013,Marathi,Weekly,ARCHANA VINODRAO INGALE,SAU ARCHANA VINODRAO INGALE,Maharashtra,Amravati,View  registration details for MAHILA JAGAR (MAHMAR/2013/52965)
38351,MAHILA JAGATTU,KARKAN/2021/90388,27-12-2024,KANNADA,Weekly,HINAKOUSAR MOHAMMADSAB NADAF,HINAKOUSAR MOHAMMADSAB NADAF,Karnataka,Bagalkot,View  registration details for MAHILA JAGATTU (KARKAN/2021/90388)
38352,MAHILA JAGRUTI HAKKU,KARKAN/2019/77553,17-06-2019,Kannada,Monthly,VASANTHA G.,VASANTHA.G,Karnataka,Kolar,View  registration details for MAHILA JAGRUTI HAKKU (KARKAN/2019/77553)
38353,MAHILA JAGRUTI NEWS,55004,02-06-2011,Gujarati,Weekly,PRATEEK JAGDISHCHANDRA PATEL,PRATEEK JAGDISHCHANDRA PATEL,Gujarat,Ahmedabad,View  registration details for MAHILA JAGRUTI NEWS (55004)
38354,MAHILA JANMANCH,MPHIN/2011/44627,13-08-2012,Hindi,Monthly,SEEMA GUPTA,SEEMA GUPTA,Madhya Pradesh,Sagar,View  registration details for MAHILA JANMANCH (MPHIN/2011/44627)
38355,MAHILA JYOT,GUJGUJ/2016/69603,09-12-2016,Gujarati,Weekly,MAHEBUBSHA D. DIVAN,MAHEBUBSHA D.DIVAN,Gujarat,Surendranagar,View  registration details for MAHILA JYOT (GUJGUJ/2016/69603)
38356,MAHILA KA SAMMAN,MPHIN/2023/87180,06-05-2024,Hindi,Monthly,SHEELU YADAV,SHEELU YADAV,Madhya Pradesh,Bhopal,View  registration details for MAHILA KA SAMMAN (MPHIN/2023/87180)
38357,MAHILA KEERTI,APTEL/2018/76600,21-12-2018,Telugu,Monthly,DASARI DHATHRI,SRI SAI SPOORTHI PUBLICATIONS PRIVATE LIMITED,Andhra Pradesh,Krishna,View  registration details for MAHILA KEERTI (APTEL/2018/76600)
38358,MAHILA KI AAZADI,MPHIN/2016/68000,29-07-2016,Hindi,Monthly,PRASHAN KUMAR DURVAR,PRASHAN KUMAR DURVAR,Madhya Pradesh,Bhopal,View  registration details for MAHILA KI AAZADI (MPHIN/2016/68000)
38359,MAHILA KI AWAZ,GUJGUJ/2011/42836,12-06-2012,Gujarati,Weekly,SHARDABEN JAGDISHBHAI CHAUHAN,SHARDABEN JAGDISHBHAI CHAUHAN,Gujarat,Surendranagar,View  registration details for MAHILA KI AWAZ (GUJGUJ/2011/42836)
38360,MAHILA KI POOKAR,MAHMAR/2020/79334,29-01-2021,Marathi,Weekly,SUMITRA GAYAKWAD,SUMITRA GAYAKWAD,Maharashtra,Amravati,View  registration details for MAHILA KI POOKAR (MAHMAR/2020/79334)
38361,MAHILA KI PUKAR,MPHIN/2018/76150,03-10-2018,Hindi,Monthly,LAXMI PRAJAPATI,LAXMI PRAJAPATI,Madhya Pradesh,Bhopal,View  registration details for MAHILA KI PUKAR (MPHIN/2018/76150)
38362,MAHILA KI RASHTRIYA MEIN BHOOMIKA,MPHIN/2010/32391,20-05-2010,Hindi,Monthly,MAYA JHAJIYA,MAYA JHAJIYA,Madhya Pradesh,Indore,View  registration details for MAHILA KI RASHTRIYA MEIN BHOOMIKA (MPHIN/2010/32391)
38363,MAHILA KOOGU,KARKAN/2018/75849,07-08-2018,KANNADA,Daily,Shashikala T R,Shashikala T R,Karnataka,Davanagere,View  registration details for MAHILA KOOGU (KARKAN/2018/75849)
38364,MAHILA KRANTHI,APTEL/2014/59562,13-01-2015,Telugu,Monthly,T. SUBRAMANYAM REDDY,T. SUBRAMANYAM REDDY,Andhra Pradesh,Chittoor,View  registration details for MAHILA KRANTHI (APTEL/2014/59562)
38365,MAHILA KRANTI,MPHIN/2009/31163,02-03-2010,Hindi,Monthly,TAJWAR JAHAN,TAJWAR JAHAN,Madhya Pradesh,Bhopal,View  registration details for MAHILA KRANTI (MPHIN/2009/31163)
38366,MAHILA KRANTI,67016,11-06-1997,Gujarati,Weekly,SMT MEENA HARISH GHAI CHAG,MEENA HARISH CHAG,Gujarat,Junagadh,View  registration details for MAHILA KRANTI (67016)
38367,MAHILA LALKAR,GUJGUJ/2015/62717,19-06-2015,Gujarati,Weekly,SHARADA J. CHAUHAN,SHARADA J. CHAUHAN,Gujarat,Surendranagar,View  registration details for MAHILA LALKAR (GUJGUJ/2015/62717)
38368,MAHILA LEKHANI,KARKAN/2023/88444,27-08-2024,KANNADA,Monthly,SAVITHA S,SAVITHA S,Karnataka,Mysore,View  registration details for MAHILA LEKHANI (KARKAN/2023/88444)
38369,MAHILA LOKA,KARKAN/2006/18240,17-01-2007,Kannada,Monthly,SAVITRI MUJUMDAR,SAVITRI MUJUMDAR,Karnataka,Koppal,View  registration details for MAHILA LOKA (KARKAN/2006/18240)
38370,MAHILA MANCH,MHMAR/25/A3239,15-10-2025,Marathi,Weekly,SANJAY RAGHUNATH SAPKALE,SANJAY RAGHUNATH SAPKALE,Maharashtra,Pune,View  registration details for MAHILA MANCH (MHMAR/25/A3239)
38371,MAHILA MARGADARSHI,APTEL/2013/52472,08-10-2013,Telugu,Weekly,CHALLA GANAPATI RAO,CHALLA GANAPATI RAO,Andhra Pradesh,Srikakulam,View  registration details for MAHILA MARGADARSHI (APTEL/2013/52472)
38372,MAHILA MITRA,CHHHIN/2007/18869,23-03-2007,Hindi,Fortnightly,SUBODH PANDE,SUBODH PANDE,Chhattisgarh,Raipur,View  registration details for MAHILA MITRA (CHHHIN/2007/18869)
38373,MAHILA MORCHA TIMES,UPHIN/2010/34015,20-10-2010,Hindi,Weekly,NEELAM VERMA,NEELAM VERMA,Uttar Pradesh,Lucknow,View  registration details for MAHILA MORCHA TIMES (UPHIN/2010/34015)
38374,MAHILA MUNNUDI,KARKAN/2012/48007,13-02-2013,Kannada,Monthly,KAMALASHI .D.M.,KAMALASHI .D.M.,Karnataka,Bengaluru,View  registration details for MAHILA MUNNUDI (KARKAN/2012/48007)
38375,MAHILA NAVODAYAM,APTEL/2014/65346,23-12-2015,Telugu,Monthly,K SULOCHANA,K. SULOCHANA,Andhra Pradesh,Chittoor,View  registration details for MAHILA NAVODAYAM (APTEL/2014/65346)
38376,MAHILA NYAY EXPRESS,MPHIN/2016/69656,16-12-2016,Hindi,Monthly,TASLEEM,TASLEEM,Madhya Pradesh,Bhopal,View  registration details for MAHILA NYAY EXPRESS (MPHIN/2016/69656)
38377,MAHILA PAKSH,MPHIN/2003/12654,07-06-2004,Hindi,Weekly,RUPESH SRIVASTAVA,RUPESH SRIVASTAVA,Madhya Pradesh,Gwalior,View  registration details for MAHILA PAKSH (MPHIN/2003/12654)
38378,MAHILA PALANA,APTEL/2015/61723,01-05-2015,Telugu,Monthly,P.RAJESAWARI,P.RAJESAWARI,Andhra Pradesh,Chittoor,View  registration details for MAHILA PALANA (APTEL/2015/61723)
38379,MAHILA PARIVARTAN,MAHMAR/2009/28393,17-07-2009,Marathi,Daily,DAGA RAJESH RAMNARAYAN,DAGA RAJESH RAMNARAYAN,Maharashtra,Parbhani,View  registration details for MAHILA PARIVARTAN (MAHMAR/2009/28393)
38380,MAHILA PATHAK,MAHMAR/2014/58023,30-10-2014,Marathi,Fortnightly,KUMODINI SANDEEP DHAKAD,KUMODINI SANDEEP DHAKAD,Maharashtra,Dhule,View  registration details for MAHILA PATHAK (MAHMAR/2014/58023)
38381,MAHILA PATRAKAR SANGH,CHHHIN/2009/34689,13-12-2010,Hindi,Monthly,KUSUM SHARMA,KUSUM SHARMA,Chhattisgarh,Raipur,View  registration details for MAHILA PATRAKAR SANGH (CHHHIN/2009/34689)
38382,MAHILA PATRIKARA NABADIGANTA SOBHANA,ODIODI/2011/49813,22-05-2013,Oriya,Monthly,BIDHU BHUSAN PATTANAIK,BIDHU BHUSAN PATTANAIK,Odisha,Khordha,View  registration details for MAHILA PATRIKARA NABADIGANTA SOBHANA (ODIODI/2011/49813)
38383,MAHILA PRABHA,APBIL/2003/12488,21-05-2004,"English, Telugu",Monthly,KUNUMURI SARVA RAO,KUNUMURI SARVA RAO,Andhra Pradesh,N T R,View  registration details for MAHILA PRABHA (APBIL/2003/12488)
38384,MAHILA PRADHAN,MAHHIN/2015/60644,05-03-2015,Hindi,Weekly,ANITA NARESH BHAGWANE,ANITA NARESH BHAGWANE,Maharashtra,Thane,View  registration details for MAHILA PRADHAN (MAHHIN/2015/60644)
38385,MAHILA PRADHANA,KARKAN/2016/66716,25-04-2016,Kannada,Monthly,C.V. LAKSHMIDEVAMMA,C.V. LAKSHMIDEVAMMA,Karnataka,Bengaluru Rural,View  registration details for MAHILA PRADHANA (KARKAN/2016/66716)
38386,MAHILA PRAGATI,APTEL/2011/39293,14-10-2011,Telugu,Monthly,SURU CHANDRA SEKHARARAO,SURU CHANDRA SEKHARARAO,Andhra Pradesh,Srikakulam,View  registration details for MAHILA PRAGATI (APTEL/2011/39293)
38387,MAHILA PRAGATI TIMES,MAHMAR/2013/51252,02-08-2013,Marathi,Weekly,RANJANA ASHOK PATIL,RANJANA ASHOK PATIL,Maharashtra,Thane,View  registration details for MAHILA PRAGATI TIMES (MAHMAR/2013/51252)
38388,MAHILA PRASTHANAM,TELTEL/2016/67572,24-06-2016,Telugu,Monthly,VEMULA RAMADEVI,VEMULA RAMADEVI,Telangana,Nalgonda,View  registration details for MAHILA PRASTHANAM (TELTEL/2016/67572)
38389,MAHILA PRATISHTHA NEWS,GUJGUJ/2023/84795,05-06-2023,Gujarati,Fortnightly,HARSHA RAHUL KOSHTI,HARSHA RAHUL KOSHTI,Gujarat,Ahmedabad,View  registration details for MAHILA PRATISHTHA NEWS (GUJGUJ/2023/84795)
38390,MAHILA PRERNA,MAHMAR/2013/60940,26-03-2015,Marathi,Weekly,JYOTI SUDHIR SAHASTRABUDDHE,JYOTI SUDHIR SAHASTRABUDDHE,Maharashtra,Amravati,View  registration details for MAHILA PRERNA (MAHMAR/2013/60940)
38391,MAHILA PUBLIC VOICE,APTEL/2024/87992,26-09-2024,TELUGU,Monthly,VELAGA NAGALAXMI,VELAGA NAGALAXMI,Andhra Pradesh,Vizianagaram,View  registration details for MAHILA PUBLIC VOICE (APTEL/2024/87992)
38392,MAHILA RAKSHAK,MHBIL/25/A3602,30-10-2025,"Marathi, Hindi",Weekly,Satish Vitthalrao Pawar,Satish Vitthalrao Pawar,Maharashtra,Akola,View  registration details for MAHILA RAKSHAK (MHBIL/25/A3602)
38393,MAHILA RAKSHAKA,KARKAN/2017/71859,19-05-2017,Kannada,Monthly,HENRITA,HENRITA,Karnataka,Bengaluru,View  registration details for MAHILA RAKSHAKA (KARKAN/2017/71859)
38394,MAHILA RATHNA,KARKAN/2008/27817,21-05-2009,Kannada,Monthly,MAMATHA JAYADEV N,N. MAMATHA JAYADEV,Karnataka,Bengaluru,View  registration details for MAHILA RATHNA (KARKAN/2008/27817)
38395,MAHILA SAATHI,UPHIN/2012/47441,11-01-2013,Hindi,Weekly,RAZIA KHATOON,RAZIA KHATOON,Uttar Pradesh,Lucknow,View  registration details for MAHILA SAATHI (UPHIN/2012/47441)
38396,MAHILA SADHIKARATHA,TELTEL/2003/16365,30-03-2006,Telugu,Monthly,T.CHANDRA SEKHAR REDDY,T.CHANDRA SEKHAR REDDY,Telangana,Hyderabad,View  registration details for MAHILA SADHIKARATHA (TELTEL/2003/16365)
38397,MAHILA SAHELI,UTTENG/2009/30701,02-02-2010,English,Weekly,RITU THAKUR,RITU THAKUR,Uttarakhand,Dehradun,View  registration details for MAHILA SAHELI (UTTENG/2009/30701)
38398,MAHILA SAHELI,UTTHIN/2006/19816,22-05-2007,HINDI,Weekly,REETU THAKUR,REETU THAKUR,Uttarakhand,Dehradun,View  registration details for MAHILA SAHELI (UTTHIN/2006/19816)
38399,MAHILA SAMADHAN,67649,02-03-1998,Hindi,Monthly,SMT NEELAM,SMT.NEELAM,Delhi,New Delhi,View  registration details for MAHILA SAMADHAN (67649)
38400,MAHILA SAMAJ DARPAN,62351,06-12-2013,Gujarati,Fortnightly,KAMALABEN HIRALAL BETWAL,KAMLABEN HIRALAL BETWAL,Gujarat,Ahmedabad,View  registration details for MAHILA SAMAJ DARPAN (62351)
38401,MAHILA SAMRIDDHI,MPHIN/2013/54210,23-01-2014,Hindi,Monthly,SMT. MEENA KANOJIYA,MEENA KANOJIYA,Madhya Pradesh,Bhopal,View  registration details for MAHILA SAMRIDDHI (MPHIN/2013/54210)
38402,MAHILA SANDESH,MAHMAR/2013/56576,16-08-2014,Marathi,Weekly,NILEEMA TRIMBAK KAREGAONKAR,NILEEMA TRIMBAK KAREGAONKAR,Maharashtra,Amravati,View  registration details for MAHILA SANDESH (MAHMAR/2013/56576)
38403,MAHILA SANRAKSHAN,MPHIN/2016/66939,20-05-2016,Hindi,Weekly,POOJA MAHESH,POOJA MAHESH,Madhya Pradesh,Bhopal,View  registration details for MAHILA SANRAKSHAN (MPHIN/2016/66939)
38404,MAHILA SETU SAMACHAR,GUJGUJ/2019/79742,25-05-2021,Gujarati,Fortnightly,UMABA RAJENDRASINH RATHOD,UMABA RAJENDRASINH RATHOD,Gujarat,Ahmedabad,View  registration details for MAHILA SETU SAMACHAR (GUJGUJ/2019/79742)
38405,MAHILA SHAKTI PRESS,MAHMAR/2021/84108,02-05-2023,Marathi,Monthly,SURESH DADASAHEB KSHIRSAGAR,SURESH DADASAHEB KSHIRSAGAR,Maharashtra,Ahilyanagar,View  registration details for MAHILA SHAKTI PRESS (MAHMAR/2021/84108)
38406,MAHILA SHAKTI SAMACHAR,GUJGUJ/2017/73729,07-11-2017,Gujarati,Weekly,JAMNABEN SURESHBHAI VEGDA,JAMNABEN SURESHBHAI VEGDA,Gujarat,Ahmedabad,View  registration details for MAHILA SHAKTI SAMACHAR (GUJGUJ/2017/73729)
38407,MAHILA SHAKTIKARAN,MPHIN/2013/61803,06-05-2015,Hindi,Monthly,DEEPA DOORVAR,DEEPA DOORWAR,Madhya Pradesh,Bhopal,View  registration details for MAHILA SHAKTIKARAN (MPHIN/2013/61803)
38408,MAHILA SHAKTIKARAN,CHHHIN/2016/65629,13-01-2016,Hindi,Monthly,DEEPA DOORWAR,DEEPA DOORWAR,Chhattisgarh,Raipur,View  registration details for MAHILA SHAKTIKARAN (CHHHIN/2016/65629)
38409,MAHILA SHIKSHA,RAJHIN/2007/20488,23-07-2007,Hindi,Monthly,NARESH JAIN,NARESH JAIN,Rajasthan,Ganganagar,View  registration details for MAHILA SHIKSHA (RAJHIN/2007/20488)
38410,Mahila Sishu Darshini,APTEL/26/A3390,11-05-2026,Telugu,Monthly,Eali FMSS Rajakumari,Eali FMSS Rajakumari,Andhra Pradesh,East Godavari,View  registration details for Mahila Sishu Darshini (APTEL/26/A3390)
38411,MAHILA SUDDI,KARKAN/2012/46481,30-08-2013,Kannada,Fortnightly,B.N. KATHYAYINI,B.N.KATHYAYINI,Karnataka,Bengaluru,View  registration details for MAHILA SUDDI (KARKAN/2012/46481)
38412,MAHILA SUDHA JYOTI,MPHIN/26/A1055,13-02-2026,Hindi,Quarterly,Jyoti Sahu,Jyoti Sahu,Madhya Pradesh,Bhopal,View  registration details for MAHILA SUDHA JYOTI (MPHIN/26/A1055)
38413,MAHILA SURAKSHA,MAHMAR/2013/50442,24-06-2013,Marathi,Weekly,MINAKSHI KADU (PATIL),MINAKSHI KADU PATIL,Maharashtra,Amravati,View  registration details for MAHILA SURAKSHA (MAHMAR/2013/50442)
38414,MAHILA TIMES,KARKAN/2015/63489,31-07-2015,Kannada,Weekly,LAKSHAMI LOKARAM DHADAKE,LAKSHMI LOKARAM DHADAKE,Karnataka,Belgaum,View  registration details for MAHILA TIMES (KARKAN/2015/63489)
38415,MAHILA TODAY,43551,12-07-1986,Hindi,Fortnightly,MANJU LATA KHINCHI,Viswa Nath Khinchi,Rajasthan,Alwar,View  registration details for MAHILA TODAY (43551)
38416,MAHILA UJALA,MPHIN/2020/90235,28-11-2024,HINDI,Weekly,MADHU RAJPUT,MADHU RAJPUT,Madhya Pradesh,Gwalior,View  registration details for MAHILA UJALA (MPHIN/2020/90235)
38417,Mahila Utthan,MPHIN/26/A5910,23-07-2026,Hindi,Quarterly,Shipra Pahariya,Shipra Pahariya,Madhya Pradesh,Chhatarpur,View  registration details for Mahila Utthan (MPHIN/26/A5910)
38418,MAHILA VARTHA,KARKAN/2017/72950,11-08-2017,Kannada,Monthly,D.V. SUJATHA,D.V. SUJATHA,Karnataka,Bengaluru,View  registration details for MAHILA VARTHA (KARKAN/2017/72950)
38419,MAHILA VEEDHI,KERMAL/2016/75307,25-05-2018,Malayalam,Monthly,P.T. NIZAR,P.T. NIZAR,Kerala,Kozhikode,View  registration details for MAHILA VEEDHI (KERMAL/2016/75307)
38420,MAHILA VICHAR,GUJGUJ/2020/79023,03-11-2020,Gujarati,Four Monthly,PATEL PRIYANKA ROHIT,PATEL PRIYANKA ROHIT,Gujarat,Surat,View  registration details for MAHILA VICHAR (GUJGUJ/2020/79023)
38421,MAHILA VIDHI BHARTI,61909,10-10-1994,"English, HINDI",Quarterly,SANTOSH KHANNA,MRS. SANTOSH KHANNA,Delhi,New Delhi,View  registration details for MAHILA VIDHI BHARTI (61909)
38422,MAHILA VIJAYAM,APTEL/2009/31628,30-03-2010,Telugu,Monthly,V. KASIRATNAM,V.KASIRATNAM,Andhra Pradesh,Hyderabad,View  registration details for MAHILA VIJAYAM (APTEL/2009/31628)
38423,MAHILA VISHESHA,KARKAN/2015/71642,15-05-2017,Kannada,Monthly,H.V. VENKATASUBBARAO,VENKATASUBBARAO HV,Karnataka,Mysore,View  registration details for MAHILA VISHESHA (KARKAN/2015/71642)
38424,MAHILA VISHWA,MAHMAR/2015/66065,08-02-2016,Marathi,Fortnightly,CHHAYA MACHINDRA GHADGE,CHHAYA MACHHINDRA GHADGE,Maharashtra,Satara,View  registration details for MAHILA VISHWA (MAHMAR/2015/66065)
38425,MAHILA VISMAYA,KARKAN/2017/72293,20-06-2017,Kannada,Fortnightly,H.V VENKATASUBBARAO,VENKATASUBBARAO H.V.,Karnataka,Mysore,View  registration details for MAHILA VISMAYA (KARKAN/2017/72293)
38426,MAHILA VOICE,UPHIN/2001/05490,13-12-2001,Hindi,Weekly,MITHLESH SINGH,MITHLESH SINGH,Uttar Pradesh,Lucknow,View  registration details for MAHILA VOICE (UPHIN/2001/05490)
38427,MAHILA VOICE,KARKAN/2012/55738,26-05-2014,Kannada,Monthly,B.N. RANGASWAMAIAH,B.N. RANGASWAMAIAH,Karnataka,Tumkur,View  registration details for MAHILA VOICE (KARKAN/2012/55738)
38428,MAHILA WADAL,MAHMAR/2010/40759,13-02-2012,Marathi,Weekly,REKHA RAMA SARODE,REKHA RAMA SARODE,Maharashtra,Hingoli,View  registration details for MAHILA WADAL (MAHMAR/2010/40759)
38429,MAHILA YUG,MPHIN/2010/35447,27-01-2011,Hindi,Monthly,SHABANA KHAN,SHABANA KHAN,Madhya Pradesh,Bhopal,View  registration details for MAHILA YUG (MPHIN/2010/35447)
38430,MAHILALA KARADEEPIKA MATHRUKA,TELTEL/2015/67892,20-07-2016,Telugu,Monthly,KATTA RAMA DEVI,KATTA RAMA DEVI,Telangana,Hyderabad,View  registration details for MAHILALA KARADEEPIKA MATHRUKA (TELTEL/2015/67892)
38431,MAHILAON KI AWAZ,64148,12-09-1996,Hindi,Weekly,AMBRISH SAXENA,AMBRISH SAXENA,Madhya Pradesh,Bhopal,View  registration details for MAHILAON KI AWAZ (64148)
38432,MAHILARATNAM,36022,09-02-1994,Malayalam,Monthly,MADHU BALAKRISHNAN R,MADHU BALAKRISHNAN R,Kerala,Kollam,View  registration details for MAHILARATNAM (36022)
38433,MAHILAYON KE VICHAR,67514,01-01-1996,Hindi,Weekly,SMT. MAHAJABIN,SMT. MAHAJABIN,Madhya Pradesh,Bhopal,View  registration details for MAHILAYON KE VICHAR (67514)
38434,MAHILCHI,5504,03-05-1949,Tamil,Monthly,N SADHANANDHAM,N SADHANANDHAM,Tamil Nadu,Chennai,View  registration details for MAHILCHI (5504)
38435,MAHIMA,GUJGUJ/2007/25126,13-08-2008,Gujarati,Monthly,SWAMI DEVPRAKASHDASJI GURU NILKANTHCHARANDASJI,SWAMI DEV PRAKASHDASJI GURU NILKANTH CHARANDASJI,Gujarat,Surat,View  registration details for MAHIMA (GUJGUJ/2007/25126)
38436,MAHIMA,MAHMAR/2011/47598,23-01-2013,Marathi,Daily,VINOD NARAYAN PATRE,VINOD NARAYAN PATRE,Maharashtra,Yavatmal,View  registration details for MAHIMA (MAHMAR/2011/47598)
38437,MAHIMA ANKO KI,UPHIN/2015/71833,19-05-2017,Hindi,Quarterly,NIDHI SAXENA,NIDHI SAXENA,Uttar Pradesh,Lucknow,View  registration details for MAHIMA ANKO KI (UPHIN/2015/71833)
38438,MAHIMA DARPAN,UPHIN/2021/82766,18-11-2022,Hindi,Monthly,MAHIMA PANDEY,MAHIMA PANDEY,Uttar Pradesh,Lucknow,View  registration details for MAHIMA DARPAN (UPHIN/2021/82766)
38439,MAHIMA DARPAN,UPHIN/2022/84484,25-05-2023,Hindi,Daily,MAHIMA PANDEY,MAHIMA PANDEY,Uttar Pradesh,Lucknow,View  registration details for MAHIMA DARPAN (UPHIN/2022/84484)
38440,MAHIMA DARPAN,UPHIN/2022/84543,29-05-2023,Hindi,Weekly,MAHIMA PANDEY,MAHIMA PANDEY,Uttar Pradesh,Lucknow,View  registration details for MAHIMA DARPAN (UPHIN/2022/84543)
38441,MAHIMA EXPRESS,MPHIN/2013/49434,03-05-2013,Hindi,Weekly,ABHISHEK SHIVHARE,ABHISHEK SHIVHARE,Madhya Pradesh,Gwalior,View  registration details for MAHIMA EXPRESS (MPHIN/2013/49434)
38442,MAHIMA EXPRESS,MPHIN/2016/67862,18-07-2016,Hindi,Monthly,ABHISHEK SHIVHARE,ABHISHEK SHIVHARE,Madhya Pradesh,Gwalior,View  registration details for MAHIMA EXPRESS (MPHIN/2016/67862)
38443,MAHIMA KHADICHA,MAHMAR/2014/60387,20-02-2015,Marathi,Weekly,BIDKER GAJANAN GANGADHARRAO,BIDKER GAJANAN GANGADHARRAO,Maharashtra,Nanded,View  registration details for MAHIMA KHADICHA (MAHMAR/2014/60387)
38444,MAHIMA SABDAM,APTEL/2007/20130,18-06-2007,Telugu,Weekly,GOPU NAGESWARA RAO,GOPU NAGESWARARAO,Andhra Pradesh,East Godavari,View  registration details for MAHIMA SABDAM (APTEL/2007/20130)
38445,MAHIMA SAGAR,MPHIN/2019/77966,18-09-2019,Hindi,Monthly,MONA,MONA,Madhya Pradesh,Bhopal,View  registration details for MAHIMA SAGAR (MPHIN/2019/77966)
38446,MAHIMA SAGAR,MPHIN/26/A4382,29-05-2026,Hindi,Quarterly,mona,mona,Madhya Pradesh,Bhopal,View  registration details for MAHIMA SAGAR (MPHIN/26/A4382)
38447,MAHIMA SAMAACHAAR,MPHIN/26/A3177,06-05-2026,Hindi,Monthly,ajay kumar kewat,ajay kumar kewat,Madhya Pradesh,Shahdol,View  registration details for MAHIMA SAMAACHAAR (MPHIN/26/A3177)
38448,MAHIMA SARAS,UPHIN/2015/64889,20-11-2015,Hindi,Weekly,ATHANDRA NATH PANDEY,ATHANDRA NATH PANDEY,Uttar Pradesh,Hardoi,View  registration details for MAHIMA SARAS (UPHIN/2015/64889)
38449,MAHIMA VARTHE,KARKAN/2023/87915,18-07-2024,KANNADA,Monthly,D VASANTH ANIL KUMAR,D VASANTH ANIL KUMAR,Karnataka,Bengaluru Rural,View  registration details for MAHIMA VARTHE (KARKAN/2023/87915)
38450,MAHIR,DELURD/2013/50272,13-06-2013,Urdu,Weekly,NAWAB ALI,NAWAB ALI,Delhi,New Delhi,View  registration details for MAHIR (DELURD/2013/50272)
38451,MAHIR GUJARAT,GJGUJ/26/A2043,27-03-2026,Gujarati,Fortnightly,BAROT GAUTAM MAFATBHAI,BAROT GAUTAM MAFATBHAI,Gujarat,Vadodara,View  registration details for MAHIR GUJARAT (GJGUJ/26/A2043)
38452,MAHIR KALAM,GUJGUJ/2021/81627,07-07-2022,Gujarati,Weekly,SODHA APSANA MUSTAK,SODHA APSANA MUSTAK,Gujarat,Devbhumi Dwarka,View  registration details for MAHIR KALAM (GUJGUJ/2021/81627)
38453,MAHIRA TIMES,MPHIN/25/A4272,21-11-2025,Hindi,Quarterly,AHAD KHAN,AHAD KHAN,Madhya Pradesh,Tikamgarh,View  registration details for MAHIRA TIMES (MPHIN/25/A4272)
38454,MAHIRA TIMES,MPHIN/25/A4273,21-11-2025,Hindi,Quarterly,AHAD KHAN,AHAD KHAN,Madhya Pradesh,Sagar,View  registration details for MAHIRA TIMES (MPHIN/25/A4273)
38455,MAHIRA TIMES,MPHIN/26/A0207,02-01-2026,Hindi,Quarterly,AHAD KHAN,AHAD KHAN,Madhya Pradesh,Harda,View  registration details for MAHIRA TIMES (MPHIN/26/A0207)
38456,MAHIRA TIMES,MPHIN/2016/69337,16-11-2016,Hindi,Weekly,AHAD KHAN,AHAD KHAN,Madhya Pradesh,Bhopal,View  registration details for MAHIRA TIMES (MPHIN/2016/69337)
38457,MAHIRA TIMES,MPHIN/25/A4278,21-11-2025,Hindi,Quarterly,AHAD KHAN,AHAD KHAN,Madhya Pradesh,Datia,View  registration details for MAHIRA TIMES (MPHIN/25/A4278)
38458,MAHIRA TIMES,MPHIN/25/A5413,29-12-2025,Hindi,Quarterly,AHAD KHAN,AHAD KHAN,Madhya Pradesh,Gwalior,View  registration details for MAHIRA TIMES (MPHIN/25/A5413)
38459,MAHISAGAR BHASKAR,GUJGUJ/2018/76631,31-12-2018,Gujarati,Fortnightly,RATHOD BHARTIBEN AJITBHAI,RATHOD BHARTIBEN AJITBHAI,Gujarat,Vadodara,View  registration details for MAHISAGAR BHASKAR (GUJGUJ/2018/76631)
38460,MAHISAGAR BHASKAR,GUJGUJ/2016/69364,16-11-2016,Gujarati,Fortnightly,RATHOD BHARTIBEN AJITBHAI,RATHOD BHARTIBEN AJITBHAI,Gujarat,Panchmahal,View  registration details for MAHISAGAR BHASKAR (GUJGUJ/2016/69364)
38461,MAHISAGAR EXPRESS,GUJGUJ/2013/61463,22-04-2015,Gujarati,Weekly,PANDYA ASHVIN J.,PANDYA ASHVIN J.,Gujarat,Panchmahal,View  registration details for MAHISAGAR EXPRESS (GUJGUJ/2013/61463)
38462,MAHISAGAR MARKET GROWTH,GJGUJ/25/A4840,05-12-2025,Gujarati,Fortnightly,SONI SATISHKUMAR GOPALCHANDRA,SONI SATISHKUMAR GOPALCHANDRA,Gujarat,Mahisagar,View  registration details for MAHISAGAR MARKET GROWTH (GJGUJ/25/A4840)
38463,MAHISAGAR PROGRESS,GUJGUJ/2015/61896,11-05-2015,Gujarati,Weekly,DINESH KUMAR KARUNASHANKAR RAVAL,DINESH KUMAR KARUNASHANKAR RAVAL,Gujarat,Mahisagar,View  registration details for MAHISAGAR PROGRESS (GUJGUJ/2015/61896)
38464,Mahisagni Potrika,WBMUL/25/A0957,04-06-2025,"Bengali, English, Hindi",Weekly,Tanusree Sharma,Tanusree Sharma,West Bengal,North 24 Parganas,View  registration details for Mahisagni Potrika (WBMUL/25/A0957)
38465,MAHISHA MITRA,KARKAN/2022/86711,01-04-2024,Kannada,Monthly,GURU MURTHY B. M.,GURU MURTHY B M,Karnataka,Mysore,View  registration details for MAHISHA MITRA (KARKAN/2022/86711)
38466,MAHISHYA SAMAJ,2750,04-03-1957,Bengali,Monthly,DHIRENDRA NATH,BANGIYA MAHISHYA SAMITY,West Bengal,Kolkata,View  registration details for MAHISHYA SAMAJ (2750)
38467,MAHITHA,APTEL/2011/38696,29-08-2011,Telugu,Daily,BADE PRABHAKAR,BADE PRABHAKAR,Andhra Pradesh,Krishna,View  registration details for MAHITHA (APTEL/2011/38696)
38468,MAHITHI KANAJA,KARKAN/2019/78173,21-11-2019,Kannada,Monthly,NAGESH M.V.,NAGESH M.V.,Karnataka,Bengaluru,View  registration details for MAHITHI KANAJA (KARKAN/2019/78173)
38469,MAHITHI MANVANTARA,KARKAN/2023/87508,14-06-2024,KANNADA,Monthly,K C VEDAMURTHY,K C VEDAMURTHY,Karnataka,Bengaluru,View  registration details for MAHITHI MANVANTARA (KARKAN/2023/87508)
38470,MAHITHI MITHRA,KARKAN/2016/70030,19-01-2017,Kannada,Monthly,H. BASAVARAJ,H.BASAVARAJ,Karnataka,Bengaluru,View  registration details for MAHITHI MITHRA (KARKAN/2016/70030)
38471,MAHITI,MAHMAR/2007/22442,04-01-2008,Marathi,Weekly,SHREE VINAYAK KISHAN KAMTHEKAR,KAMTHEKAR VINAYAK KISHAN,Maharashtra,Nanded,View  registration details for MAHITI (MAHMAR/2007/22442)
38472,MAHITI ADHIKAR MITRA,MAHMAR/2017/71987,01-06-2017,Marathi,Quarterly,RAKESH MANOHAR KHANVILKAR,RAKESH MANOHAR KHANVILKAR,Maharashtra,Mumbai,View  registration details for MAHITI ADHIKAR MITRA (MAHMAR/2017/71987)
38473,MAHITI DARSHAN,GUJGUJ/2015/71220,24-04-2017,Gujarati,Weekly,RESHMABEN DHARMESHBHAI PATEL,RESHMABEN DHARMESHBHAI PATEL,Gujarat,Bharuch,View  registration details for MAHITI DARSHAN (GUJGUJ/2015/71220)
38474,MAHITI SEVA PRABODHAN,MAHMAR/2017/71836,17-05-2017,Marathi,Quarterly,CHANDRAKANT GOVIND WARAGHADE,CHANDRAKANT GOVIND WARAGHADE,Maharashtra,Pune,View  registration details for MAHITI SEVA PRABODHAN (MAHMAR/2017/71836)
38475,MahitiAdhikar JanVachak,MHMAR/26/A0705,23-01-2026,Marathi,Weekly,AJAY PADMAKAR TUMME,AJAY PADMAKAR TUMME,Maharashtra,Chandrapur,View  registration details for MahitiAdhikar JanVachak (MHMAR/26/A0705)
38476,MAHITIGAR,GUJGUJ/2018/77232,25-04-2019,Gujarati,Weekly,BAGADA MAHENDRA HIRABHAI,PURVA NEWS PAPER,Gujarat,Rajkot,View  registration details for MAHITIGAR (GUJGUJ/2018/77232)
38477,MAHITIGAR,MAHMAR/2017/72714,27-07-2017,Marathi,Daily,SAYED ZAKIR SAYED ZAMIRODDIN MADARI,SAYEED ZAKIR SAYEED JAMIRODDIN MADARI,Maharashtra,Akola,View  registration details for MAHITIGAR (MAHMAR/2017/72714)
38478,MAHITIGARA,KARKAN/2023/87914,22-07-2024,KANNADA,Fortnightly,SRINIVASA .R,SRINIVASA .R,Karnataka,Davanagere,View  registration details for MAHITIGARA (KARKAN/2023/87914)
38479,MAHITIJYOTHI,KARKAN/2016/70528,01-03-2017,Kannada,Monthly,SAMPATHKUMAR V.A,SAMPATH KUMAR V A,Karnataka,Chikkaballapura,View  registration details for MAHITIJYOTHI (KARKAN/2016/70528)
38480,MAHITIPRAWAH,MAHMAR/2012/73274,,Marathi,Monthly,PURI DEEPAK SADASHIV,PURI DEEPAK SADASHIV,Maharashtra,Ahilyanagar,View  registration details for MAHITIPRAWAH (MAHMAR/2012/73274)
38481,MAHIYA,MPHIN/2016/70889,26-04-2017,Hindi,Monthly,RAJESH MISHRA,RAJESH MISHRA,Madhya Pradesh,Bhopal,View  registration details for MAHIYA (MPHIN/2016/70889)
38482,MAHJA CHETNA,PUNBIL/2016/69532,07-12-2016,"Hindi, Punjabi",Fortnightly,SUMIT ARORA,SUMIT ARORA,Punjab,Amritsar,View  registration details for MAHJA CHETNA (PUNBIL/2016/69532)
38483,MAHKA DESH,RAJHIN/2014/55112,28-03-2014,Hindi,Fortnightly,MANAK CHAND,MANAK CHAND,Rajasthan,Pali,View  registration details for MAHKA DESH (RAJHIN/2014/55112)
38484,MAHKA JAGAT,RAJHIN/2011/36748,15-04-2011,Hindi,Fortnightly,JAY PRAKASH MALI,JAY PRAKASH MALI,Rajasthan,Udaipur,View  registration details for MAHKA JAGAT (RAJHIN/2011/36748)
38485,MAHNAMA AHSAS,RAJHIN/2014/56188,14-07-2014,Hindi,Monthly,MANNAN KHAN,MANNAN KHAN,Rajasthan,Jaipur,View  registration details for MAHNAMA AHSAS (RAJHIN/2014/56188)
38486,MAHNAMA BEBAAK,MAHURD/2006/18722,02-03-2007,Urdu,Monthly,HAROON B.A.,HAROON B.A.,Maharashtra,Nashik,View  registration details for MAHNAMA BEBAAK (MAHURD/2006/18722)
38487,MAHNAMA INSHA,44083,04-05-1987,Urdu,Monthly,FEROZE SULTAN EJAZ,FEROZE SULTAN EJAZ,West Bengal,Kolkata,View  registration details for MAHNAMA INSHA (44083)
38488,MAHNAMA ISLAH,UPURD/2001/07094,04-07-2002,Urdu,Monthly,SYED MOHAMMAD MEHDI BAQRI,ISLAH,Uttar Pradesh,Lucknow,View  registration details for MAHNAMA ISLAH (UPURD/2001/07094)
38489,MAHNAMA KHAWATEEN DUNIYA,DELURD/2017/74026,04-12-2017,Urdu,Monthly,MD SHAMS EQUBAL,NATIONAL COUNCIL FOR PROMOTION OF URDU LANGUAGE,Delhi,New Delhi,View  registration details for MAHNAMA KHAWATEEN DUNIYA (DELURD/2017/74026)
38490,MAHNAMA NIDA E TYYEB,KARURD/2012/50918,16-07-2013,Urdu,Monthly,MUFTI MOHAMMED SAJJAD HUSSAIN QASMI,MUFTI MOHAMMED SAJJAD HUSSAIN QASMI,Karnataka,Bengaluru,View  registration details for MAHNAMA NIDA E TYYEB (KARURD/2012/50918)
38491,MAHNAMA SADA E HAQ GANGOH,UPURD/2016/69490,05-12-2016,Urdu,Monthly,MUFTI KHALID SAIFULLAH,MUFTI KHALID SAIFULLAH,Uttar Pradesh,Saharanpur,View  registration details for MAHNAMA SADA E HAQ GANGOH (UPURD/2016/69490)
38492,MAHNAMA SUFI E MILLAT,GUJMUL/2018/77000,11-03-2019,English,Monthly,MO. RAFIQ MO. SHAFI CHORIWALA,ASHRAF E SIMNA ACADEMY,Gujarat,Sabar Kantha,View  registration details for MAHNAMA SUFI E MILLAT (GUJMUL/2018/77000)
38493,MAHNAMA SUNNI DUNIYA,UPMUL/2017/71926,23-05-2017,"English, Urdu, Hindi",Monthly,ASJAD RAZA KHAN,ASJAD RAZA KHAN,Uttar Pradesh,Bareilly,View  registration details for MAHNAMA SUNNI DUNIYA (UPMUL/2017/71926)
38494,MAHNAMA ZAHOORA,MAHURD/2013/49591,13-05-2013,Urdu,Monthly,HYDER HUSSAIN AEJAZ,HYDER HUSSAIN AEJAZ,Maharashtra,Mumbai,View  registration details for MAHNAMA ZAHOORA (MAHURD/2013/49591)
38495,MAHODHAYAM,KERMAL/2019/83818,17-04-2023,Malayalam,Daily,HEMALATHADEVI. R.K.,R.K.HEMALATHADEVI,Kerala,Thiruvananthapuram,View  registration details for MAHODHAYAM (KERMAL/2019/83818)
38496,Mahoro Rajasthan,RJMRW/26/A5101,15-06-2026,MARWARI,Fortnightly,meenu kanwar,meenu kanwar,Rajasthan,Hanumangarh,View  registration details for Mahoro Rajasthan (RJMRW/26/A5101)
38497,MAHOTSAV,MAHENG/2000/00387,02-04-2012,English,Quarterly,D P SOMAIYA,JOHNSON & JOHNSON LTD,Maharashtra,Mumbai,View  registration details for MAHOTSAV (MAHENG/2000/00387)
38498,MAHRAJGANJ SANDESH,57494,03-11-1993,Hindi,Weekly,BABULAL,SONCHIRAI DEVI,Uttar Pradesh,Mahrajganj,View  registration details for MAHRAJGANJ SANDESH (57494)
38499,Mahrashtra Nirikshan,MHMAR/25/A2399,03-09-2025,Marathi,Daily,Saiyyad Sanil Akaram Ali,Saiyyad Sanil Akaram Ali,Maharashtra,Dhule,View  registration details for Mahrashtra Nirikshan (MHMAR/25/A2399)
38500,Mahrashtra Nirikshan,MHMAR/26/A1365,25-02-2026,Marathi,Weekly,Saiyyad Sanil Akaram Ali,Saiyyad Sanil Akaram Ali,Maharashtra,Dhule,View  registration details for Mahrashtra Nirikshan (MHMAR/26/A1365)
